num_atoms,volume,density,a,b,c,bulk_modulus
1,46.20598738602439,8.157868492143749,4.0278299,4.02782923,4.02782982,23.574
4,184.54540055274566,8.170181809263882,4.04604073,4.0460408,13.01703648,24.648
4,110.15736887970192,11.367264383936146,5.38075045,5.38075045,5.38075045,67.493
4,135.91761188106213,8.37029264782171,5.77116615,5.771166149999999,5.77116615,42.615
4,113.97907921296381,8.598305212647762,5.44226954,5.44226954,5.44226954,54.864
4,104.09551473414989,11.322189953946346,5.28018337,5.2801833700000005,5.28018337,68.935
4,114.83417837358088,9.154250745371659,5.45114982,5.45808275,5.45532695,56.205
4,124.868213120418,9.670946647776045,5.61032978,5.61032976,5.61032987,47.445
4,109.29400728225866,12.81075965107542,5.36665557,5.36665777,5.3666563,75.286
4,104.78546478242384,11.927065894203809,5.29182346,5.29182346,5.29182346,77.317
4,138.10861759252003,7.178167079741778,5.80201159,5.802011590000001,5.80201159,38.111
4,100.33145464384104,11.66664296299903,5.21573478,5.21573486,5.21573486,71.229
5,91.51122376685493,9.10912988937034,4.09548748,4.09548852,6.29988201,101.296
4,117.74691816805905,9.576407671205946,5.49964703,5.5029879799999994,5.50215672,56.494
4,123.04899745718672,9.212666194528888,5.58295798,5.58295798,5.58295798,49.655
4,134.6881234799131,9.533838833142115,5.753711740000001,5.753711740000001,5.75371174,45.028
4,117.91635136067208,8.337439921355225,5.504227089999999,5.50422709,5.50422709,47.092
8,350.67157130290013,7.815555605047961,7.99413076,7.994126720000001,6.33618363,26.403
8,353.3404699864622,7.725182252242523,8.010204399999997,8.010201,6.35880548,25.621
2,61.529374998134905,9.037337516523966,3.94785174,3.94785174,3.94785174,43.963
4,100.8440751206717,9.245002060744525,5.22462505,5.22462505,5.22462505,60.159
4,97.53764174991905,12.40754926526788,5.16688842,5.166888420000001,5.16688842,66.953
4,107.77042106409583,11.34111549941262,5.341602,5.341601999999999,5.341602,52.065
8,196.3033251946236,5.209836003465357,6.98068341,6.98069108,4.6515836,58.815
8,194.6484075115201,13.954950213002274,6.922866639999999,6.92286739,4.68973519,74.927
8,272.9289467717325,5.679086217131568,8.1682635,8.16826457,4.72345121,24.348
4,100.77617120682481,9.147439674180925,5.22345211,5.22345211,5.22345211,52.821
4,82.22354240107727,11.010987921420886,4.8809429,4.8809429,4.8809429,93.343
8,234.33710795586603,4.724438637182092,7.69563581,7.695635229999999,4.56900298,27.477
6,129.21320315269972,7.156870625490386,4.25922539,4.25922539,7.12271631,62.71
5,59.92938665681022,9.380470951180392,3.91333125,3.91333125,3.91333125,163.571
4,135.82559624633654,8.909680608620562,5.140364,5.140364,5.140364,37.45
4,53.62721721621402,8.79376490906826,4.39903509,4.39903509,4.39903509,114.006
8,187.85316041036705,7.711083098837198,6.86337082,6.86337059,4.60482279,58.767
3,51.77437558894413,7.3451357320531585,4.18353403,4.18353375,4.18353428,55.135
4,49.06571600015132,7.784733843301983,4.10926718,4.10926718,4.10926718,69.171
8,223.9311867964455,12.291320238478482,7.12952669,7.12952595,5.08715551,46.985
4,100.82643247794357,13.529897201997876,5.22432035,5.22432035,5.22432035,61.312
8,465.63641604952096,4.334419840153894,11.0362211,11.03621873,4.41444,2.551
4,100.92907640421137,12.10497067027923,5.2260925799999995,5.2260925799999995,5.22609258,66.843
4,157.34157794546013,6.7936032043637375,6.57927284,6.579272839999999,6.57927284,25.05
2,70.38999451649856,5.928424537909717,4.124681739999999,4.1345363,5.83167916,30.934
4,114.10199560545334,4.364696447354155,5.44220778,5.442207780000001,5.44220778,34.101
4,110.98051383424432,7.124020766821459,5.39411966,5.39411966,5.39411966,43.051
4,109.3862687671457,9.905053409315025,5.36816598,5.36816598,5.36816598,48.779
4,118.79228370127869,9.226817146143778,5.51782272,5.517822720000001,5.51782272,39.982
4,99.88023489335038,8.013618342984604,4.28027796,4.28027824,6.29513537,77.703
3,52.59363335392732,8.27205805039378,4.20548482,4.20548417,4.20548509,106.534
4,104.49738311761591,13.159635092187283,5.28696949,5.28696949,5.28696949,65.405
4,100.92471724241112,12.169529539107424,5.22601734,5.226017340000001,5.22601734,70.36
5,63.7995700747627,8.403352529905955,3.99582001,3.99582001,3.99582001,179.412
4,103.89224333781773,13.19126573352206,5.27674419,5.27674419,5.27674419,59.76
4,114.30932309768878,12.094410582918721,5.44752063,5.44752063,5.44752063,44.138
4,135.23314927827244,8.430613350370281,5.76146224,5.76146224,5.76146224,41.684
4,117.86749596658304,8.80317135079941,5.50346681,5.50346681,5.50346681,36.361
4,114.94744016388428,11.574482310377737,5.45763852,5.45763852,5.45763852,42.483
4,121.63409772732311,6.1249342675364415,5.56147657,5.56147657,5.56147657,27.943
1,17.28523117255594,10.362566667807556,2.90221865,2.9022182599999997,2.90221738,87.692
4,69.45695027579924,10.315417517344496,2.91113179,2.91113116,9.46370874,88.449
2,34.77213080785689,10.302466730258798,2.92229865,2.92229963,4.70166181,90.122
15,315.77405046371274,6.916088848578569,6.81396171,6.81396171,6.81396169,47.099
24,366.5717609472597,8.565435852844688,6.06333258,6.2857069,9.61819304,99.447
12,150.0414213831204,6.103459158146551,3.16808669,4.9152004,9.65844039,47.972
3,44.4813360828449,8.762918245595957,2.99510106,2.99510147,5.72564215,78.406
12,130.65979638469895,5.6130157512833625,5.430180760000001,5.430180760000002,5.43018072,86.697
7,266.73707428966145,5.751902237553431,7.8977488000000005,7.8977488,7.8977488,10.806
7,267.8769872409628,5.727425824246198,6.47862847,6.47862847,6.38218304,12.21
20,325.1760355986749,9.157642983263019,6.22383338,6.22383338,8.39465045,39.693
10,214.46955825441268,7.439905500866018,7.980147,4.198112,6.82305343,52.636
6,107.44222318884995,7.163037735938534,4.75399071,4.75399071,4.75399071,68.793
5,71.74228465641491,8.1972374991628,5.80390462,5.803904620000001,5.80390462,84.084
6,127.2311444799233,6.468288998186341,4.23634542,4.23634542,7.577337,27.991
6,123.28056703624972,6.675568030313791,4.23153932,4.23153932,7.43416843,28.202
6,136.1046679583015,6.046580359156221,4.022096460000001,5.82543372,9.63205741,9.903
14,190.79392961545182,5.427367864310244,5.53940732,6.1732669,6.82981243,48.044
12,241.2785764902418,8.112695172335238,4.44923146,7.07636613,7.66343481,56.451
12,245.03816674335485,7.98822309477381,6.98786558,7.17293,4.88869115,25.252
24,379.0799391961296,6.004620273123877,10.197549,5.006535,7.43944868,31.512
12,276.53771436979576,8.246593160453417,4.50535051,8.35313798,7.95701872,52.909
6,143.33138819194525,7.955319671066769,4.514918959999999,4.51491905,9.11108626,52.857
14,303.3106594642524,5.416914013335597,6.89275673,6.892756679999999,6.89275576,22.91
6,152.227334009939,6.378086702249568,5.36190516,5.36190516,5.36190516,42.873
4,72.13806058074525,9.121116285238786,4.162825,4.162825,4.162825,83.095
28,555.1297730953123,5.220634138964676,8.96751863,8.96751886,8.96751506,64.884
4,73.67147336901013,11.815232860308779,4.19211433,4.19211433,4.19211433,79.37
14,286.19742254703135,3.8544115191592168,6.62176109,7.535915400000001,7.5359147,52.412
16,217.53096805692127,6.390462419400409,6.01414227,6.01414227,6.01414227,76.581
4,66.56072681867046,10.728137792756133,4.94386583,4.94386583,4.94386583,105.215
4,66.73214578132846,12.906863323798722,4.05612842,4.05612842,4.05612842,121.006
4,81.0798581231454,9.121196500994053,3.259365,4.813736,5.167705,75.098
24,572.3472030324275,9.002915208398452,9.05928283,9.05928283,9.05928283,41.009
13,198.65882297931952,8.774490549498331,5.95550495,5.95550435,6.46755388,89.855
12,266.60803791976207,4.792626951734598,6.333508,6.452525960000001,7.487536,40.593
8,143.54729651455168,3.433120377953504,5.87719323,5.87719386,5.87719335,25.367
12,292.6342914355552,4.876732494948396,3.968971,6.083206,12.120339,46.738
4,87.76195082137448,6.446551481238581,3.92537372,3.92537372,6.95631192,61.135
4,70.0176441434365,16.571985874073818,4.12163154,4.12163154,4.12163154,121.457
8,140.6120642250528,16.50400932630959,5.77821787,5.77821787,4.8629987,121.49
8,117.87814173834778,9.489890030499222,4.06996494,5.34289136,5.42083601,91.988
8,115.716180501,9.667192584937192,3.87882231,5.47932747,5.6115855,63.604
20,273.4886771587317,8.569172748420428,7.285926450000001,7.285926450000001,7.28592645,123.896
12,505.9848603466769,5.4114615212673955,8.985457630000003,8.98545763,8.98545763,8.64
8,151.67376614443984,7.638430184947289,3.68483996,3.68483996,12.8986,88.77
4,90.46991538397124,6.992709643171938,4.04974481,4.04974481,6.785261,61.742
10,251.043132241234,5.553841218237184,4.070542,7.37172987,8.704502,36.771
12,297.7371888803807,7.943634572097634,4.17172187,4.17172126,19.75476391,55.442
8,204.2004211964605,7.7215492933578425,7.244695749999999,7.24469575,7.24469575,53.367
4,120.00100244788388,7.915842620010881,4.43763344,4.43763344,7.48834529,47.47
2,48.38393785460103,6.444350914430775,4.090144340000001,4.0901453,4.09014583,38.284
2,60.73660190827747,5.1336931003801505,4.41219972,4.41219972,4.41219972,27.578
10,113.34598200078489,4.918859555604878,6.03125139,6.03125181,6.03125252,64.424
2,42.630581346929766,5.58262272024205,3.92113791,3.92113727,3.92113719,40.56
20,291.05972332883755,4.366022680278644,6.6271587,6.6271587,6.6271587,33.661
6,81.38981900218349,4.22977924440864,4.83708932,4.83708848,4.83708905,26.665
2,29.80606164001214,7.067923085550099,3.48021801,3.48021778,3.48021917,58.752
12,166.0112526498712,5.836099373969845,5.150297139999999,5.61804978,5.73745983,30.338
11,196.7206004602908,3.6972598176060067,6.4800898,6.4800898,6.4800898,8.86
4,67.48428229918662,12.82722432788035,4.56989113,4.5698904,4.56989113,117.832
4,141.95081189311327,5.4927363309934805,4.65855721,4.658555580000001,7.55273917,25.5
2,58.69273107551127,6.6422056650950685,4.36214173,4.36214173,4.36214173,34.265
2,70.71047373482818,5.513316065617639,4.64158448,4.64158375,4.64158458,25.685
4,132.86355251753565,5.86841437644397,4.47138773,4.47138773,6.6454011,5.005
8,129.5210647961589,3.9455094185861395,4.62195413,4.62195413,7.56114136,19.738
10,125.10450390817726,4.509524605374598,6.20176848,6.20168496,6.20168693,32.285
4,61.1210263474016,6.730482174964301,3.3093958,3.3093958,5.58085064,102.564
12,226.41691983270917,4.981706215724232,5.07451564,6.210740930000001,7.82116781,63.049
8,132.97168400865837,3.1573492507121808,5.72916574,5.72916679,5.72916544,25.022
7,111.791882679452,16.55107219383598,3.963015,3.963015,7.118014,200.192
4,64.32907440460727,17.891648250968963,4.006844,4.006844,4.006844,200.369
8,113.54116579194519,9.797313913316902,3.1392,6.337389999999999,6.44602046,123.077
4,53.33620436915968,7.558341015778811,6.58407022,6.58407022,6.584071,141.419
10,137.63698529480865,6.698918648590881,6.36589347,6.36589297,6.36589376,86.643
8,193.857813831948,6.639287986064823,7.148586089999999,7.14858609,7.14858609,58.043
4,114.63115663917426,7.023188035590588,4.348972,4.348972,6.060793,52.694
4,115.3826971330389,6.977442786641466,4.37451819,4.37451819,7.40619539,48.782
1,16.471717645686933,2.7200502065796877,2.85595425,2.85595429,2.855955,76.871
5,60.10289424524836,5.5538054984619905,3.88939747,3.8893972100000003,4.58775416,187.321
5,46.47548394229813,5.452147330205377,2.90835497,2.90931293,5.68193713,227.31
5,45.191125248320766,5.889954761651495,2.86232583,2.89002629,5.65089181,224.5
51,698.7024919014683,4.442280826957855,8.53701348,8.537013480000002,12.25216289,122.342
13,213.22146768473965,3.2687088859230413,6.51854871,6.51854949,6.51854829,91.875
13,209.06401632660857,4.0506769223350085,6.47590448,6.47590395,6.47590357,98.031
13,208.32658648253735,3.3619310352946457,6.46828115,6.46828012,6.46828106,96.935
13,213.5582298881041,3.9470278934714216,6.5219787,6.5219795000000005,6.52197893,92.968
21,324.7219931584865,3.4317515052513192,7.71511198,7.71511198,7.71511198,112.279
17,258.93406528362755,7.129181991191166,4.20733385,7.796565009999999,9.03292407,147.4
58,895.4392687125182,7.889845424203616,10.599610649999999,10.599742559999997,10.59967411,132.661
73,622.4402196157666,3.0976373466788516,6.082102519999999,10.225579349999999,10.19735696,184.943
3,54.12616995393652,7.698281282787652,4.24594268,4.24594252,4.24594329,104.282
7,79.70584413074305,7.891567195165762,9.04175511,9.041755110000002,2.942621,230.449
7,158.9138407679644,3.078721109888497,5.58984342,5.58958624,6.44124407,38.504
7,182.2174151356051,4.394395092137062,5.80480399,5.8048044700000005,6.78906361,31.918
14,318.82400589504107,5.023055353224637,7.66811523,7.668115610000001,7.66811605,63.038
7,231.6403313756519,4.851529046556204,6.24518716,6.245188,7.40098005,25.418
4,50.206572052204145,10.091358326700968,4.14087319,4.14087319,4.14087319,199.848
4,50.082651882738624,10.05044658942397,4.1374652,4.137463059999999,4.13746377,203.003
4,49.28951189624988,7.208416978588575,4.11550299,4.11550087,4.11550016,185.345
6,86.07526105407614,4.533902337414891,4.78547458,4.869492700000001,4.86949425,107.587
3,47.01192126628226,4.150615596799397,4.060675,4.04639121,4.060675,96.231
14,131.00854753644543,4.601210141294092,5.70083425,5.70083142,5.7008306,188.445
18,224.69747856761674,4.934229742992425,6.37445554,6.374455539999999,10.080088,173.637
4,45.29525598966276,6.186110860954433,4.00119059,4.00119059,4.00119059,179.509
4,50.14909583429637,10.00066765194184,4.13946889,4.13845332,4.13997028,203.229
4,47.38762652386171,5.904564262581068,4.06187591,4.06187591,4.06187591,163.496
7,159.27341267341353,3.9910997078183232,5.5758336,5.57583351,6.46451977,37.528
7,183.20425677443566,5.169967150371738,5.813718979999999,5.81371942,6.80293156,31.433
7,230.80986908270881,5.503380230790732,6.22638849,6.2263892,7.40470651,25.112
4,53.66097432282749,13.50471161595578,4.23374325,4.233743250000001,4.23374325,233.311
4,53.31820488484353,10.871900893682717,4.22470441,4.22470938,4.22471293,211.649
4,53.15052798631719,10.848854032541855,4.22027606,4.22027606,4.22027606,218.535
24,321.9261233732472,7.2996671810971065,6.85359978,6.85359978,6.85359978,225.38
4,49.903495505746,7.11174962508138,4.13251031,4.13251033,4.13251035,180.486
10,87.42001922579891,3.8734991322814976,5.17795476,5.17795423,5.17795603,231.003
20,171.3207612152271,3.9530686907205626,4.846933,4.985404,7.089941,231.614
40,358.10162617765377,3.7824052599769464,4.8328134,8.30333332,8.92388149,201.586
10,93.37905807237678,3.626309534550063,2.9074770800000005,5.61515557,6.07296595,186.365
40,366.5495260978402,3.6952318255053846,16.66478317,5.598702059999999,5.59869353,197.042
25,242.11840654923031,3.4964438829882143,5.557233939999999,5.56572822,10.02479923,166.16
10,131.0740449781785,2.5834357112541873,5.56390663,5.563906629999999,4.92453293,92.512
10,88.95641738635224,3.8065985407716685,4.79760029,5.25243661,4.79759977,187.289
10,109.42168161879393,3.0946459934226,7.73261236,3.2695464999999997,10.51894167,128.947
20,190.1356428720616,3.5618925888926083,5.31266725,12.01665701,3.156952,182.223
20,178.39592058604515,3.79629049254899,4.793048800000001,4.79305372,8.96664666,189.101
80,757.8542661450691,3.574527544327049,5.658037,5.656882,24.266056,196.991
40,349.5628666885345,3.8747979363252036,7.68627162,7.68627162,7.68627162,212.727
40,335.2503725192363,4.040220639524978,4.7776489,5.03439861,13.93822398,228.207
3,41.330407932391104,9.81098821269095,3.15532682,3.15532682,4.71300952,190.012
3,51.3205035548686,5.189395022195711,4.17127334,4.17127288,4.17127305,109.96
4,54.11298477834897,8.023084499187796,4.2455976,4.2455976,4.2455976,180.532
3,51.30145281075446,8.061222032375682,4.17075746,4.170756719999999,4.17075667,129.675
6,82.43763620684362,6.24565413349683,4.63173266,4.63173115,4.98193129,166.651
3,41.11896168363046,6.2608215559095,3.12084324,3.12084324,4.76376577,168.314
4,54.211096622968135,10.724429528333124,4.24816184,4.24816182,4.2481618,201.068
4,52.69828112458918,8.127724010762533,4.20827213,4.20827213,4.20827213,200.128
30,637.3056611727324,2.3474765930590835,6.54983833,6.549837929999999,17.15362972,32.575
32,340.9735539443443,3.1566437780709897,5.55410567,7.78363494,7.88722262,142.634
32,331.09433074529426,3.250832006462754,5.76742386,7.49185802,7.66267377,176.285
32,292.71348452497534,3.6770839214731534,5.56527499,7.11781131,7.84616848,172.073
7,240.2763280451583,4.782126201482291,4.18908896,7.34896146,8.4471967,5.745
9,139.56112265014835,8.488351760895908,4.87286845,4.87286845,6.786791,158.714
14,250.64764302662192,3.2811219283218116,7.07716929,7.0771684,7.07716894,84.975
7,169.0431675411217,4.275160410021453,5.565882810000001,5.56588367,6.72792856,36.886
7,216.63505549761285,4.827294162079994,6.0326616600000005,6.03266135,7.32329335,28.836
4,58.033916462782535,3.8038661853480207,4.83606781,4.83606781,4.83606781,106.001
4,57.99999361674967,4.1367644661071115,2.77840543,2.77840543,7.51340341,64.012
5,72.39923012237684,4.771500024487534,4.09195191,4.09195136,4.9927787,97.903
4,64.13410331621851,3.9010362587178986,4.00279187,4.00279187,4.00279187,61.751
8,122.23527776813755,7.421679623874527,4.27012569,4.27012564,7.74077817,150.642
16,239.09414916700769,4.91394400490557,3.58254296,8.339723849999999,8.37563272,135.713
16,228.55073726768558,4.058169026526305,4.77057136,6.55890518,7.30433827,112.917
5,67.43506094810814,4.883766098818313,3.994196,3.99419546,4.880862,131.24
8,90.37206592214902,6.879616057786588,3.72527337,4.94345816,4.94345975,172.818
5,68.31902736630272,11.214743837144095,3.1084750100000003,3.1084753,7.40424248,202.423
5,79.47490359712869,6.138300398028752,4.21215347,4.2121536,5.17238445,127.891
16,228.7686352796945,8.899686220380291,4.0435376,5.37832577,10.51932544,157.304
5,79.5399118334319,9.835325264569677,4.2071405,4.20713957,5.18896172,150.267
16,232.66361773621125,15.078719506110005,3.97142287,5.42852235,10.79196962,199.949
4,57.721621545457204,5.147889434720236,4.797226200000001,4.7972262,4.7972262,142.913
4,57.65859761657446,3.798254848138263,3.7414228,3.74142238,4.89542532,122.019
4,62.51271976955088,3.887623155887421,3.96877183,3.96877183,3.96877183,78.655
30,356.7483355293301,6.236129965285317,5.69208539,7.70441449,8.13487548,107.974
7,79.90244020222426,2.991752255872531,8.52522866,8.52522883,8.52522826,159.382
15,242.855548879991,4.18184038750084,9.30282286,9.30282286,5.23831366,111.709
15,237.30856315026196,6.124799188931544,5.19855572,5.23768427,9.2218664,116.786
30,326.8367176260852,2.9438567692528532,8.00762465,8.00762465,7.68933993,159.267
28,376.3307400754132,4.461407966277902,7.6047411,7.604740080000001,7.51398438,124.129
12,181.21066560384477,4.230784230267919,4.86761236,4.86761238,8.83122849,119.966
12,181.47526511262905,4.224615547012897,9.18891273,9.18891371,9.18891285,117.921
28,423.0260464420859,5.34980487368469,7.89879136,7.89878977,7.82916186,131.181
12,180.9395436438281,5.850495548905649,4.86370942,4.86371005,8.83217312,126.403
11,125.53526965437996,2.9885899785826773,13.63915494,13.63915494,13.63915545,158.937
14,204.4861111298878,3.536242106765072,4.87554413,4.87554422,8.68812478,105.11
14,223.7804148694432,5.166023064644458,5.01059526,5.01059587,9.00430593,112.677
14,216.75595733916987,4.02899263268438,4.95374883,4.95374975,8.91300468,111.884
14,222.11290881068098,3.885917527028896,5.00096739,5.00096614,8.97717816,107.586
40,569.9430540930636,4.369063839093106,6.24816694,6.24816694,14.59910446,112.097
11,163.8814842412738,5.103490187239212,3.63041885,4.93141852,10.02545382,142.751
22,322.1323684610415,3.718700106002271,6.14125296,6.228800969999999,8.45573685,107.487
6,98.65315808148121,8.170901522283517,5.00705575,5.00705557,4.58486256,94.159
8,87.8583234442031,6.306938399830959,2.87786429,2.8778651,12.24930776,154.008
8,169.43391458523078,3.900206528045246,5.70249387,5.702493729999999,6.58843265,62.691
4,74.87495258029077,4.412872642750271,3.54026351,3.54026351,6.898183,75.663
8,196.76109461055015,4.94158248209632,5.97520594,5.97520573,6.94428435,52.422
8,245.06077534657737,5.285977152821238,6.351812679999999,6.35181277,7.55426112,42.2
2,45.711095228468565,3.701817732546566,4.01339825,4.01339797,4.01339746,67.291
4,91.25387567069636,3.708645614165582,4.002394,4.0023941,6.577805,67.203
6,97.06438401102363,2.8381641815879384,5.20209602,5.20209642,5.20209608,23.997
7,109.60661120321066,16.321434828234278,3.95054965,3.95054965,7.02298437,197.309
8,137.65589310234202,10.805918256010296,3.50319356,6.269408230000001,6.26984198,92.438
12,197.5750765689593,14.150474388042058,3.23188208,6.84537976,8.9305685,120.192
3,49.16337231672166,14.216788479711315,3.34302895,3.34302895,4.9939748,127.617
20,339.8150231225442,15.927331510348557,6.97826608,6.97826608,6.97826608,127.118
8,88.84398089741136,9.56755506329277,2.89769013,2.89769012,12.21781225,172.084
3,25.283444576108337,3.192131297225481,2.99140227,2.99140199,3.262541,190.335
6,69.3340850319378,6.405741275127789,3.0964982,3.2057214200000006,7.16629193,211.148
10,81.46986365297998,3.4972164383042332,5.3144359,5.3144359,5.31443592,202.44
56,650.1227346639857,6.313764090363582,7.03963411,9.39494297,9.82994569,65.18
28,320.55719040230906,6.40247933808456,5.73781189,6.96473999,8.02147638,74.458
2,67.05333348365414,5.8434681389690875,4.56014295,4.56014295,4.56014295,38.773
10,113.67521379155168,8.296037252692315,5.45999944,5.459999440000001,5.45999921,126.197
16,563.9352310791478,3.141176616515876,7.19501765,7.57701744,10.42129312,0.983
8,184.0227839281438,2.4064104355968556,5.95364891,5.953649509999999,6.29212942,10.009
2,22.411533274498698,6.365685470569169,2.81940321,2.81940321,2.81940321,178.781
5,51.59979334082594,6.9444222668578055,3.722911,3.722911,3.722911,232.832
8,87.09966266623839,5.451944112636065,2.82510133,2.8251008,12.60137368,188.491
8,68.69240483448665,5.468390833466301,2.92092274,2.91841184,8.05827478,248.749
4,46.529833832393074,7.0248950630541005,4.03721768,4.03721768,4.03721768,199.303
4,44.48363212792837,7.117473280138013,3.97714801,3.97714808,3.97714752,223.142
4,52.39653557457607,8.909116160808495,4.20022469,4.20022469,4.20022469,230.931
10,136.37894601479212,5.511280115119772,4.05572184,6.3151756,6.32456864,112.579
2,26.932798830272144,5.581466508764784,2.997509,2.997509,2.997509,107.236
4,48.17553201305139,7.5010224258186735,4.08426499,4.08426454,4.08426374,138.352
8,96.14061027598393,7.5174423163800865,4.1725144,4.51171531,5.10701746,131.586
4,48.12434491235697,7.509000832401054,3.63737667,3.63737667,3.63737667,138.447
4,60.40954960191208,13.316866060929117,4.40426591,4.40426591,4.40426591,134.721
12,294.7232745098301,2.6181093552370815,5.43511276,5.43511276,9.97693899,10.74
8,79.06978596794774,5.146334209112351,2.84277285,2.8427726300000002,11.29784621,178.355
4,39.50664505602137,5.150013926227089,5.88135224,5.881352330000001,5.88135278,156.0
4,54.396737112788344,9.2607328458487,4.25413576,4.2523589,4.25235435,161.409
4,55.01191466606725,14.509833496000828,3.48883356,3.97089364,3.97089364,194.163
8,146.4276624100075,3.507737280257928,5.28681599,5.28681607,6.43588438,82.165
8,172.5678945848965,4.781385847172727,5.58689573,5.586895459999999,6.79504529,63.574
8,218.7127976513027,5.249753020508059,6.03458634,6.0345867,7.36743748,49.905
8,85.43418371894847,3.2644233302607026,8.77423069,6.99452693,5.01761712,39.119
4,46.247118935311995,3.0152509924349626,3.58945264,3.58945264,3.58945264,124.366
2,23.03979004034681,5.969529368447323,2.845506,2.845506,2.845506,170.575
4,50.32605949357815,7.7411510017875536,4.14415485,4.14415485,4.14415485,230.256
4,42.69819169469717,6.485206202469936,3.9232094400000004,3.92320944,3.92320944,214.474
4,49.26950428312255,10.869665076095615,4.11494843,4.11494843,4.11494843,238.376
4,48.13206528737241,6.71075113789322,4.08303656,4.08303648,4.08303539,171.541
5,54.43025908535758,6.300659858216981,3.78948866,3.78990736,3.78993006,232.51
4,45.19279477883369,7.374150026064675,3.9981712900000006,3.9981719800000004,3.99817087,187.706
4,53.30348221211705,8.99179358854815,4.22431007,4.22430975,4.22431184,193.542
8,89.41568612393719,5.4260265377361305,4.47168536,4.47168536,4.47168536,177.124
4,43.641641898083975,4.745444961124575,3.14087705,3.14087705,4.42383794,183.528
4,53.19429147607412,9.419936057764597,4.22143405,4.22143405,4.22143405,214.114
8,65.66805372739232,1.5174827759961773,4.65968132,4.65968078,4.65968104,27.922
8,58.194343045433925,3.423455788985779,2.861546,4.263478,4.769974,157.945
8,63.32043991497248,3.146310430765137,6.14653375,6.14653375,3.70066778,106.355
8,68.22437336408395,2.9201552284245023,3.761468,2.9114569999999995,6.33364064,91.937
16,116.84593209084947,3.410058989990581,4.38599785,9.38706985,2.83801792,144.446
16,725.3856845196163,3.733149990683741,6.312819,9.851904959999999,12.26360959,1.042
10,112.28447673868546,5.613715613983547,3.2838204,3.2838204,12.023484,181.883
2,26.853247635479867,13.554700799561749,2.99455485,2.99455485,2.99455485,229.406
8,121.37371239503442,8.613730988141276,4.95117426,4.95117426,4.95117426,224.498
4,42.52728305356918,3.200889719466926,3.128588,3.12858827,5.016955,194.62
2,20.834546742126193,3.266813163921459,3.0886329300000006,3.08863316,3.08863425,194.648
2,23.386572118200654,6.083259318791009,2.85971129,2.85971129,2.85971129,157.34
6,67.0749546277084,7.148100744635913,3.97400285,3.9740028499999998,4.90425882,170.075
4,43.992906773844105,7.6646890391111215,3.96234744,3.9623464000000004,3.96237885,177.562
2,26.943662689344276,13.386756293091883,2.99791198,2.99791198,2.99791198,236.689
2,40.98345792798881,2.34819231374763,3.86997233,3.86997194,3.86997254,82.769
4,81.97411560347751,2.3479860731359965,3.86348275,3.8634828299999997,6.34144315,82.62
18,232.3836590457207,2.6143088999374253,4.95155234,4.951579,10.94448261,30.491
12,173.45984292045983,2.334921473522575,4.99704215,4.99704153,6.94665346,17.002
12,183.17389564524953,2.2110962405539594,5.06107896,4.98194768,8.2712865,26.709
72,1500.0763523382857,1.6199779887103984,14.09720642,14.09720642,8.715988,58.017
6,92.99269598749952,2.1776716317767493,5.11987235,5.11987145,5.11987332,23.763
12,208.8203455900867,1.9395385582967912,5.2860359400000005,5.28603595,8.62942113,121.145
7,104.80206982291962,16.37334131284474,3.91758778,3.91758778,6.82861122,218.902
12,326.3462355404596,1.8950289490233492,5.65406846,5.65501113,10.20667017,6.855
2,28.387292359827562,7.803437675261432,3.05052548,3.05052548,3.05052548,155.221
8,115.2021736885745,7.691468298095458,4.8657922,4.8657922,4.8657922,149.85
26,372.68846213116615,7.726936462223775,9.19692258,9.196922649999998,9.19692389,149.807
12,172.41121295032158,9.239144661166609,4.07169292,5.41975902,7.81286848,157.601
24,352.1224328557288,10.546067514392966,4.00296752,8.1327944,10.8161284,160.22
8,168.53989669793597,8.009002170492655,4.078309929999999,4.078310369999999,10.53546241,15.439
8,116.13799235875254,12.700357401288317,4.87893207,4.87893207,4.87893207,179.259
12,175.27885895490226,15.807795887249025,4.07676199,5.41251351,7.94356012,203.954
24,351.07281950517887,15.784602348961581,3.92456872,5.46447677,16.37030176,205.051
4,58.86077030293721,17.271906312407015,3.88993174,3.88993174,3.88993174,224.023
16,236.14101209420022,17.220858014157887,5.482425330000001,5.48238079,7.85650693,218.746
3,42.767473563189995,15.507390092092626,2.99427143,2.99427127,5.21891689,244.694
2,26.39232346092043,8.172168034428076,2.97732247,2.97732247,2.97732247,194.408
2,26.530129203021556,8.014834042210397,2.98249544,2.98249544,2.98249544,203.483
2,59.15180867694538,4.175546640771407,4.37348508,4.37348463,4.37348589,49.576
4,118.23050908061613,4.17812860550503,4.36182056,4.3618176,7.1756965,49.329
6,61.01378793120875,5.789865915749713,3.01452656,4.49953692,4.49953692,197.857
4,50.652028138900135,8.432087560744778,4.15160169,4.15160169,4.15160169,230.759
10,304.8783183768864,4.76974111152618,6.88931547,6.88931598,7.41726321,14.548
3,41.78469765394648,8.861367373283404,2.97505352,2.9750535199999995,5.1684306,224.534
12,162.30530231237654,6.289144093766677,5.05795092,5.08707451,7.23565888,45.26
6,83.36409475780006,6.122308629335828,3.63600548,3.63600548,6.30565173,56.864
12,163.72459169972925,6.2346250054907655,5.07733894,5.077338680000001,7.29553225,40.935
8,132.14507568997507,6.618871099733369,5.71726945,5.71726945,5.71726945,96.438
8,212.69838683259965,6.078303583395499,6.38256238,6.59614944,6.59615009,27.221
8,94.6314661726788,4.9439968965896615,2.88759893,2.8875989300000002,13.10482311,174.748
8,109.87161605942043,5.434978798556363,4.78956725,4.78955204,4.78954591,161.804
16,168.7789261725914,5.249446986463857,2.9227202,2.9227202,22.814614,218.608
4,46.79101254244881,6.948257321357974,4.04475724,4.04475742,4.04475763,195.177
4,45.26065320933883,6.956591128184812,4.00017185,4.0001711,4.00017156,220.899
4,47.04938352339858,6.801107752299094,4.05218855,4.05218855,4.05218855,204.053
4,48.60220698449464,6.672940133011361,4.09628655,4.09628655,4.09628655,167.301
4,54.08747819009022,14.072812591677135,4.24492848,4.24493426,4.24492355,270.525
4,53.147718346241916,8.750246140879423,4.22020012,4.2202001,4.22020019,236.108
4,53.95040122658051,14.676179553136523,4.24134134,4.24134134,4.24134134,220.942
4,52.96119283269553,9.349776294155888,4.21525888,4.21525888,4.21525888,184.832
2,45.22928131837321,5.501314205293739,4.29204665,4.29204706,4.29204559,31.388
12,212.1347210488046,10.710256637185033,6.09372031,6.09813098,6.19400718,152.046
20,336.56695114429374,3.9044044346348663,4.6046947,8.03177784,9.2769966,9.944
28,344.2009996226572,4.435299515420276,4.63386665,8.61855183,8.61855183,91.699
6,102.41355313495791,11.027931706431305,3.04327858,5.41927134,6.20976018,166.406
26,399.92245739744595,7.469210971578873,6.21703415,7.50529768,9.42373094,40.636
12,219.0136206185571,7.771846414385131,6.02777512,6.02777512,6.02777512,110.797
9,95.16345637132912,6.1466959115028805,4.84767235,4.84767212,4.6759837,140.541
12,216.90309132645186,10.562598956621368,6.00835033,6.00835033,6.00835033,136.486
12,209.60051722216187,8.00950487204931,6.08838712,6.10348454,6.17889747,134.441
6,101.2371077110571,8.231194685982341,3.00114582,5.43556299,6.20594752,150.88
20,511.4544133915057,3.1952489437920883,4.47179057,10.04218856,11.38975535,5.969
20,561.6818632507509,4.57318652762751,4.490683969999999,10.37672095,12.05402148,7.518
16,309.0873759372518,8.960761568847165,7.37736142,7.37736111,7.37736139,128.27
16,307.131043682962,7.086347616965705,7.3617634,7.36176345,7.36176468,115.538
10,175.04869855300913,11.240046280956301,3.32915433,6.86773138,8.15230188,134.969
16,483.54343255744817,2.49014668357838,4.29798559,9.65158689,11.65659773,0.557
24,233.32193862598345,2.262811423984272,6.720786400000001,6.7207864,6.7207864,29.325
8,340.20575824562513,4.447894939664703,8.37099028,8.37099028,8.3709911,3.438
12,188.4847156509607,10.140649923462243,3.40125164,6.56825071,8.60668133,124.288
12,241.98221651108196,11.09735547156089,5.85288993,6.92763991,6.92764013,87.148
12,181.96253324602182,11.079017910961797,4.77693221,4.77693058,8.51508225,151.799
12,215.26540509882292,6.584801616454821,5.99319047,5.99319047,5.99319047,100.205
12,231.6485615226829,7.463736854848742,6.14152941,6.141529410000001,6.14152941,95.795
8,125.15358872978564,9.437646976317733,3.61329903,5.68311538,6.09470837,157.445
3,46.23710447914906,10.082107335023801,4.0287339,4.02873464,4.02873373,189.638
32,937.1541380477129,4.362593488754957,6.91857494,9.84752116,14.38513039,1.962
1,18.144738021351603,18.025649238404565,2.9495462,2.94954675,2.949546,134.195
2,35.3014173320294,18.530172883391383,2.82261993,2.9196897,4.89316961,120.075
10,132.65363315551318,11.06406564332521,3.91068535,5.619265490000001,6.7292685,80.505
6,146.69522383506134,9.644302424345222,5.27398218,5.27398218,5.27398218,66.577
8,235.61002423568743,7.805345266612342,6.83461695,6.8346174799999995,6.83461761,7.634
8,205.9167226001659,7.497045792739062,6.51894635,6.518945690000001,6.51894459,10.267
8,276.1004553639798,7.791374524786454,4.40940418,4.40940418,14.20061993,2.167
4,99.90537755073385,9.172416124344737,3.69376625,4.76700439,6.35935424,9.015
12,86.74916342169601,2.4833098786431806,5.04245687,5.04245727,5.04245777,210.223
105,811.6343107283075,2.3224365972015577,10.089821120000002,10.08982478,10.08982502,333.205
28,249.2250179421017,1.6479267821044314,6.22547028,6.89885472,6.92950707,14.465
15,111.3381876909035,2.4543745611525214,5.18364104,5.18364066,5.18363916,223.146
4,51.2840712082363,4.1289148185374085,3.308681,3.308681,4.684602,146.701
6,54.77808057906087,7.127533201482607,7.17355866,7.173558210000001,7.17355895,300.149
15,135.3764044713484,2.56190277480353,4.3374166,4.33741787,8.30902354,33.164
10,74.61630727276909,3.0987076769534654,4.1334285,4.53983359,4.53983318,168.858
6,55.15271742749599,12.75688811857013,2.88398479,4.07754086,4.69003008,311.334
6,53.876750875671036,7.562997253270985,2.86717823,4.03963817,4.65162011,283.343
13,140.74762339938076,2.7105481146846424,4.17767092,4.41575115,8.6894077,32.078
12,109.8836238055304,12.419600532368666,3.01515494,3.01515486,13.9567111,320.671
10,96.02833702611503,14.27963826130049,2.93271521,2.93271521,12.89223854,338.097
10,93.729665531172,8.311512236949737,2.90999329,2.90999421,12.78092622,300.208
70,529.3966922135137,2.426415299101041,5.118911,5.11881548,22.36804765,219.382
15,110.64787263660124,2.4876914279082945,5.1755212,5.1755211999999995,5.17552085,226.426
15,108.28781407351886,2.541908954663019,5.04646593,5.19479252,5.19477907,238.023
6,56.763409256976786,9.694701484328462,2.95985061,2.95985061,7.481666,291.541
6,55.56957175294952,12.470245480531338,2.92040378,2.92040378,7.523513,320.077
34,319.0566233056668,0.9259073563940351,7.66997541,7.6699759400000005,7.66998024,14.126
14,102.43459601033499,2.621773526793532,5.1360326,5.136033079999999,5.13603291,228.689
14,122.07265752085847,2.6073925543859198,5.2403551,5.24035533,5.24035492,198.464
54,403.0481761056262,2.533458904338497,9.09966592,9.099665920000001,5.14194516,204.847
27,199.29282063222473,2.5618233195578575,5.30538683,5.12191393,7.3407792,209.358
27,199.15796031561524,2.563558064698979,5.12474424,5.12474424,9.12262817,210.762
2,27.9820453937312,5.0876313642170015,3.40772718,3.40772718,3.40772718,131.927
4,55.859497011955696,5.097157668627797,3.39093401,3.39093401,5.609546,132.161
6,68.7210825748792,3.61799956550877,4.4918697,4.49187062,4.65712384,52.254
8,263.22123395463774,3.1608637564151607,6.57294773,6.57294879,7.03509395,1.53
8,219.99378161765628,1.7688260211236893,6.18245986,6.18245877,6.64595235,0.113
32,417.1930710105343,2.159093580024204,4.57649098,7.1278446,13.48107814,5.472
16,128.78847680853931,0.7959268440093997,4.8326247,4.96383501,5.36879226,8.054
8,343.30170514091617,3.787581416025804,7.21845651,7.21845535,7.6077595,0.806
12,149.44081366012637,13.753953320083163,5.5193262,5.519326069999999,6.08907223,236.227
8,82.49057969133099,8.595609671289907,3.11623693,3.1162349,8.77640623,311.129
4,41.25684878624327,8.593201437400428,3.08341123,3.1464132399999993,4.5342155,308.669
6,73.02688118652006,9.217874814037433,4.58438291,4.584383650000001,4.58438377,293.327
8,84.07224430550366,8.48129044153998,8.90755537,8.90755537,3.076998,316.049
4,42.13260179660843,1.9562409485024133,2.512428,2.51242846,7.707265,102.457
2,11.918569276833644,3.4576935782752076,2.5639706,2.5639705999999998,2.5639706,373.617
4,23.876418361835448,3.45200522341391,2.5539392,2.5539392,4.226855,373.485
4,39.93995666935102,2.0636357115710164,2.50163994,2.50163913,7.36932017,97.905
2,18.289328948861225,2.253268043128605,3.66929968,3.6692990400000003,3.66930074,94.626
4,36.68540612246032,2.246711420512526,2.50222507,2.5022260000000003,6.76565424,102.403
4,37.157776096884234,2.2181499960215056,2.50188883,2.50188814,6.85461568,99.716
40,475.19314829637045,2.4713444424765605,9.69647241,9.69647241,5.05408612,16.052
2,20.726111891487502,16.10704587056952,2.86884067,2.88828697,2.88828697,354.637
2,23.272944341431007,2.981368784653632,3.20470965,3.2047104,3.20471056,162.017
4,46.57095062384486,2.9797643748761162,3.18831404,3.18831723,5.29007353,162.161
6,62.773294826438395,2.7982559365301465,4.3438444,4.34384429,4.527922,59.735
6,76.42365101236882,9.719012854879715,3.15134992,4.71785566,5.14027676,173.199
4,40.45143542065721,9.336167632479688,3.37707063,3.3770699300000007,4.09568486,276.584
8,82.94749232098695,15.586997569669311,3.1311177299999997,3.13111675,8.74530549,341.8
4,41.50444222412403,15.575469659798264,3.0951265,3.16181212,4.52618247,339.625
6,73.85531150827295,17.019739810161052,4.60163894,4.60163883,4.60163906,329.552
2,135.3618184851795,3.369293516731885,4.62615015,4.63030743,7.29467849,8.259
2,129.99818075937742,3.5083083068626304,4.38584603,4.38584603,7.19004518,8.934
5,115.29991723908395,7.177096959423641,4.6435286,4.64352896,6.27491504,55.955
5,121.61906739706596,5.6961951347135695,4.39565241,4.39565314,7.26815684,50.57
5,135.7612708276195,7.222389340283317,4.85420759,4.854207019999999,6.7064976,47.006
5,119.725117084066,4.668091176119649,4.167876119999999,4.167876530000001,7.49583443,43.029
5,116.18682027039864,3.5367073973735335,4.136792940000001,4.136793429999999,7.39270126,38.836
7,254.06025955325873,4.58624969333243,6.7296227,7.00503466,7.00503466,21.215
5,109.79684074125984,7.562025158038039,4.531028,4.531028,6.23432946,63.365
5,110.79546660750005,7.493866828503419,4.37614244,4.37614244,5.78547594,58.202
10,213.8355535526962,7.765654103482774,4.53803235,4.538031619999999,10.85961738,75.501
5,107.7052356655806,7.600508348403987,4.06122261,4.061223010000001,7.13369794,73.313
5,108.09052698844721,7.517020469406179,4.17121002,4.17120934,6.8770737,76.622
5,89.6418378071718,10.065709527597022,3.94479422,3.94479383,6.4003399,100.302
42,577.6236904577333,3.8455300123460137,8.39774696,8.39774625,8.39774744,47.902
5,88.01366963000326,6.881865434375442,3.9151934,3.9151933900000007,6.37432079,83.444
10,135.97289388591133,4.478603724368393,5.83220746,5.83220746,5.83220746,98.183
10,266.4842311100811,9.57284576659752,4.91345421,4.96896073,10.91708396,59.927
5,139.70118797125198,6.085725278565668,4.56045012,4.56045172,7.75628771,44.501
5,129.8405316504799,5.423798240374545,4.43720077,4.43720063,7.61485279,50.707
5,164.93250403200852,6.097870418183448,4.83139873,4.83139931,8.15886638,35.993
5,99.22565518902827,6.778278064839636,4.00193572,4.00193565,6.81126126,76.172
10,165.3564246805595,5.688027426656268,6.22932233,6.0374644,9.07281078,94.162
5,110.8245708413649,5.860978685153397,4.130208,4.130208,7.12294202,54.127
7,127.71751487390588,7.03850055422269,4.2277642,4.2277642,8.60432523,76.143
9,152.09022732656666,7.298174577566851,4.16463839,4.16463839,8.76893221,66.243
5,104.53395492672293,6.580623189459917,4.2331850499999994,4.23318592,6.55657359,58.575
10,166.6428097159511,5.907405647592125,5.73915136,5.7391521,6.4857935,56.503
5,96.29924953238837,5.665344778944571,3.9019297299999995,3.9019295599999997,6.90063732,67.265
5,109.47774121691928,6.405963459175017,4.074036,4.0740359999999995,7.19758226,67.478
5,89.10411299256215,5.795116788752659,3.79396954,3.79397049,6.7466007,83.619
7,148.8550593791211,4.2086792408535585,5.085858,5.97786869,5.97786869,41.504
5,107.95886287367351,7.512464927615917,4.18493724,4.18493707,6.83762309,65.958
14,404.32182150959426,6.004214283348327,8.06829684,8.06846596,8.06843643,49.59
5,135.8389929486348,4.104683998066809,4.49298382,4.49298329,7.77005598,45.089
5,173.13858785476666,5.791868253979341,4.89835743,4.89835655,8.33225148,31.668
5,124.06193134295746,4.433259766608468,4.66698911,4.666989219999999,6.58286163,43.231
5,126.38018272147401,3.257013305557566,4.37427633,4.37427769,7.62668553,51.07
10,305.24431062011354,6.531705970165512,4.97817386,4.97817386,12.31707137,30.681
5,163.63463544522463,4.358063468536836,4.79853976,4.79853909,8.20590387,36.216
5,119.67444039163902,3.3593622128704,4.662166269999999,4.66216557,6.41735876,49.007
5,121.62608863508001,5.420801442467652,4.26367918,4.26367984,7.33839699,7.36
5,112.04693961781945,5.816611386785218,6.80667801,6.80667801,6.80667801,50.054
5,94.56388030107283,5.428676055732689,3.78529142,3.7852913100000003,7.12185011,82.846
15,302.8293616000894,5.316099574373532,6.71685884,6.716859059999999,6.71685956,54.991
28,457.35700515869416,3.330655961907359,6.898551,7.830487,8.466593,30.201
36,541.9692283029106,3.2028384187449754,8.15313956,8.15313956,8.15313956,27.443
5,100.79784431122063,6.664653482378955,4.10403787,4.10403634,6.65101035,64.021
5,92.33349377245496,5.694883607608056,3.90949386,3.90949391,6.64359329,76.493
7,122.96127562663206,5.112949428499791,5.44406562,5.44406583,5.44406623,104.512
7,123.31437211023841,5.098309087449792,5.4457841799999995,5.44578284,5.44578449,93.31
7,139.89976633380635,5.626875386753266,5.68686857,5.68686791,5.6868679,87.709
5,100.79303460515297,9.616446342355427,3.96720318,3.96720354,6.99160286,96.768
36,506.7909363598391,3.8699106084247066,6.9356367,7.53721335,11.81361672,51.839
5,105.39307767308625,6.493142463246649,4.28057233,4.28057233,5.75186133,61.494
5,99.7876504921296,6.740917694108689,3.95005673,3.95005751,6.97875707,81.062
5,100.29178361955304,6.646252323744398,4.036742819999999,4.03674307,6.7843896,88.019
14,206.5229785450421,6.660145075465592,6.82685998,6.826993429999999,6.82683227,65.978
9,142.98032471127834,5.5379444483398075,5.32814826,5.32814695,5.81558169,87.909
5,125.63813115746751,7.846666048974518,4.74596388,4.74596382,6.50963441,63.981
15,180.07127815549958,3.8536331643761006,4.84255204,6.599499780000001,6.5994991,157.981
10,198.34550161902658,5.205425402840188,4.19009245,4.19009389,11.49768502,62.603
20,467.19634427852776,5.942561365880504,4.26304984,10.05250841,10.90195991,51.414
5,114.91573280450123,6.039953968951755,4.10757123,4.10757221,7.40442052,47.429
5,107.19672917496916,5.113323295207438,4.01489741,4.01489769,7.23079724,55.357
10,257.8274680172436,6.51218771091056,4.78214518,4.78214518,11.27414641,43.515
6,235.49045536097697,4.929999735669474,9.72430265,9.72430265,9.72430265,24.595
4,129.11915009878814,7.028815042094171,5.67329307,5.67329307,5.67329307,36.968
4,119.42436624412456,5.124717032399483,4.16782317,4.167823239999999,8.29527367,37.437
12,199.11404926320108,6.158075347440864,3.904834,3.904834,13.058604,73.578
10,151.7437587924741,6.598059789034651,5.98699109,5.98699109,5.98699109,108.746
10,150.88930418942675,6.613556258055695,5.97573254,5.97573254,5.97573254,123.932
3,142.16922204181347,4.52092615743852,4.28819055,4.28819097,8.30473483,14.827
10,154.26394358340676,7.597965790230739,6.01995358,6.01995358,6.01995358,137.231
11,222.74070090014789,4.474477447391471,5.560039999999999,5.560039999999999,8.20800718,45.518
6,161.29466259753477,4.633837675678354,4.34457486,4.34457486,10.18105258,39.984
9,135.2381978816956,5.552276423631221,8.310197500000001,8.310197500000001,8.3101975,57.176
18,251.2934054657274,4.549555564692044,7.88925981,7.88925981,5.855758,30.978
8,152.07335344042525,6.582036480524145,3.933714,3.933714,9.827602,66.455
6,103.68707371256819,6.1849290994972534,3.8333998400000002,4.12784569,7.13220658,77.113
28,483.3258769920756,5.652217710907412,7.65111986,6.03167112,11.88075851,64.347
9,132.48739366644773,5.902451285133924,5.722201999999999,5.722201999999999,5.722202,41.59
9,131.25801532444467,4.8297753250242765,5.7044478,5.7044478,5.7044478,42.322
7,117.32879460117573,7.319037358926329,4.16058973,4.16058973,7.3888499,109.181
7,193.99780290486882,4.976572117673881,4.94717783,4.947177909999999,8.66386342,56.786
3,137.30765123429103,5.747394425407899,4.22818497,4.2281847500000005,8.24185097,16.104
15,207.53304035196845,6.575196065450396,13.87398175,13.873981749999999,3.87946,104.048
10,161.37648231017735,7.221134402367772,6.09325676,6.093256979999999,6.09325676,122.823
20,322.56108643991433,7.10940347309597,6.0915674,6.150367419999999,8.60992854,121.346
32,1059.8532553539958,3.705102903327651,8.268627,8.268627,15.501686,16.114
10,138.31618106936693,6.816914778727024,5.80491675,5.80491675,5.80491675,82.233
10,139.6237495593807,6.705229397928638,5.82315162,5.82315162,5.82315162,84.792
9,128.4941088213687,3.9416238350982673,5.71778424,5.71785353,4.53831009,38.587
10,136.99751478453535,7.044236328703453,5.78641035,5.78641035,5.78641035,121.859
10,152.35665580977863,6.8989121031948155,5.9950408,5.995040799999999,5.9950408,104.102
24,745.5782022423653,5.046547548436676,4.50948462,9.2315384,17.90986086,35.573
16,218.82372099186767,6.7019961022086925,4.21161373,4.21161373,12.33665254,177.267
13,183.4126123839547,6.532421117157853,3.893817,3.958458,11.89947,107.725
10,163.76848189924627,6.162807449438516,6.11789269,6.11789269,6.17854721,124.323
10,162.75654508649566,6.4955064200941965,6.11480625,6.11480625,6.1148061,120.71
7,125.83651077510926,7.203059764207809,4.339554790000001,4.3395549099999995,7.35302762,85.368
9,141.91910095383741,6.639986939228134,4.095562,4.095562,8.460847,103.917
6,106.73201583419623,6.6755148014282915,3.8794807,4.11501516,7.25913813,86.049
15,214.4021404729884,6.178482385372172,13.95458511,13.95458511,3.949708,102.385
7,108.50215037820156,6.729589171300948,4.01430036,4.014318420000001,7.30700426,96.473
10,299.9588137708003,4.105958717655519,9.15348236,9.15348236,9.15348236,33.026
4,143.17073357467828,6.882213934096578,5.87205006,5.872050060000001,5.87205006,31.487
9,145.60206132361543,5.070078892637721,4.186563,4.186563,8.307154,105.611
30,380.09679578091016,4.605818506576387,5.79253309,6.98324848,9.39654482,159.326
28,453.05578895218787,5.376656009458368,5.82781508,7.55940909,10.28390539,71.162
7,116.58253497617895,6.5144132058797775,4.17178727,4.17178703,7.3194399,96.443
10,148.1717661840342,7.468428686541291,5.939640389999999,5.939640389999999,5.93964039,140.02
26,384.01204802386815,4.382018197873762,8.56085271,8.56085271,5.23975282,81.257
28,504.55284964941325,5.088301347303732,7.72761598,6.174415429999999,11.91850771,64.743
10,165.7948514930948,6.69581242319899,6.16635721,6.16635721,6.16635721,113.974
13,178.47526348558395,6.1982851947478474,3.844668,3.926152,11.823664,107.52
10,157.07020721928768,5.840609734171423,6.05623806,6.05623806,6.05623806,133.322
10,152.36560519394996,7.037776698571678,5.99515818,5.99515818,5.99515818,155.406
10,155.1813924540241,6.2204516228262134,6.031864090000001,6.031864090000001,6.03186409,129.55
10,155.96137283651,6.81952275955238,6.041953090000001,6.04195309,6.04195309,137.826
10,155.50834732577647,6.839389331567535,6.025464,6.0414633,6.025464,135.914
9,144.1369096686418,5.230953290809617,4.200414,4.200414,8.69258861,56.113
5,114.33935543374874,5.3455368908527205,4.196749240000001,4.19674811,7.13797758,53.731
10,138.45715048190155,7.462941891262363,5.80688817,5.80688817,5.80688817,124.748
44,649.9507854135959,5.292311103196221,5.61719848,9.67169465,11.96349649,48.085
7,119.77140157486912,5.959897097214929,4.2035429,4.203543469999999,7.40138631,105.829
7,197.65268512843753,4.151400492762317,4.98920028,4.98919879,8.68882097,55.272
7,226.0324947283275,4.490334282577708,4.36180203,5.18140947,10.5582842,33.114
7,222.81871370457839,3.8910218524655584,4.31998049,5.168373709999999,10.53270888,35.047
7,253.7748245920515,4.602361687149186,4.62145477,5.30176287,10.93801416,31.429
13,193.22076664036175,5.172931862299269,7.75507638,7.755076399999999,7.75507667,66.543
5,165.25088001816093,5.033434391054117,5.487585,5.487585,5.487585,38.422
10,350.6311548307042,6.01423645926155,7.72798537,7.727984760000001,6.77933811,24.629
5,176.75777433123696,5.965165275231505,5.61211,5.61211,5.61211,35.813
14,320.61165701722615,5.281276270881223,8.12248516,8.12253729,5.61160968,31.23
14,327.43825478376675,5.311928686886464,8.07993471,8.07993866,5.7913871,37.747
12,189.90438124287348,7.7031565825743105,4.16601568,11.33151617,4.16601568,124.136
12,248.1482258256346,5.8982314394383435,4.326736,4.326736000000001,13.60382163,38.546
12,209.31008289522677,6.0262907727785855,4.248654000000001,4.248654000000001,11.97830853,84.511
11,193.9120519932149,6.316450451990333,11.31682409,11.31682409,11.31682409,87.964
30,437.5552901938179,6.6256328279377,5.91301457,5.9130145700000005,14.450552,201.204
10,413.086644147704,3.480601615140558,8.28906623,8.28906623,6.942235,12.858
15,214.1322117750949,5.940852822537144,5.86239835,5.86239835,7.194502,127.395
14,322.43327209269773,5.242097557055311,8.20261968,8.202453010000001,5.53376274,32.686
8,374.2490681796499,3.780205637758945,7.79559149,7.7955916599999995,7.11102095,12.544
10,441.6159643366955,3.3764387568011607,8.543396250000002,8.54339429,6.98639627,1.319
46,665.3781640168284,5.5727658249532155,12.82901,12.82901,4.0428,160.248
14,332.309468804343,6.438401618902808,8.22784312,8.22517219,5.66980568,48.894
14,331.32510950164294,5.563823695492232,8.228904,8.22901608,5.64984509,44.581
10,339.61884943413276,5.3563367126209815,7.62952326,7.62952438,6.73699565,26.349
5,159.55759664725554,4.746344021628805,5.423827,5.423827,5.423827,39.278
5,166.567112694078,5.450060057598498,5.50211613,5.50211613,5.50211613,36.771
12,566.6372195871329,4.439252375354041,8.27683435,10.13253565,8.27683435,19.59
30,451.3805995162253,6.747220978954696,5.96671632,5.96671632,14.640014,118.047
12,177.7591407683482,5.789035603928286,11.11027027,11.10746179,4.07030335,86.219
12,194.59065787088494,6.028274905326329,4.21105874,11.3701805,4.21105874,119.003
24,649.6699352100565,4.186091432640567,13.3819353,13.3819353,7.09534891,59.427
7,235.50147078301057,5.042582144023067,5.20214294,5.20214396,9.44771867,38.918
14,616.9820440197616,6.331489774517115,9.288910610000002,9.288910860000001,9.28891127,24.169
34,549.9259524067218,6.589547512915897,8.192845,8.192845,8.192845,97.683
54,1126.255619243901,3.5245995161671932,10.404287,10.404287,10.404287,74.091
34,530.0316915916989,6.095671500071591,8.09279769,8.09293171,8.0927715,103.322
25,361.3322753035632,6.0495939256107665,3.909175,7.72064,11.972045,93.404
11,363.80647287289247,4.695538867416775,6.09149382,6.09149359,11.32119369,28.583
11,360.84112974020485,4.326907890206008,6.07784319,6.07784235,11.27941177,29.211
16,732.4057078634892,5.956383399759158,10.28896437,10.28890659,7.98879513,6.865
10,403.3293916451154,5.278870843450721,8.2932538,8.2932538,8.2932538,22.374
18,349.23169787302476,7.781201744099298,6.984698,6.984698,7.15844,45.872
8,204.39579042517238,4.874752563564502,6.46721042,6.46721042,6.46721042,31.441
8,235.41360124930893,5.555595832034596,6.774087219999999,6.77408722,6.77408722,28.003
6,136.9824897231973,8.202753891818602,5.89040617,5.89036958,4.55902457,52.275
6,168.62697870330055,6.304643030495633,4.6320921,4.6320933,9.07490324,44.723
8,146.68889922086657,6.275750504844387,8.97151551,8.97151551,4.33013925,67.271
4,67.85317071985968,6.783639759011137,3.70224497,4.28107166,4.28107166,82.961
6,155.1694243746081,4.0941654319792935,6.0317086,6.03170994,6.03170891,42.631
12,183.8687872466097,2.9342784709121945,8.8091538,8.8091538,8.80915397,88.056
56,837.6689258707859,4.0485222618352505,10.480417679999999,10.48040345,8.80613536,84.0
5,118.22684989521576,3.4446696754418813,4.56328809,4.56328852,6.53041103,50.737
12,215.75464729216128,3.785492263733881,7.94126109,7.941258079999999,3.95048738,79.367
12,214.39725010603598,3.853581642247342,7.90680378,7.906799770000001,3.95992366,85.769
3,85.77244414430638,4.587281027072339,4.35261663,4.35261692,5.2277673,43.108
3,83.9772491842121,3.8043377322564758,4.30761419,4.30761465,5.22585497,48.725
3,79.24598876930432,6.677456721229136,4.36911852,4.36911799,4.79356964,58.991
12,311.723169597534,8.679389436698624,6.78041633,6.78041633,6.78041633,68.239
8,271.7972680522398,8.169435046808655,4.97417636,6.46877759,8.44698433,30.79
3,86.2144793227717,10.232367252443895,4.86043044,4.860428989999999,4.21405524,44.664
6,134.35514995038184,13.869139105452021,5.85537691,5.85537839,4.52495127,80.248
8,151.50845953418326,8.029159444189709,6.37250312,6.37250312,3.9325621,71.713
7,78.2054570963525,4.293170686905949,4.27640688,4.27640688,4.27640688,141.127
4,136.7844342595162,9.278082057387842,5.15316296,5.1520658,5.1520658,39.346
10,173.59863827511336,7.543375459619679,6.26162571,6.26162571,6.26162571,109.77
20,334.66604665642006,7.825829485070427,6.17435169,6.217179420000001,8.71828688,106.167
12,419.8424677017977,4.7008515259966055,5.01365732,8.33781658,10.04336814,21.78
4,83.04499908786467,3.5462512336757026,5.71094124,5.71093982,5.71093971,46.455
5,75.08311100178975,4.364283355849215,4.316593130000001,4.3165930900000005,4.31659373,46.663
20,308.7916524320886,4.244725776355712,5.35922589,6.41636356,8.97996254,51.872
10,177.21712282714833,3.6981073433869267,7.626608110000001,7.62660811,7.62660788,52.012
10,158.49142386227922,4.135037261514293,5.31525123,4.57412185,6.91392244,49.604
10,166.95671010843782,3.925376481576098,4.18679167,5.46618774,7.29521311,50.172
10,244.09683518695945,3.141016018917371,4.689795,5.913086,8.9049772,26.639
12,400.1056717595829,3.4113488273362127,5.08204403,8.58932451,9.16594556,31.094
2,76.8726082726064,5.394635557614107,4.2519734,4.2519734,4.2519734,19.668
6,192.04942821844156,6.262581137042542,5.29461595,6.58025732,6.58025822,26.527
8,277.6997580116851,7.985170398487327,4.73091394,4.73091393,12.85050212,30.641
6,185.08450980210057,5.784614439454469,4.70014323,4.700143960000001,9.6742483,34.647
16,275.1675887508609,6.800727740883494,3.69197323,6.19970638,12.02174781,78.484
8,264.14931902976724,6.201599785044602,4.613348,4.613348,12.83283712,33.265
8,148.71280303315623,6.821501252162764,3.6803613,3.68036102,12.677597,103.462
10,172.44455091769288,6.267612683153344,6.209312550000001,6.20931255,6.20931282,109.913
5,89.56619857936725,6.033613526171215,4.474193,4.474193,4.474193,111.403
12,359.8110203386919,3.844007130331192,4.77139779,7.91774573,9.52417321,26.245
3,100.29722567653886,3.4475433353816247,5.21516511,5.2151633,5.21516398,29.053
64,936.5832003514176,3.355951855509383,7.521838,7.521838,16.553827,84.902
8,120.85515624833904,5.385531168550431,6.14816159,6.14816159,3.98691637,77.551
6,152.01373089962942,6.0253465997693,4.33874395,4.33874384,9.32447081,51.12
6,189.61622156070166,7.1784742637308945,4.76483462,4.764834619999999,9.643823,38.096
12,173.5025090555879,5.299610131708803,4.51453826,5.51827938,7.32115128,53.979
4,62.80819887043398,6.156723626917347,4.024772,4.024772,3.877339,98.185
8,133.32989602079445,5.800540366271865,3.99587367,4.02546757,8.52633661,76.627
6,141.20186411655882,5.453052744201678,4.19826611,4.19826672,9.2505968,56.726
6,176.47765844512926,6.071530029841606,4.60011227,4.60011135,9.62991207,43.743
12,380.67896335629206,6.509681584446098,4.439384,7.82052388,11.435058,36.445
11,150.18135825459885,6.8976455873037334,4.22982923,6.25073929,6.25073973,85.459
3,60.32690242573043,4.825907158044196,4.40225552,4.40225633,4.40225758,54.086
12,242.9517963411985,4.718944430070914,6.93044482,6.93044482,5.165124,56.257
3,87.0575094467293,5.279181343953113,4.40253162,4.40253146,5.18645595,35.919
5,112.73660124909084,6.1306434917239185,4.58378159,4.58378102,6.26857683,47.617
4,83.72581912075225,4.683446660863707,4.27714781,4.27714781,5.2846988,48.357
4,133.83119691123784,5.210420510774773,4.3290124,5.0890935100000005,6.58614077,30.305
6,170.44972185812532,5.506374073650666,4.80695604,4.80695589,8.12204237,39.558
5,108.86763402657779,8.394102935264632,4.59964744,4.5996472299999995,6.08849761,74.417
8,110.72360867894325,4.858439475251649,4.8576135,4.8576143,4.85761417,49.629
12,315.13607664320926,8.53730258457996,6.80507174,6.80507174,6.80507174,65.25
12,225.60633192668374,4.1024433000581775,4.1782928,6.84279802,7.89075743,30.008
8,143.91670443254245,7.934364735957492,4.13241419,4.13241419,8.42759229,104.52
5,72.50319454532598,8.332451518246785,4.17004239,4.16909121,4.17037663,159.196
6,195.0569276917838,9.168727539889046,5.17052867,6.6731876,6.67318809,23.258
4,123.25697500189892,10.046292369645201,5.58610165,5.58610165,5.58610165,31.615
12,523.2483013931756,4.965111270495717,5.37241696,8.996316,10.82613439,16.076
9,388.4261207834936,5.016371002434006,9.24779625,9.24779541,5.24446703,21.274
5,152.6419524794722,6.490194418286363,5.02967772,5.02967714,7.00400051,33.333
8,117.3141878129821,6.278066150587443,4.95026358,4.95026424,4.95026392,26.708
10,134.11434086891066,7.150100438554845,5.74552968,5.74552968,5.74552968,141.408
7,162.11994290384732,3.5347309028174085,4.621263329999999,4.621263329999999,9.16271733,36.665
7,158.48002794919,2.6822395336093408,4.58070221,4.58070221,9.11344386,39.487
8,197.90887452675415,3.0087132050486103,4.66207222,6.34743322,6.68787476,27.21
3,81.92486170371912,4.442764830256942,4.53227881,4.53227866,4.60523575,34.083
5,63.45348177862734,5.266935923910216,3.98858164,3.98858164,3.98858164,69.602
5,64.54983172455981,3.7890698566960532,4.01142218,4.01142218,4.01142218,37.474
10,132.5532349590546,6.348477035256439,5.72314975,5.72314975,5.72314975,289.195
3,76.37721099742829,3.8099819109286193,4.415399,4.41539951,4.523694,37.873
6,155.10607239315422,3.7522166323673036,4.52361713,4.52361826,8.75238429,39.363
6,194.04952019181187,4.552960367951374,4.94040769,4.94040751,9.18028967,30.026
10,126.7791318309302,3.6890179787412145,6.36716362,6.36716362,6.36716285,73.809
12,404.62934974645145,3.0522319060765137,6.64472627,6.64472595,10.58211921,21.701
12,125.32209191240904,3.3104957060930857,4.55655132,4.55655132,6.969866,51.372
12,174.1110829677984,4.532584682198944,4.13861537,5.82417437,7.51388152,59.463
6,173.31285875423046,4.489197299615028,4.68256008,4.68043968,7.90789283,33.215
12,163.83301142993847,3.3581894562418664,7.18482003,7.18482003,5.68794733,36.372
12,211.46183475365203,4.561553748752977,5.97544101,5.97544101,6.83851,79.228
6,170.6074488500834,3.693078150235479,4.65136956,4.65136956,7.88562819,35.072
12,562.1940167604085,2.1657126173015957,7.37131842,7.37132089,11.94717232,8.587
14,177.30912577622018,3.7231833505836174,5.38384342,5.38384342,7.063429,82.728
9,338.0284172541417,5.442433354678163,8.69672842,8.69672842,5.16072533,23.376
42,532.2406267983014,4.365260625197048,5.1482784,5.148278399999999,23.18747,74.92
4,126.32982617573823,7.3805794774446145,5.63214247,5.63214247,5.63214247,20.768
24,331.3681688920675,3.742730332946614,5.691537,6.914137,8.92983934,88.541
18,262.92691077308956,5.294185877213285,6.140931,4.010428999999999,10.6762278,90.563
11,147.67866181956387,6.802210312471032,4.2262623,4.2262623,8.26808348,183.851
5,70.62797941745364,6.541520975229358,4.13357283,4.13357283,4.13357283,167.842
10,240.11990491664434,4.514803371943955,6.95265609,6.95265518,5.73582701,47.8
28,483.43652017041876,6.729705205608309,3.61864619,10.66522781,12.52631118,97.689
18,272.4356837768033,6.963317963210504,7.58512763,7.58512763,7.58512763,115.481
8,175.36416046639232,4.926775252665771,4.420913,4.420913,8.972571,56.285
5,128.86268591904428,7.115072176097672,6.48181381,6.48181381,6.48181381,46.496
2,43.45357515699071,5.85922968540588,3.9462100299999996,3.94620947,3.94621046,68.281
4,84.03106115365921,6.059770613423187,3.81866686,3.8186000600000005,6.65419919,67.199
3,50.80647157134279,5.534178965396372,3.83801512,3.8380145199999998,4.38878953,65.16
6,156.2266873130039,7.764879152950541,4.42798811,4.42798738,9.20051251,57.169
12,285.8223164254098,8.444611350124118,6.58716757,6.58716757,6.58716757,79.315
5,90.75101233528245,7.618469726413477,4.49381653,4.49385515,4.49383447,109.369
4,168.62794272197826,6.785358755648692,4.89468292,5.38796719,6.93845608,24.299
8,127.13151002903884,5.988964405347317,5.07302221,5.07302315,5.07302196,45.434
6,131.0430064366297,8.874429852579691,5.70133212,5.701331090000001,5.70133104,73.421
6,116.92003875354223,9.507435159451921,5.5869795,5.586984840000001,4.32517331,99.329
12,209.51956407951354,5.0681833155525995,6.20329719,6.20329739,6.99184901,53.745
8,208.7557475006567,4.897990048587999,5.65901306,6.388423819999999,6.38842362,39.963
4,124.35688027178149,8.877376969129696,5.14513178,5.14513301,5.42432999,49.609
6,129.43530829393612,13.534576734978753,5.67792053,5.677918730000001,5.67791948,103.144
6,116.9659926502909,15.797411071849075,5.59198406,5.59198504,4.31913748,147.734
5,84.09111734321918,8.477842730548273,4.38110308,4.3811021,4.38110112,118.683
6,123.95427954269613,9.193616503330245,5.59688861,5.59590034,5.59583705,93.554
5,68.64174366791524,6.972700759579876,4.094455,4.094455,4.094455,134.066
15,209.2738392827261,6.81743719684907,7.93657385,7.93765484,7.9336013,115.604
2,67.12620114641255,4.190346379783614,4.56179345,4.56179367,4.56179464,41.171
8,203.75848204461352,3.806196439640066,4.21601149,6.95195505,6.95195505,33.079
24,350.43184453130544,4.423713827696838,5.46903188,7.18825422,8.91393949,51.775
6,219.48279454224357,5.7627416682017465,4.43889715,5.22705032,9.64215577,28.581
8,228.6308675881387,7.078010935540172,4.924670909999999,5.01120307,9.58600775,54.789
8,288.0853732583836,5.794105756727354,6.57678055,6.983682360000001,6.98368342,27.116
6,189.35431915151443,7.998706047353935,4.80366085,4.8036601800000005,9.47545318,44.396
3,90.10939296545943,8.369479192469443,4.56799709,4.56799814,4.98640666,57.332
2,74.09331267732294,4.847306735543254,4.71445246,4.71445299,4.71445379,35.501
6,204.2663995749636,4.800291966780366,4.98782736,5.50106594,8.73199042,30.263
4,127.6499576917901,4.303548919317742,4.1494084,5.07420473,6.57216016,32.012
24,713.4763881255375,3.6027652110762975,6.78726579,9.02691849,11.64515377,31.472
12,308.94080296646695,4.160162538229148,6.76018255,6.76018255,6.76018255,52.121
3,77.29324869779653,4.157038217065418,4.06202504,4.06202557,5.40910811,50.296
3,75.65078620615982,4.247292128362831,4.12294137,4.12294112,5.13888107,51.685
28,383.97650442915386,4.385305732136465,4.88007,5.403551,14.561273,95.182
32,486.9581147729143,3.730498528532056,4.63950283,7.70750957,13.61777301,58.4
20,335.46476985200644,4.225502489956273,4.638022,5.691674,12.707909,57.994
4,160.9946524445655,5.281659174803498,4.71513922,5.36613142,6.90546423,28.386
3,108.59970134716718,5.7300529075239055,4.7138255,4.71382517,5.64353299,32.687
5,137.3362562095209,7.2531407403944215,4.93675167,4.93675182,6.62874419,55.006
5,136.5134726566716,8.375358188482567,4.93364896,4.933649030000001,6.60881991,60.919
6,183.8143362342611,6.602585184260674,5.38734558,5.38734707,7.31305726,35.93
8,117.1577115903531,5.244597029188067,4.93565496,4.935655360000001,4.93565509,35.683
6,207.06809903935388,7.323648374051336,4.9564575,4.956456710000001,9.73284672,30.976
5,71.13628093297905,7.097114458409221,4.14346542,4.14346542,4.14346542,133.913
8,473.15753321943185,2.8089002149130184,8.7606146,8.76062043,7.11880596,10.675
8,151.22307439952326,5.0970836729228175,5.327695,5.327695,5.327695,79.071
4,80.11356685868907,5.325796319211422,3.841857,3.841857,5.427798,75.036
5,70.48829628052674,8.628535392785288,4.130846,4.130846,4.130846,177.458
10,238.43049144168845,5.773115883535421,6.94578854,6.94578884,5.70673887,48.992
2,89.09415778463824,4.937715837385925,5.01327324,5.013273940000001,5.01327346,28.286
6,239.75741194464945,5.437216007790717,6.85725267,6.85725174,6.8572512,28.302
10,189.26378767646165,5.49100836064721,4.65043918,5.95910517,7.12093275,43.028
5,97.34330038250651,7.119627097483976,4.600115,4.600115,4.600115,110.875
28,375.1808229249914,3.6597912230753544,6.65255723,6.65255906,9.78886771,108.915
24,315.8104192511539,4.938200339342266,8.75671549,8.75671549,9.69479512,123.542
8,114.79000519176462,4.32796754441981,4.91211038,4.91210972,4.91211,49.076
10,128.73883338241427,6.015663626796563,5.666408039999999,5.666407639999999,5.66837388,166.907
5,65.6356490032866,5.899610418235015,4.03380655,4.03380589,4.03380615,94.151
5,65.57310737347517,5.9052372867118645,3.98333387,4.05734264,4.05734236,97.867
30,400.2367536880518,5.804935530271857,5.745668329999999,5.745668379999999,13.99927295,139.365
5,65.32709969254628,5.927475128848985,3.99037921,3.99037921,4.10265539,107.183
30,402.9194275887903,5.766285745783374,5.75288743,5.752887430000001,14.01903216,102.538
10,234.6313451172158,3.982907124629064,6.80284049,6.80283969,5.85429888,43.796
6,209.43211865939367,8.659700946462229,5.29410766,5.29410727,8.62833932,25.239
4,122.57592420046592,10.063953220162709,5.575795539999999,5.57579629,5.57579777,26.909
24,391.8449842635073,7.447472319120133,5.83258474,8.15165958,8.24151778,90.551
20,470.9823032615214,4.011724025812803,6.80999414,9.00347037,8.97367351,64.505
10,226.60022019403291,4.169128829859478,6.72863953,6.72825004,5.77939096,46.423
11,154.22951597996214,5.029393009733592,6.3093371,6.3093371,4.26551654,78.825
28,438.51553982760527,5.742744157648582,3.46103049,10.43624599,12.14046317,113.773
2,67.84309643797562,4.962200523738511,4.07851334,4.07851334,4.07851334,20.356
6,156.25939551116016,5.699052491262863,5.0743871,6.14040254,6.14045567,27.55
12,237.429943574676,6.495455770261688,5.30989066,6.803567919999999,6.80356292,47.618
8,265.931398748843,7.751557666396905,4.682186,4.682186000000001,12.57402563,31.416
12,178.84927143956668,5.175770725750354,4.22420674,5.84499073,7.54530467,57.665
6,167.00001750228358,5.4763180684895545,4.43410097,4.43410136,9.8078687,39.873
12,204.24457959391196,5.72528740312393,5.90980663,5.90980643,6.75263671,82.555
6,204.11701639195502,6.669848068420212,4.88677586,4.88677586,9.869695,29.868
8,161.26306324681124,5.165024827332845,3.991712,6.196435,6.81844131,59.92
6,162.43958564744045,4.719146717458487,4.36061146,4.36061233,9.8643016,43.884
6,191.2135379861974,5.5830109852011445,4.70023761,4.70023758,9.99420798,34.655
12,181.08379120194405,3.837589075130667,5.26568815,5.26568805,7.54116969,65.107
8,147.38682252456016,5.781184540063274,4.18039391,4.18039391,8.43381836,100.324
5,74.74546324141521,6.143794300871015,4.21238715,4.21238715,4.21238715,148.845
10,149.3812510431525,6.148305063343101,5.95393041,5.956673510000001,5.95393041,147.064
20,506.0566946992324,4.262395309647997,7.0635613,7.13448881,10.04182376,69.975
1,7.871164049682294,1.9012537679000119,2.17046904,2.17046924,2.17046896,125.076
4,31.796370288803224,1.8826149238156762,3.57410246,3.92001285,2.26946274,120.019
20,156.68539610379278,2.3169416295936154,4.701496,5.433968,6.133034,194.761
20,143.28134193861104,1.9946151926645448,4.46524335,4.61134112,6.95852606,57.926
13,107.99436313232772,2.4623740670820173,4.12515601,5.51402726,5.51433414,179.312
13,113.14664768137699,2.950645416987361,4.20062428,5.59986348,5.59986929,134.036
13,110.61682769582245,3.22098851343694,5.55176553,5.551765529999999,5.55176553,125.309
13,108.05442874941093,2.4447985864479365,4.14526019,5.510277009999999,5.51034466,129.504
13,108.99700249876062,4.448328440246573,4.20075072,5.51028302,5.51028509,144.936
19,168.9843561853766,3.3314072699663937,5.5666873,5.566704100000001,5.5667031,140.051
80,715.8890880797645,4.234725344635993,9.760884739999998,9.76088556,9.76088582,151.947
46,380.3673781361201,3.3569427972169548,8.13274172,8.13274113,8.13274222,136.579
46,387.23863320703714,3.2770762768899724,8.18146849,8.18146688,8.18135182,133.551
6,65.31910152265904,6.400869458867026,4.52048553,4.52048515,4.52048478,125.633
3,23.91990965773134,2.0017738015600273,3.23413514,3.23413482,3.23413597,144.862
3,20.21861082799712,2.466756872358931,3.0578902700000006,3.05789152,3.05789259,200.504
4,39.238957154237085,11.39109966204967,3.81427681,3.81427684,3.81427676,219.36
4,34.09394709325818,6.606853601896604,3.63968747,3.6396874700000006,3.63968747,194.115
4,39.75762730593722,11.362238335131861,3.83099706,3.83099706,3.83099706,207.943
12,114.39090098953832,4.065767996933254,4.31335148,4.3133507799999995,7.09951696,182.568
6,53.020764884614614,5.109348255642766,4.21683835,4.21683855,4.21683827,135.017
4,40.91846659916105,11.110744177005461,3.86931654,3.86931654,3.86931654,210.143
4,42.252118058674725,10.872718365769519,3.90949949,3.90949949,3.90949949,173.915
4,40.20138180136072,7.619871897895906,3.84519328,3.84519185,3.845194,171.518
4,39.9380427202884,7.593798777467473,3.8367452699999998,3.83674527,3.8367453,182.617
12,103.29602463183438,4.749958785169725,4.18834927,4.188348830000001,6.79926708,154.342
4,43.71677930585064,12.028071941455327,3.95416134,3.95416134,3.95416134,214.003
4,44.11763762276733,15.255998254060676,3.9662104,3.9662104,3.9662104,238.159
12,124.5510112316459,6.077583056621133,4.44186247,4.4418629,7.28928699,197.598
6,70.21476542626898,5.246897379434882,4.63071268,4.63071191,4.63071222,156.483
10,143.93341375840873,6.846974152468902,3.37386193,6.5315636,6.5315636,166.723
4,39.32047643140457,11.357356856848938,3.8168904,3.8168904099999996,3.8168903,231.437
4,40.36542560090294,11.181287981100276,3.8503433800000004,3.85034364,3.85034224,197.731
4,38.58789941525233,7.729662720148895,3.7930512600000004,3.79305126,3.79305126,194.531
4,45.05929516783832,11.77535800490741,3.99421708,3.99421708,3.99421708,194.226
4,43.19196827539005,8.740591053377718,3.93827463,3.93827463,3.93827463,193.549
4,43.55547970880706,12.047929927546283,3.9492921900000004,3.9492921900000004,3.94929219,216.114
12,117.35031442712385,11.559718801824888,4.36168394,4.36168141,7.12271297,241.539
4,45.835063260191305,11.516935056251643,4.0170813,4.01707567,4.01693599,183.765
4,45.38721038198151,11.56342332980574,4.00389638,4.00389638,4.00389638,193.573
4,43.819231928222585,11.905855604359752,3.95724786,3.95724786,3.95724786,219.105
12,115.86782454974036,3.953487934682379,4.36153826,4.36152754,7.03320941,158.028
12,124.98275672033377,10.72799710426463,4.44408975,4.44409885,7.30721564,217.897
58,695.433014312819,2.5668691553888396,9.30347192,9.303471920000002,9.277577,170.348
4,33.98077574946496,4.050173728822454,3.23900485,3.2390017899999997,3.23899668,151.52
4,38.60719403141658,9.430342926139081,4.2975649,4.2975649,4.2975649,189.038
40,268.43664034251015,2.724295340853586,7.03862673,7.038625200000001,7.03862696,214.318
12,127.14756375994938,4.699340878593795,7.50463959,7.50464903,7.50463619,153.691
4,33.548844504326254,4.243303362983015,4.064212240000001,4.06421224,4.06421224,153.479
40,529.730815024452,2.231496005980947,8.82861105,8.828610920000001,8.8286103,91.876
4,37.55360845334845,5.664593453959534,4.36592531,4.36592531,4.36592531,180.438
4,38.29507762268305,5.4217952427606475,3.37065478,3.37065579,3.37065478,175.35
10,78.95965676301567,1.9709409157262543,3.35699684,3.35699684,7.00653647,138.194
12,108.81526861826495,4.206381270662814,5.35880829,5.35880833,5.35881017,182.13
6,56.68329337248893,7.090203492423991,4.31178013,4.31178019,4.31178173,138.173
6,49.75865136968452,3.3674185539122177,4.12848305,4.12848305,4.12848305,146.818
6,53.35012301600633,4.71489014514711,4.225552630000001,4.22555131,4.22555212,142.084
28,227.11100940878518,3.7134860867017445,4.42148734,5.46804335,9.39372523,214.562
3,30.272412141563606,2.5673893049135246,3.49827473,3.49827481,3.498276,140.226
4,48.99925908055944,14.247902291042376,4.10741108,4.10741108,4.10741108,237.931
4,47.96168741490519,8.371811069366196,4.07821218,4.07821218,4.07821218,199.23
8,102.96324988944377,13.287683276124381,4.68699058,4.68699058,4.68699058,148.197
3,43.01793446537326,15.554127710084733,2.91870342,2.91870445,5.45521296,137.288
6,168.5489340311108,3.3264227916320253,5.55742092,5.73313453,6.62745609,2.676
8,48.940046613999684,3.3276086840622585,3.75270266,3.752702,4.37243598,314.973
16,98.57446062429543,3.3041687081982163,4.23927908,4.39677394,5.28857009,310.237
6,139.53955496396807,1.9020737677187916,5.24110556,5.33088694,6.2381856,3.319
2,17.009358018326665,6.633169396483657,2.57175331,2.57175331,2.57175331,196.762
4,40.206207684753856,8.240229627694026,3.84535143,3.84535143,3.84535143,201.076
4,37.347825156106445,6.889929862297719,3.75197646,3.7519764599999994,3.75197646,226.523
4,47.19368121054671,9.25903620933315,4.05632693,4.05632693,4.05632693,254.421
2,19.08699160858433,6.312450827851767,2.67246788,2.67246788,2.67246788,142.088
9,97.76691451276297,2.3952968819042564,4.66727786,4.66726892,5.18279693,21.345
36,568.9419261901606,1.6464301518714202,8.28621084,8.28621084,8.28621084,8.258
4,38.188095031074425,6.469758670444308,3.77990598,3.77990598,3.77990598,219.307
4,48.373186387667424,9.291409652499883,4.08984232,4.08984232,4.08984232,206.038
4,40.52359134653487,8.056161373392287,3.85540473,3.8554046999999994,3.85540452,189.356
4,49.849956762162705,15.428509314465263,4.13104502,4.13104502,4.13104502,238.142
4,48.701718079398695,9.701917524813007,4.09906083,4.099060870000001,4.09906086,200.601
8,158.31249594925282,4.856308073227291,5.40130583,5.40130583,6.63578615,68.992
16,147.49500505470326,4.938580350142996,5.14952454,5.91386655,4.84326978,189.429
8,139.67755068249832,3.414334242450372,5.18224573,5.18224573,6.36228763,83.09
4,48.74796021074509,9.66703024347636,4.10037725,4.10037725,4.10037725,227.447
36,335.64405966564874,1.7526965087503255,7.73942879,7.73942879,7.73942879,39.315
6,221.55267305116828,3.939692852341221,6.262944130000001,6.095647740000001,7.26458426,1.958
4,54.75922373502006,9.220384932479156,4.26243164,4.26243164,4.26243164,227.135
2,17.313667771141436,6.493584466392626,2.58699959,2.58699959,2.58699959,182.847
2,13.69106766871908,3.0335624723694004,2.68524602,2.6852455,2.6852468,207.897
4,27.510232862197725,3.019437115966184,2.69427722,2.6942762,4.37601889,208.037
8,57.033223656855846,2.9128782434870244,2.68522923,4.60864522,4.60864522,195.52
24,378.1575154038984,2.4927467382204442,7.095597489999999,7.095543790000001,7.91790262,89.366
6,84.76973669950088,2.0369148715048264,5.02192802,5.02192802,5.02192802,31.26
2,22.226847745235183,8.623789131896794,2.81163727,2.81163727,2.81163727,173.217
3,37.264752170215615,9.885862491542197,2.75382519,2.75382477,5.28565009,166.194
8,105.04066055922402,10.379005245178812,2.85436846,5.02828431,7.63248472,158.862
2,21.205361458384303,8.763995078729705,2.7678883,2.7678883,2.7678883,207.982
4,52.78265888123431,12.426428755792548,4.21052007,4.21052006,4.21051992,270.586
2,28.88072106366997,2.361792332046077,3.44382388,3.44382417,3.44382351,92.273
6,69.83466577808771,2.4984837934743784,4.50670871,4.50670899,4.68802515,37.858
2,34.50577299044166,4.233530581378549,3.6542843199999995,3.6542830699999995,3.65428332,74.87
8,151.6364882553393,4.09430001592553,5.33761396,5.337613959999999,6.52481836,76.364
4,47.52344983316873,14.72893548776043,4.06575295,4.06575295,4.06575295,268.28
16,133.77452957793452,3.232887331296212,4.67669321,4.97589847,5.74861258,220.956
4,39.186473416310065,6.546328248974233,3.81256327,3.81256327,3.81256327,196.801
4,47.23874687188636,14.678010963523791,4.05761766,4.05761766,4.05761766,286.259
4,46.1643265402527,8.605422140675385,4.02661865,4.02661865,4.02661865,247.221
2,45.40050986743301,4.996636957686128,4.00428698,4.00428753,4.00428684,56.315
28,457.6847029166929,7.165879458014857,5.76008699,7.63319675,10.40952466,24.832
4,40.90235844272769,7.219074597070493,3.8674732500000006,3.86747325,3.86747325,44.835
4,40.88379489194406,6.97149177681748,3.86617306,3.86692187,3.86725693,212.177
4,49.87364206092183,14.663539601831747,4.13169918,4.13169918,4.13169918,276.013
4,48.69272450506338,8.93802519990102,4.09879656,4.09879656,4.09879656,241.663
8,74.39087373209033,4.750973579398435,5.03368793,5.03368793,5.03368793,163.901
2,73.17197784406024,9.485055046019877,4.86803039,4.868030119999999,4.86802903,27.767
2,68.05165020724624,10.198727518927319,4.68864169,4.68864169,3.3589263,43.62
4,137.30952838978436,10.109134388792988,4.52638858,4.65841218,7.81041583,46.757
10,112.88405431283002,4.963341886922319,4.35472035,4.35782594,6.52786236,51.828
40,412.55160298776707,5.432359501975774,6.70615411,4.41383443,13.99939899,87.617
32,431.5486039556002,10.695889678167534,8.65175316,8.65175316,5.76529422,124.209
8,105.6669404446963,8.014073414113252,7.54271676,7.52603144,3.88086429,99.855
20,342.89865926787417,9.025910170275026,5.57877357,7.83995421,7.83995421,20.242
20,327.92062333158333,9.43817581405984,5.8719875,7.51669711,8.11531262,53.426
5,76.22426841895876,10.150876355573471,3.85342562,3.85362071,5.92725986,118.12
20,315.4919951438763,9.80998739650479,6.04826864,7.76099771,7.76088416,33.361
9,267.9075899363977,7.606161709456947,4.24691152,4.24691152,17.15173015,17.34
6,153.67515919410093,11.332408047701568,4.28550162,5.75321931,6.76909401,55.534
3,75.96852341346272,11.462047256761794,3.38667819,3.38667948,7.04309325,52.094
14,312.2885055959578,9.51950676345062,7.31571869,7.31571869,8.49647827,50.704
28,439.7962364970344,8.886163540557968,8.57130481,8.57130481,5.98628831,51.718
14,237.75544373388445,8.218741957405667,7.06017898,7.06017898,7.06017898,36.71
12,310.27526519719225,13.123635114791087,6.76990205,6.76990205,6.76990205,82.069
9,244.62227162534805,12.484368262559654,7.08511635,7.08511633,5.62692903,35.201
22,283.28254187654693,10.787130307805832,7.37188021,7.3718802100000005,7.37188021,179.413
12,297.6488794251801,11.62334415643207,6.86032693,6.948902419999999,7.00639253,82.795
22,271.6798010211464,8.949321973545427,7.26982767,7.26982767,7.26982767,178.102
20,517.2810624990784,6.602026289437871,3.9977937400000005,11.16061767,11.59359075,21.948
10,178.24590085987023,8.98108373454034,3.84260289,3.87729595,11.96368844,43.238
20,588.00036732479,7.397197639655171,4.1387445,11.61078211,12.23622645,16.965
5,151.7778304500245,7.164344944836125,10.26552471,10.26552474,10.2655247,10.752
5,92.74067783971032,9.47040371686248,3.89133477,3.8913341400000006,6.71425188,77.867
5,171.23868745487198,7.293480179684894,10.87569317,10.87569317,10.8756929,12.946
5,181.76676078973367,7.3153891695182605,11.050857100000002,11.050857100000002,11.05085696,14.402
8,144.83187065811,8.837934493142651,3.94070813,5.57304723,10.86438616,59.352
6,129.2752369952748,15.48883619631464,5.67557869,5.67557723,5.67557853,100.689
8,145.64200983341544,9.986487557051849,3.68433,6.55056,6.70136999,59.145
16,691.4964243832512,4.309906653773445,12.79575656,7.40032958,7.67169737,3.53
6,129.50609729692894,7.8184961472512375,3.92782718,3.92782718,8.39431909,18.132
16,437.57415036155714,4.786694033339267,6.39857488,7.70941014,8.87048265,4.002
6,113.58578538575841,7.614664770939743,3.8933967,3.8933967,7.49318875,26.218
16,216.35545643697458,8.165505014647447,4.6748227,6.54764764,7.06833962,54.467
6,87.48976138566188,5.7693387734478865,4.28053345,5.001972720000001,5.00197213,13.737
8,350.2015185907832,6.370617141107899,4.39489467,7.92584421,10.88122913,3.863
8,367.81189649694085,5.324512989010573,8.46475988,8.46476046,8.46475978,2.668
8,368.32454120146446,5.317102178481686,7.66426615,7.66426634,7.24033791,3.613
6,154.0010489653947,7.588488286267384,4.0042141,4.0042141,9.60481707,16.924
12,170.96578373331695,9.362233019006272,5.19641501,5.5887541,6.72331161,51.48
12,184.6337924276309,8.777057180089054,3.644139,6.538163,7.749265,44.218
6,90.49750413371571,8.95351407216468,3.96958714,3.9682441799999997,5.74503759,113.68
12,158.9308090808462,6.351490674301246,4.71743585,4.72161726,7.16706684,71.431
10,204.95523914105542,7.836737098825991,5.654331,5.715645999999999,6.95597347,43.224
4,90.43155699340609,11.583007170631465,4.28038814,4.28124528,5.69779915,89.644
8,169.6712156507735,12.312199748689949,5.625582429999999,5.681720679999999,5.68171996,83.365
4,84.17634909083598,12.30508872358918,4.13421573,4.13421573,5.68695456,111.998
20,251.64851803379383,9.498988716521831,5.440072,5.92128,7.812214,173.331
12,298.25362569500567,6.082212590329128,4.044107610000001,8.188762710000002,9.55481374,23.495
12,389.3784591920204,6.276619778165235,4.1967163,8.74615388,10.60828543,7.175
12,430.9497325678787,7.781486263408061,4.44665846,4.44665937,25.16682432,23.047
12,303.9553575873857,9.680625175829649,6.72362166,6.72362166,6.72362166,74.017
12,303.6794465731439,11.628702801146183,6.7215548400000005,6.72175682,6.7214494,86.263
4,132.8423776378037,3.995222492170302,4.25520892,4.15569564,8.74536848,4.11
12,285.75215638902927,4.086549126968605,3.98991338,6.97427077,10.2689785,5.004
4,159.51887375729675,2.4016569433012593,4.39476823,4.39476823,9.53695,1.808
8,125.0825033765589,3.634824694237292,4.62311058,4.62311079,6.22369746,6.798
4,41.137426017833164,1.9392789997538076,2.467291,2.4672915199999994,7.803073,115.976
2,18.305440989517155,2.1790501093635233,2.45645465,2.45645465,3.76452542,115.697
16,146.4312489993012,2.179232832486199,4.24810918,4.89895804,7.03613846,118.035
8,76.46980453669424,2.086495365423056,4.40740048,4.40739961,4.25389232,112.835
8,95.27008981082598,1.674753252331758,18.29342148,18.29342148,18.29342199,95.263
4,36.59760582755646,2.1798405818186355,2.45534905,2.45534905,7.00760237,118.816
4,37.4817778824157,2.1284194850782816,7.312442560000001,7.312442560000001,7.31244263,113.32
10,122.8470694135557,2.3791304153281008,4.1828805,4.62865868,7.41363347,4.638
12,166.10954146881497,1.7597904011397083,5.49707328,5.49707328,5.49707328,4.63
12,171.59896325298487,1.7034950041252896,5.67889084,4.78454533,6.31553964,3.848
6,83.76732799925071,1.7448209438956537,4.22721279,4.22721279,4.68777159,4.674
1,42.71059415776074,1.558186817967342,3.81404692,3.81404692,3.81404692,15.845
1,43.36096386603541,1.5348156237897916,3.94340407,3.9434033800000003,3.94340475,17.224
4,174.2736112022339,1.5275080224727144,3.94255199,6.50911174,6.79098036,17.349
1,42.286603428645144,1.5738101291695077,3.80522591,3.8052259100000003,3.80522591,16.881
5,101.86667133661555,6.538280997954068,4.32077717,4.32077754,6.25357049,64.213
13,195.89434350163603,4.324089834530862,5.09881202,6.70215866,6.70163892,81.186
5,98.69796217516324,3.92829198530409,4.24140278,4.2414028,6.25264533,58.788
5,107.71228612836079,3.6894769667504335,4.16967076,4.16967027,7.15370648,59.086
5,105.22723371897663,2.370422693809202,4.13760225,4.13760209,7.09741338,60.78
5,94.89308976318345,3.934820582022663,4.08135728,4.08135652,6.38603448,62.198
5,94.9770939093722,7.0417053261629174,4.309789830000001,4.30979092,5.95261503,88.276
10,105.94460212816797,2.6871351797671865,5.29346092,5.293461079999999,5.29346151,135.308
22,212.44726721799626,1.0905769894089616,6.978868,6.978868,4.361955,15.864
22,217.25578748152287,1.0664392593475478,7.92026144,7.58205158,5.77809771,19.985
10,144.0335562549442,6.168180227107455,5.485874609999999,5.48587526,6.04370138,151.502
10,160.53798677514524,4.207407457081621,4.029635,4.029635,9.886587,71.325
10,105.7024369776612,2.705682000541109,5.214537049999999,5.21453752,5.21453765,112.136
5,121.58196994974635,5.664468896609929,4.41387899,4.41387829,7.20605862,49.416
5,112.57366447680549,4.821226045222976,4.29230708,4.29230662,7.05544856,57.023
5,145.3976055057935,5.806500529932497,4.6926032,4.69260343,7.62428218,39.354
36,514.7057980474034,2.671032982372078,10.41667511,6.97656009,8.64504461,22.378
5,81.10471162179438,6.301647683639505,4.00872291,4.00872273,5.78854213,93.548
5,79.79428539185756,6.310175519108227,3.94059298,3.9405937699999996,5.84549446,73.576
5,70.39022313978158,5.187355542423837,3.84552218,3.84552277,5.48188508,91.812
7,111.01417869663543,6.642881512691681,7.91907043,7.91907113,7.91907009,78.254
5,86.13433093575912,6.023561412127445,4.11783587,4.11783634,5.85505315,79.246
5,77.63527938923716,4.900589048810198,4.00649082,4.00649162,5.60514657,90.672
5,80.23889562725702,4.622028422655395,4.03451167,4.03451207,5.6954913,97.787
5,105.81356602945289,6.349256783457603,4.20962285,4.78975973,5.87218276,63.562
10,177.966468152858,5.628444351591755,5.48800167,6.51045827,5.49520747,56.912
5,71.89872822713248,4.935872803140729,3.79624928,3.7962487100000004,5.66530476,93.804
5,89.93708444344253,10.520264060294995,5.959340540000001,5.959340540000001,5.95934054,116.99
5,93.88516926160288,7.042894435471107,4.30916078,4.30916095,5.90322788,85.58
5,90.50361035271155,7.10972264665112,4.26114978,4.261150649999999,5.82433359,103.004
5,53.58959625985831,2.2958521513092056,3.58771637,3.5877163699999994,4.80877338,35.543
7,196.4947111314236,5.795383589684373,4.10741854,7.00266354,7.18137083,41.864
5,79.1872904806645,6.243274351061286,3.4210595099999996,3.41719199,8.05279535,91.659
7,244.34372193722132,5.30158812733598,6.85504168,6.85504168,6.85504168,22.877
5,116.81208389868566,3.3908339234826963,4.35434578,4.3543467,7.11395737,50.032
5,151.72398030344038,5.545004322578783,4.76114201,4.76114217,7.72860846,34.698
5,142.5686258966926,3.869325102477351,4.66870305,4.668702879999999,7.55267646,39.782
13,199.3410951343205,3.9625013423411515,6.72131587,6.721315869999999,6.72131587,32.632
5,96.94934931807173,5.134898958094839,4.00033771,4.00033771,6.995535,63.206
5,96.80998250183593,5.064020550904925,6.23281999,6.23281999,6.23281999,80.263
5,84.56557581525614,4.160923702369274,3.79455473,3.79455473,6.781744,87.284
5,129.04801121118342,5.0630698832197245,4.475285580000001,4.47522477,7.440288,43.915
36,423.78105286463904,2.5718394042516364,7.51127816,7.51127816,7.51127816,3.748
5,81.84924876455162,6.23459528210934,4.05688716,4.05688731,5.74117435,84.598
5,81.94044775482598,6.135182099767855,4.052870260000001,4.05287115,5.75311576,80.39
5,70.4248378412398,5.173497694462268,3.88932038,3.88931895,5.40724606,105.433
5,83.49559257903778,6.261965307486571,4.15545192,4.155450749999999,5.65812872,110.532
5,81.27977810649269,6.2140762165808345,4.04659572,4.04659502,5.72935379,102.347
9,120.22267127728779,5.243032157299326,5.25791554,5.25791555,5.02144323,98.203
5,94.3589812931531,8.626275738468555,4.33330108,4.33330125,5.88561533,93.089
5,75.67518928234533,4.687805815673604,3.96235732,3.9623566400000003,5.57516374,115.307
5,87.05303272585857,5.895881443782885,4.19850736,4.198506849999999,5.76215334,103.239
5,104.44246633795352,5.099458019411047,4.14855242,4.148552360000001,7.00734228,57.237
5,96.13822393444343,5.461122321261752,4.26050472,4.26050449,6.09318699,57.614
5,61.61277673697413,5.360849605682891,3.4462490700000004,3.44624565,5.99027902,122.599
5,95.13198592459574,4.06430881042973,4.01543383,4.0154332,6.81288469,66.211
5,127.9751950939303,5.377244850304502,4.44944222,4.44944234,7.46421162,43.544
5,89.6100061595582,4.2077178757367975,4.21241809,4.21241784,5.86301922,69.984
4,96.56997133818984,4.482170616505123,5.14974373,5.14974374,5.14974301,43.252
4,109.16845444675327,6.011674603332905,5.36460051,5.36460051,5.36460051,37.203
4,106.33665220668824,4.789920618188173,5.31780809,5.317808090000001,5.31780809,39.951
24,305.87750032046193,2.977142408815099,7.676362,7.676362,5.190828,101.962
88,928.8516863099285,3.2490783431766634,5.606326,10.118765,16.373462,118.621
6,164.51441433008597,3.1305756953025234,4.5623127,4.56231252,8.5374447,37.761
8,158.36582240186686,6.105250715698886,3.5512459500000007,4.92682677,9.22387117,59.67
11,150.0359416475117,7.060331846199542,5.47071587,5.606176110000001,6.23626019,156.278
6,200.21008334663696,4.796184891603217,4.85107254,4.85107267,9.17322374,31.265
4,109.39602304368822,7.378631773662815,5.368325539999999,5.368325539999999,5.36832554,42.058
4,116.07386836213198,5.7190195461902045,5.47540799,5.47540799,5.47540799,32.385
20,598.468777708218,4.839948401125569,4.63267324,7.33703429,17.60715877,28.687
4,111.98336068287766,4.615753774526996,5.41031849,5.41031849,5.41031849,34.346
5,77.89027322848149,3.5624523578375613,3.5547129,5.02690357,6.65683076,74.548
10,152.84018576400996,3.6309873104165704,5.935858990000001,5.935858990000001,6.69322477,71.914
12,366.5395453453978,2.6040604710968642,4.123908,6.06484848,14.65520553,24.15
6,74.8171751189685,4.254713855656816,3.2550023300000004,3.7881523900000005,6.56147858,112.399
10,154.71841813395753,3.5206192300863064,5.97735312,5.977353119999999,6.71369931,77.679
5,102.53553174263143,4.4854808732280524,5.6406674,5.6406674,5.6406674,53.652
3,92.82338198810683,2.733403180754705,5.08226682,5.08226682,5.08226682,34.833
40,628.6196077158319,3.820957145373779,11.17964155,11.17964155,5.02958515,77.721
6,90.4127031878487,2.9952323630460014,3.90296525,3.9029147200000005,6.85353359,41.258
9,93.05454540702424,3.3418592766064408,5.08648221,5.08648221,5.08648221,56.915
8,183.04477534221058,4.010938547186463,3.81315544,3.81315473,14.5364298,50.374
8,176.79589619090623,3.925663711396704,3.5026211699999994,4.97451849,10.29680062,44.387
39,474.44385421233517,2.836202469218913,10.46230637,10.46230637,5.33518717,79.469
4,116.09765286288932,3.13633684673827,5.47578195,5.47578195,5.47578195,30.387
24,315.9899419845207,2.8653387530662893,7.907896,7.907896,5.053024,86.507
4,116.1919209323215,4.413801082279796,5.47726361,5.47726361,5.47726361,28.633
3,72.2550749113387,2.1640119033418395,6.754854900000001,6.75485487,6.75485554,33.874
4,76.19094351170513,2.824901804272159,6.906254580000001,6.90625444,6.90625399,57.888
8,125.85034521222374,2.9862203814985895,6.257176620000001,6.25717662,6.25717662,67.777
24,377.20489335189376,3.787361907280638,6.28399176,6.28399176,11.6341869,81.221
22,272.49425491470737,6.978820639886341,7.2565630400000005,7.2573438999999995,7.25688061,157.29
3,109.8803825327339,4.342593770516092,5.37623677,5.376236769999999,5.37623677,28.076
4,90.42464686819845,7.043294527284822,5.03810568,5.03810568,5.03810568,51.164
6,189.9019102550734,3.5311851912357795,4.75664642,4.756646969999999,9.04205147,34.964
12,331.55988262452996,2.1684075673539454,4.83215368,7.60545113,9.02186365,36.705
3,92.16840803833533,1.9501176536948077,5.07028488,5.07028488,5.07028488,36.951
80,953.7450447880893,2.649973032097663,9.252713,9.553527,10.789454,71.587
10,202.64479016251266,8.074295079519269,5.65180112,5.65180331,7.31226601,96.593
28,355.31645449436786,3.2197749485328413,6.815574,5.575699,10.52285396,96.958
28,386.1265013733575,2.962860655545289,5.08711656,6.75454416,11.23729743,89.257
28,388.6256903236854,2.943806977942214,8.29517619,5.7723703,9.21125806,87.228
28,374.7904188217329,3.052476695052952,5.40065854,7.058051359999999,9.83234482,99.117
12,384.80664678482026,3.432630545641305,5.0667945,7.94400692,9.56025906,29.28
13,181.12266585511557,5.173350193545616,6.52372607,6.52372607,5.34353646,107.769
4,112.2174503209309,5.910954957695968,5.41408577,5.41408577,5.41408577,36.778
7,177.57098131539382,3.059089381810116,6.96430427,6.96430427,3.85808582,42.206
4,112.4829994157472,5.860009823646611,5.418353,5.418353,5.418353,32.155
24,337.95817269720453,3.4024155832470298,5.9105576,5.910557600000001,11.61398997,93.415
5,80.42332142357338,3.5839568624945803,3.57963046,3.579631,6.76750743,81.76
4,86.89902503926066,4.7479816089729185,4.97175784,4.97175784,4.97175784,48.691
7,173.88539632826485,3.0508839702298687,4.10845822,4.57199106,9.75444837,45.848
7,171.79492678025292,2.226696676042644,4.086978,4.532108,9.76391535,49.839
11,196.69894793373916,5.351401533308397,6.34562807,6.3456285900000005,6.34562886,59.548
11,205.22638042483524,8.10293922200989,6.43603474,6.43603387,6.43603396,131.909
22,489.50791839689265,6.670405426379315,8.59924906,8.59924941,8.59924914,49.399
80,857.3191349795294,3.489873384486793,10.3654494,10.365449400000001,10.3654494,153.627
22,291.20154598627136,3.0931038688344543,5.62764339,6.92223962,8.29285434,112.618
12,242.14864761736408,3.599108550347716,9.46233923,9.46233955,9.46233948,62.159
12,228.5184754139233,3.1696420927972246,9.13917997,9.13917997,9.13917989,70.706
28,409.50360102810487,3.0694056935119285,6.11284676,6.86306613,9.78263783,93.704
28,837.0142670370607,4.066926445614897,4.51342936,12.9382677,14.3334283,37.606
7,208.78878557829066,3.458589203473764,5.93247235,5.93247235,5.93247235,34.272
7,190.72247703498627,2.62515871717596,5.75617461,5.75617461,5.75617461,37.483
20,430.20958105101334,3.229329947014647,6.72350532,6.71622716,9.52706106,59.9
5,107.23278565641597,3.2389550338458877,4.75089971,4.75089971,4.75089971,60.583
14,326.1682024855719,9.246370279529247,8.17454651,8.17454643,8.17454672,51.992
7,102.72464643001315,2.797589186275186,3.55636632,3.55636632,8.12197555,80.701
5,158.9968941301616,3.7617496771594214,5.41746624,5.41746624,5.41746624,37.265
20,624.2170482862609,3.6716649795985443,8.07054358,8.79460664,8.79460664,28.128
8,109.18157412285915,4.511627815987643,3.39230677,5.84626461,5.84626461,109.381
14,221.09614219480716,3.3224473412350637,7.16589019,7.165890189999999,4.971761,79.531
14,217.52289237637365,3.2711115941612583,5.0286583,6.63762845,6.63746274,85.654
14,222.28432071151576,3.258548108899771,7.18103893,7.18103893,4.9774134,71.871
14,225.66112411103322,3.4140310092156256,7.17261292,7.17261664,5.06491081,79.585
5,110.88138976749332,3.0982068828310285,4.80418381,4.80418176,4.80418381,55.627
5,104.80890703191913,3.309284019654219,4.71483028,4.71483028,4.71483028,58.534
10,303.26507058499936,5.71004314088442,4.16472509,8.53331989,8.53331989,30.44
4,131.49912131322554,2.968179751544302,5.70793847,5.707938470000001,5.70793847,24.386
14,214.57812103457252,3.3615360270297945,6.60378045,6.60378045,5.01954311,88.138
40,747.4059769808505,2.634933165080835,9.90207371,9.902074149999999,9.90207309,67.434
10,182.58832965108073,2.6964549162176277,6.57503857,6.575037570000001,6.57503773,70.981
15,259.09426616435445,2.8503594835594046,3.78398545,7.7079122,9.31807377,68.719
20,350.72235135431083,2.8075838179714006,6.19102301,6.33643594,8.94037998,72.375
12,158.84867798408675,5.777802046088811,7.62919679,7.62919752,7.62919669,102.596
7,184.16890190153578,2.3223229695146084,5.68947377,5.68947377,5.68947377,40.064
5,104.59748823288615,2.6228647889782,4.71165792,4.71165792,4.71165792,63.211
24,291.57159102994865,4.947587799696712,10.12351349,10.12351349,5.5559976,148.022
5,114.8041449895023,3.702820695713899,4.86018189,4.86018189,4.86018189,57.655
5,155.9331687720289,2.9068455218743927,5.38244377,5.38244377,5.38244377,38.669
122,1116.1190577940185,1.8526378006158275,11.07018574,11.070185739999998,10.516472,40.697
20,418.3815907476482,2.6086994193445388,6.65263113,6.66897385,9.43018274,58.542
18,253.05740722606166,2.996383093346005,7.25092367,7.25092367,5.557785,95.423
24,325.550369531654,4.791097873624962,10.35661366,10.35661366,5.784851,128.105
5,112.43286406637701,3.7653001155727,4.82648645,4.82648645,4.82648645,54.846
24,287.2813745591176,3.7913819086060956,10.09155603,10.09155603,5.45650973,129.623
4,130.49544461781895,4.130716675022686,5.69337899,5.69337924,5.69337973,21.746
8,262.36579065795763,4.109070071563272,7.37583855,7.37584117,5.56869796,23.597
14,223.28566582191112,3.171001791079601,5.06334687,6.70461136,6.70461177,87.062
22,336.8569346723576,7.313295335805196,5.724935,8.21147366,8.29533901,108.798
8,275.6584600722463,2.2365898314219907,6.96681781,6.966817810000001,9.89049248,22.439
19,192.15961393834314,4.157610526490837,6.29643391,6.296434500000001,6.29643509,75.603
7,159.2019150450288,3.40192173979057,4.546088590000001,4.546089039999999,8.34704094,56.917
7,186.8225054443224,5.282084207821169,4.75323255,4.75323248,8.92593754,44.568
36,566.5724916267853,2.677032660231054,3.56362109,11.42106586,13.92057993,66.517
18,303.55659221552855,4.319646910973998,6.11002761,6.10490415,9.27321968,88.682
33,298.7862163581128,2.4855975350592883,6.685289,6.685289,6.685289,57.274
7,152.27210366873797,2.598231995806248,4.498459309999999,4.498460540000001,8.16946033,61.778
7,180.03450342783879,3.872293525884105,4.70004731,4.70004795,8.80146486,49.159
18,284.13965154682916,3.088087500261873,5.984167380000001,6.023583,8.9797295,90.623
18,281.07465828655995,3.1580889092475015,5.94577,6.056136419999999,8.82230165,88.844
18,307.32467647951785,3.3236513995352124,6.13180236,6.13083772,9.30688634,86.996
26,766.4278593453566,4.267816270608349,4.48337877,12.11608404,14.1092385,39.186
44,781.361749010281,3.1816856180751154,8.05251814,8.05251814,12.05004651,66.312
26,802.1678512880251,4.804975399468135,4.59407225,12.18399492,14.33104047,35.751
68,893.7627513517448,3.1404608956136904,6.177766,9.29503,15.564673,125.918
18,473.04076591159287,6.938252576354408,7.71959369,8.06022237,8.04944097,41.626
32,1054.1012004464574,5.213221576655432,8.45646583,9.74661443,12.78908941,32.168
6,240.79377015838378,1.549520263109633,3.88462232,3.88462232,18.42540921,18.063
42,522.1084403732915,3.2078163121495633,9.36188738,9.36188739,6.87865062,83.004
16,497.86772610399584,3.773360215439108,9.05910246,9.05910237,7.00507848,36.153
16,432.78526257758233,2.184300968412043,7.65380066,7.65385975,9.15811823,40.597
16,471.7854924712563,2.7919384313750126,7.862180610000001,7.86216695,9.44537455,27.439
23,469.31223175641674,7.007008820971253,8.47932596,8.47932661,8.47932648,64.172
10,239.31149950764234,2.272020238270136,6.96882441,6.968824410000001,6.96882441,42.035
24,409.5084689058424,2.9710383164357634,6.22117356,6.22120106,12.21743397,77.543
24,418.42031180600753,3.0179110305873413,6.30129471,6.30129412,12.16808912,71.121
9,222.8687048141585,2.9933195604708778,6.80541628,6.80541628,6.80541628,41.392
10,247.08356514746686,3.381173172300201,7.04346378,7.04346378,7.04346378,40.468
24,410.0741540085045,2.9595946775434347,6.20582384,6.205813009999999,12.29515924,78.322
10,238.46296526794305,3.5576088595230737,6.960578130000001,6.960578130000001,6.96057813,45.559
56,868.1597623930159,3.004270538002899,6.175974,10.816288,12.996187,79.323
8,371.0760341403007,6.453546338624375,8.05193014,8.05192546,6.60894949,22.937
4,127.8897981116209,6.449404215648539,5.65522838,5.65523208,5.65523652,37.832
4,109.95728873332925,6.008895462759078,5.38038401,5.38038401,5.38038401,38.641
4,107.31784739673684,4.57837072132183,4.04498483,4.61205005,6.09773747,34.318
6,138.40211423975765,6.138487232304178,4.65734404,5.94774808,5.94774731,48.592
9,192.72519221521665,5.760752159857422,7.20327013,7.203269639999999,4.28892519,60.562
8,106.80420021364036,5.59539235646367,3.41513144,5.70312212,5.7031211,97.491
8,106.05831384837118,5.634743603108834,3.30267128,5.84010405,5.84010339,97.227
4,54.115162632196025,5.5216632127246665,3.382523,3.382523,4.729742,112.571
9,179.61759682196256,4.962268603423721,7.02965944,7.0296577000000005,4.19710426,67.623
6,127.49457253590097,2.449655380113523,5.64939876,5.64939822,5.64939978,55.931
52,663.9574012761168,2.7831547756560804,8.76071021,9.44434891,8.13195679,84.622
84,1071.1794953923936,2.9398926960778327,8.10965035,8.693064369999998,15.19462662,81.122
56,723.683069045874,2.901042283462912,8.707147,8.039566,10.37778637,78.458
14,144.64516891228567,3.6285954085362677,3.75689449,5.56036099,7.0594531,152.027
42,554.6205757184829,2.8390154572005093,8.83602601,8.83602601,8.202597,75.432
50,589.7251683164574,2.2094753436406265,10.13741558,10.137415580000003,9.90454824,57.584
40,435.59741293358786,3.3260227422422117,5.338146,8.7392941,9.69073631,126.05
40,436.4792902341943,3.319302735077358,8.751328,5.33435,9.69689454,125.948
5,104.71719690133801,2.346956259488336,4.31792522,4.317925240000001,6.39277749,56.287
24,298.17257253375885,2.8959074171702164,5.45018699,7.808671060000001,7.80867041,113.819
12,203.66650053571018,3.2676356662734856,7.82078903,7.8207874,3.84492519,87.08
12,255.176315330859,6.87251348254978,4.50995822,7.30609768,7.74430358,66.363
12,250.70535146104223,4.596145233035108,5.57797657,5.710364630000001,7.87087614,62.104
3,67.20033110882576,2.351060645123094,4.18588579,4.18588555,4.42859566,56.962
15,333.7607234851067,2.3668461069873525,4.19057287,4.19057243,21.94612224,55.59
18,401.2735242579688,2.362359501809029,4.190959529999999,4.19093121,26.38071511,56.461
4,69.84786487503118,2.2859077774817576,4.14328023,4.14328023,4.698226,54.38
12,319.0014772668388,3.5917324962812653,7.86585186,7.86585184,5.9534748,46.134
6,134.5695024254852,7.699099758396559,4.41259926,4.412600010000001,7.98044314,60.978
4,101.13982991542723,7.783714254393106,3.98643906,4.54875403,5.92301952,47.167
6,134.7077233052634,10.700091031339847,4.5799971,5.918365579999999,5.91836671,65.801
6,118.62354965708566,14.34710481352259,5.51520958,5.51521025,5.51520887,98.377
7,70.87785491906128,2.458646812149439,4.13844183,4.13844183,4.13844183,146.893
52,588.4128850206351,2.7999968726942805,8.874175,7.871452000000001,8.42389127,84.663
4,122.91604749940716,9.011121524429958,4.972059059999999,4.972059059999999,4.97205906,45.159
28,411.13613732143955,8.239315717691722,5.68383235,8.24412357,11.45503706,85.547
3,82.73898733778842,8.951546430156354,4.89112081,4.89112103,4.89112008,53.944
6,153.17631885899596,9.670448960457366,4.76282848,4.762834519999999,7.79705055,49.307
6,200.6338379157331,3.308699228188517,4.36577197,6.6549723,6.90552784,19.942
6,203.00929577290373,3.269983387375951,6.80812474,6.80812474,4.37986693,25.73
6,97.23899150634335,2.1892361561028135,3.83058725,4.05917125,7.41576874,57.644
6,96.76998354081958,2.199846566046634,3.8996699,3.89966853,7.38409922,58.177
3,47.92293864600066,2.2210565754446567,3.86859725,3.86859715,4.21147648,56.56
12,194.9893274784564,2.18349505320676,6.69598787,7.74406682,4.05699111,58.929
6,98.43237935705675,2.1626939974340837,3.78252566,4.87895517,5.33370845,57.491
4,58.3339681432713,2.2801923268077804,5.379377949999999,5.37937879,5.37937938,69.862
10,122.94950717237822,2.703519705924077,6.358447829999999,6.35844725,6.35844589,75.231
20,224.88143046079944,2.9561926459919103,4.96052841,5.69773254,7.95652799,71.259
20,248.79393564712478,2.6720620388885234,4.43217633,6.59314591,8.51392996,72.622
15,185.64780399027575,2.6857017023340806,4.98865714,4.988657140000001,8.61554745,75.372
2,55.2741350113933,4.581056619490264,3.80926031,3.80926031,3.80926031,31.367
12,300.6671240165342,5.8520106020333404,6.03798611,6.037987040000001,9.52293956,39.906
6,157.07400405597994,5.600886053686378,4.93786668,6.17033498,6.17033549,35.875
8,106.3798212750962,6.888620068794394,3.37047768,5.789896949999999,5.78989695,120.187
12,283.59156498569075,8.18479386303959,4.25175084,7.47906528,8.91821995,53.32
4,95.42714889241388,9.63445954763252,5.12934978,5.12934978,5.12934978,38.807
4,78.27478095968101,7.750172789649244,4.801522329999999,4.801522329999999,4.80152233,75.884
9,239.28132727069146,5.646113803638968,7.67839806,7.678397259999999,4.68637409,42.528
6,171.67065331513982,2.147056173738744,4.18432545,6.40523845,6.40523845,31.987
6,170.5248726727329,2.161482546639496,4.1787938,6.31136079,6.46567372,16.828
12,152.3718299984491,4.689780289346515,3.65127,4.136283,10.089055,77.591
6,88.57339749362758,6.708043046614235,5.04562859,5.04562779,4.01737319,90.279
6,119.31864375756358,4.969582875684819,4.15812582,4.15812615,7.96860707,64.433
6,152.89953696631727,6.78997241738734,4.61243262,4.61243262,8.298804,44.943
12,149.72623312134448,3.9840989424855264,5.39285639,5.39285589,6.4065938,74.693
4,46.607380747893124,4.832002022480178,3.16472405,3.83759752,3.83759752,120.874
6,110.14746796081856,4.058283799491431,4.01401832,4.0140177,7.89378467,73.255
6,140.30301472121042,5.335009204943139,4.43961598,4.43961577,8.2195029,52.044
4,102.08354210237563,9.821012540567692,5.24593972,5.245938999999999,5.2459448,51.03
3,41.95899224032902,3.0898327010093274,3.90043766,3.9004376299999994,3.900438,80.16
4,104.21856652796093,3.498970603430199,4.2495008,4.32819242,6.05158458,37.038
3,68.72229357512099,4.337844392270331,4.2388587,4.23885752,4.41640909,37.61
6,126.31113454349352,4.720195363396804,4.44326067,4.44326293,7.38766439,46.436
12,193.80428484048468,6.282727436988267,5.09694306,6.248101290000001,6.24810075,90.845
5,99.5189230891592,5.32222546599391,4.32770453,4.32770433,6.13180787,51.077
6,95.78040526521814,4.292893151033347,3.5700631,3.5700631,7.51492907,79.362
12,238.4732438956856,8.491912061197628,4.44290363,7.11286581,7.54619721,81.877
4,98.82670224508227,3.7878961559670663,4.02399349,4.55880252,5.8496168,48.071
6,144.19247470326653,4.269213096873225,4.04927551,4.04927551,10.42011554,7.822
3,71.82041864574317,4.285608557297325,3.97537298,3.9753721299999993,5.72758934,49.42
16,183.1765602068389,4.811012327513021,5.49146294,5.491462939999999,6.89578104,121.058
16,182.42531806952766,4.8308244633601625,5.42605407,5.54868839,6.88679043,117.103
8,105.62708408534691,4.424811873723335,5.25029255,5.250293170000001,5.25029279,110.837
12,235.61286757069018,8.67723824698776,4.41906818,7.19164653,7.41378469,89.711
12,142.59598879737652,1.9607432969731948,3.56828652,5.89884487,6.77455253,46.806
6,121.90359606998094,3.2961869672975275,3.83728717,3.83728717,8.27880997,14.185
4,51.890607559893674,7.890793105407012,5.89823593,5.89823699,5.89823738,167.939
2,52.930988156364904,7.550182427319417,3.75465468,3.75465468,3.75465468,36.327
3,76.0064711648938,9.64031268974287,4.950048,4.950048060000001,3.58179817,38.37
4,69.84267348394077,6.482768365124283,6.59517996,6.59518043,6.59518025,66.621
3,128.07184962240794,3.8104450521651834,4.52896507,4.528966,7.20982996,3.823
2,56.77210549425218,4.53058517700164,3.84336532,3.84336532,3.84336532,34.02
8,177.0776169524827,6.250267646833952,4.4408439,5.83153215,7.40204639,45.357
8,182.99790296975712,6.826146005097953,4.47532147,5.686108170000001,7.80954273,59.191
8,182.10360465861382,8.476660740492044,4.40855046,5.72515115,7.81765464,66.9
6,92.8159313517337,7.318714712235715,5.08212819,5.08213301,5.08213813,83.946
12,272.4080022868639,6.371698682727332,4.42032051,7.3100419,8.43036225,60.927
12,269.81782170709783,8.615523758419455,4.43334716,7.29230069,8.34592203,72.999
10,114.21872180116236,8.149939029485282,3.18200162,5.150852809999999,7.32723054,154.842
4,105.68608964102911,6.201835715942389,5.3069412,5.306941199999999,5.3069412,44.205
4,116.68193036594994,5.746688943828769,5.484952459999999,5.484952459999999,5.48495246,40.129
4,112.70008929969556,8.548210691593466,5.42183653,5.42183653,5.42183653,44.947
4,125.25087646898855,3.0173668993018565,5.61606239,5.61606239,5.61606239,29.61
4,102.2021672010678,5.0335277483085745,5.24803793,5.248037930000001,5.24803793,42.467
10,106.69113689843063,2.8700109647496617,5.99360564,5.99360564,5.99360519,88.959
20,228.34824076492376,3.149491306661204,6.696733,6.696733,5.32982658,102.013
20,256.82064475188906,2.800323158892844,7.03863554,7.03863554,5.51826703,76.691
12,337.9028302648105,1.7433401055441085,6.27560629,6.27560607,9.90717363,30.093
5,65.62697633992371,2.9528594018093033,3.53665757,3.53665801,6.05850889,101.805
8,213.587997570322,1.7569272913165654,6.81135602,6.81135602,5.31592758,29.005
8,195.33522468974724,2.355891078932942,6.472854,6.472854,4.662179,38.262
12,277.71627348975,3.2771870655109154,4.43914125,7.50855186,8.33194089,46.805
4,93.47386681531924,8.27060628689967,5.09411098,5.09411098,5.09411098,40.504
12,333.01966683622595,5.4167873776209445,4.73165391,7.93144145,8.87370094,36.51
12,273.14544889898934,2.2485830536566866,4.4302221,7.47997663,8.24267599,50.491
28,351.4454325096661,2.9571369888769015,4.868883,6.431271,11.223589,100.479
12,323.25435035281976,3.7621529846565593,4.6968103,7.87349508,8.74125517,40.739
4,103.74779565622191,7.573012913424263,5.27429753,5.27429753,5.27429753,33.477
6,121.98441627941178,4.564507850337553,4.020916,4.020916,7.544915,42.796
6,121.5884908254665,3.3624058252411353,3.921729,3.921729,7.905645,42.158
10,140.09832954940822,4.220453188230531,3.7040495,6.37960039,6.40404755,106.478
3,38.24529174513322,2.9564012927642898,3.5795727400000006,3.5795727400000006,3.91352942,82.688
14,185.2125602862208,2.2255847005788594,5.93096731,6.282718979999999,6.37036711,46.695
4,112.1355090987011,6.05870772957445,5.41276766,5.412767659999999,5.41276766,41.739
4,82.80029500849629,7.823978977736172,4.89232869,4.89232869,4.89232869,82.434
4,97.90581838125034,5.344921984754343,5.17148735,5.17148735,5.17148735,44.441
12,146.35970761533628,6.482028634219013,4.98582855,4.98582855,6.79854837,132.728
6,80.16580225566688,6.90898722595605,4.87494203,4.87492863,3.89506798,115.071
8,145.96573134309676,5.5527674995448635,4.05554515,4.21248772,8.79981804,74.289
6,88.13585266186446,4.249631347802177,3.53657926,3.53657926,7.04670059,107.264
2,27.77106696050164,3.3530837585713114,3.39914103,3.3991413000000006,3.39914011,105.841
3,36.127445526307646,3.312892473274332,3.2802443000000006,4.080841489999999,4.08084149,58.943
12,290.25005877142144,2.438949929230244,7.65361331,7.653612710000001,5.72148439,52.775
6,125.0197934816636,7.119751159683487,4.26125012,4.26125108,7.95012571,69.582
28,306.64368563381544,2.9471138806053103,6.61753766,6.889927039999999,6.9800912,72.678
12,237.5141741160822,7.442567704979279,4.36969545,6.53143321,8.32204141,95.286
4,117.73213450170792,6.975407039416973,4.62751189,5.04398443,5.04398443,34.167
4,118.91523794330962,9.239708796349968,4.91751662,4.91751662,4.91751662,38.108
8,160.90557780468905,3.7282755056306445,6.105135780000001,6.105136250000001,6.10513696,51.78
2,43.08428098295106,5.646273930274132,3.50568548,3.50568548,3.50568548,55.058
6,113.21431943130962,7.419206728313594,5.43007032,5.43007032,5.43007065,93.613
16,191.89108765233,7.326711330526494,5.76790725,5.76790725,5.76790725,161.478
6,107.82888591450309,8.81140443322261,5.30488847,5.30489056,4.42437395,115.09
12,161.5020899855846,4.57524748558236,5.54375797,5.543757779999999,6.55600893,75.302
8,111.96833331275685,3.863156521894291,5.72185511,5.721855439999999,5.72185534,21.718
9,209.7925264453475,8.398716925960702,7.96800318,7.96800318,3.8155781,57.601
4,95.95910811824221,10.019586830716385,5.13872907,5.13872907,5.13872907,66.309
4,110.73993772214925,6.146427191047345,5.39021917,5.390219170000001,5.39021917,42.236
4,106.96110885216108,9.101479256469322,5.3281973,5.328197300000001,5.3281973,48.969
4,89.03379838221552,7.421433177431355,5.01214123,5.01214123,5.01214123,67.273
4,87.10798244746869,10.965911853325357,4.97573968,4.975739679999999,4.97573968,87.525
4,81.72183346210949,7.942632080226396,4.87099518,4.87099518,4.87099518,83.697
4,96.57176878605537,5.431790846428989,5.14950388,5.14950388,5.14950388,44.865
4,113.613514228168,5.931155830091772,5.43644498,5.436444980000001,5.43644498,40.978
4,109.91010495259312,8.795449761649952,5.37672148,5.37672148,5.37672148,47.326
4,99.36595581966249,5.210659308672427,5.19875864,5.19875864,5.19875864,43.686
6,112.40641080686977,12.71173569404443,5.41712288,5.41712298,5.41712267,132.905
6,109.15872292333525,15.447909779912248,5.35565668,5.35565798,4.39442717,167.886
8,115.9689676392603,4.999451533388087,5.8019997,5.80199994,5.80200072,19.548
10,114.94236835811684,8.181466618092303,3.14957509,5.19678984,7.36890555,147.319
6,106.0779320186863,7.698270193384684,5.31333425,5.31341407,5.31298517,118.844
2,46.41405752455831,2.581034204684856,4.03386612,4.0338667,4.03386744,56.852
12,151.78804105543375,2.978716684058784,4.67136498,4.67136581,7.00520065,64.243
6,175.90188498720653,5.354411738132594,4.27080391,4.69673206,9.16601764,34.216
6,154.29820834009777,7.722824669723242,4.64950771,4.64950844,8.24168948,52.219
8,146.54825659796148,3.1254132736398215,6.01639376,6.01639376,6.01639435,7.511
12,268.54395583580765,8.82809555273611,4.58697735,7.38994202,7.92223563,81.669
28,331.1756548672651,3.890668794000043,3.14637618,9.46110334,11.12515248,144.156
2,52.40874879742364,3.7716460366215805,4.200550110000001,4.20055083,4.20055129,47.761
4,95.09363504367418,2.3805621642782677,3.90539621,4.55495478,5.81060279,53.572
6,122.5156380160592,2.6090583607544264,4.25670369,4.25670451,7.40121442,58.747
6,131.18082106029536,2.4367163363159574,10.35969213,10.3596922,10.3596934,62.216
3,67.34593916991227,2.373197654000275,5.72481075,5.72480993,5.72481036,61.714
3,64.26030487748896,2.487153230119041,3.88441653,3.88436505,4.91772546,60.404
3,61.38792461402359,2.6035287208254996,4.10270856,4.10270856,4.21125,53.843
5,88.07321705883757,6.022340460567972,5.75935408,5.75935408,5.75935408,103.918
16,205.70837880901675,3.1054738927457164,6.15727433,6.15727433,6.842595,112.846
8,133.92140431258306,4.601408176405699,3.95055584,3.9505564299999993,9.90838653,78.964
30,390.24256184503525,2.965709945888902,6.740481,6.78603902,9.41212948,76.748
30,398.6826267368344,2.902926210870323,7.08438356,7.3252709,7.93316009,92.549
60,797.332923693891,2.9030439169907147,7.32539354,7.08421361,15.43457976,92.34
12,236.3068450713344,4.907225136898277,5.77057466,5.90367351,7.34884784,65.66
12,256.23809993377637,6.823852637972148,6.35157214,6.35157214,6.35157214,82.686
12,235.91933729021335,7.411563012450887,5.92467584,5.912576950000001,7.12785156,61.333
12,227.7388218167894,7.677790814201732,4.372523,7.174132,7.259983,102.152
4,109.70334997788785,6.285637165124929,5.37334793,5.37334793,5.37334793,42.683
4,105.98950242618696,9.268887770847657,5.31201489,5.31201489,5.31201489,49.261
4,96.02924553168486,5.555163285636237,5.13975293,5.13975293,5.13975293,45.189
4,121.74738698869129,4.331488078674915,4.82751741,4.38320957,6.23944918,37.561
10,114.18501303096251,4.019648585362693,6.14354486,6.14354486,6.14354583,111.164
8,178.86616641173018,8.72138229834176,5.83942644,5.8394264399999996,7.59995139,75.338
16,237.29393021059082,5.00336788148541,4.00113745,5.81423166,10.86370047,122.592
8,186.90840935449302,6.821638902854464,4.45322517,6.06544031,7.43915876,58.694
8,178.4686145035579,7.078834286476923,4.38150647,5.85625283,7.49988595,66.913
4,106.60927657963599,6.171309707060968,4.74167371,4.74167371,4.74167371,44.225
8,150.18805030351405,3.01594714975296,5.96646057,5.96646115,5.96646011,56.223
6,165.99943431452792,7.189918591886483,4.92762934,4.927629339999999,7.89405,38.053
16,265.5959051242573,4.671623573169649,6.12365578,7.71893672,5.61892356,95.413
20,248.80571219239832,5.520396794555522,5.52398931,5.6962779,7.90708393,143.373
12,272.6292081768987,6.46135090711754,4.63728853,7.35881275,7.98914883,66.403
4,70.21638070156057,8.62235959672167,4.63074798,4.63074798,4.63074798,116.199
9,124.84276834440836,6.623522666167949,5.6099561,5.6099561,5.6099561,203.358
2,65.28162276080909,4.26514933641513,4.51962073,4.5196214,4.51962073,37.042
8,263.65575482224466,4.224233530363677,4.46057762,7.65440963,7.7220828,36.971
16,532.1739623169461,4.690051448797616,4.179807,9.220876,13.807823,9.879
28,308.4685429480263,4.302437376263432,2.995009,9.419107,10.934603,155.411
20,207.58614436058687,4.912970346675508,6.460608400000001,6.460608400000001,6.4606084,202.999
8,140.4694468547577,2.387150091984436,5.84533097,5.84533083,5.84533134,58.073
10,112.4131248985337,4.016239117234073,5.44114334,5.441143339999999,5.44114334,171.657
20,224.09973769300066,4.029259419540245,5.37204886,5.46279649,7.63635962,172.274
5,58.83985762289643,3.8364979772854366,3.889471,3.889471,3.889471,176.478
10,124.95341693429641,3.613170416503366,5.92377492,5.9237749200000005,5.9237751,135.519
32,381.1090204999375,3.4164641068396704,8.772745,6.6646279999999996,7.14235574,115.567
4,103.44037837444354,6.964385344099134,5.269083080000001,5.26908321,5.26908317,45.017
6,76.36816766212968,7.438674016928621,6.30262153,6.30262153,6.30262242,137.995
4,102.76680274975774,8.566558093645837,5.25762058,5.25762061,5.25762059,52.306
8,207.54020445852447,2.198798713704249,6.68688221,6.68688221,5.2265,34.78
8,210.35275894841635,2.1693993313262223,6.74032,6.74032,4.630066,33.841
4,78.67901134940534,7.065924176771099,4.80977356,4.80977356,4.80977356,89.209
4,104.76208047559373,3.3440589184169935,4.2032753,4.45028337,5.98186779,32.099
2,48.5745355487132,3.6061134251607756,3.64868372,3.64868372,3.64868372,32.75
20,231.6373924538858,3.694094402865601,6.74657432,6.74657432,5.32473472,97.63
28,436.5794330931586,6.773272271648805,8.51515952,8.515159579999999,8.51515818,71.135
6,124.11278247374936,4.572929219150709,4.549251720000001,5.6971809,5.69718078,44.942
12,234.8556715132263,4.833257513326362,5.58827507,5.58827602,8.68390023,46.953
8,158.1420056948535,4.962548476061353,6.48808812,6.48808812,4.33793601,41.447
6,102.307368757308,5.95873094972517,5.30701627,5.30701693,4.19445313,59.683
12,152.1709353507431,3.9607517310889864,5.25827085,5.26284177,6.63757092,69.912
6,130.01089415687346,4.550185500187563,4.25621333,4.25621302,8.2870949,49.099
8,142.40772604156302,3.5809587846792064,3.77892024,3.77892024,11.515094,70.349
6,126.78215845747083,3.498952178791315,4.19433462,4.1943341,8.32149508,54.426
6,141.98734288124294,5.243958652653085,4.65142663,4.65142673,7.57786106,46.54
8,155.52847523216184,2.61892650065197,6.03635775,6.03635775,6.03635775,56.574
4,53.33223142095068,4.960404598347511,5.92421043,5.92421056,5.92421116,159.589
20,258.7265007863652,4.60308451218168,5.58500572,5.77809678,8.01738023,149.043
4,74.73789170587366,7.4900334270043905,4.72808505,4.72808505,4.72808505,120.366
20,450.7956097659229,3.352008301573746,6.5877,7.082334,9.662054,68.832
11,141.3387219576722,3.518353890814959,5.594584060000001,5.59458406,4.74677746,139.562
2,44.615038572743224,8.367710227214932,2.95847441,2.95847523,5.88592793,41.91
7,267.5417287474299,5.187306318099713,6.48685173,6.48685173,7.83992028,10.114
14,176.64585133893345,3.7682384619952884,5.411884,5.906103,6.57855035,45.668
14,149.99748197868004,6.719774186773265,5.66536996,6.158090859999999,6.15809086,127.189
7,159.9457593102152,3.9463323815697486,5.59116485,5.59116359,6.46595332,36.683
7,182.56738121415404,5.163480143820966,5.80225749,5.802257840000001,6.80004481,31.353
7,230.29006812620221,5.496361781282286,6.21850654,6.21850619,7.40273031,25.359
10,99.71759213698047,4.876683383994524,3.43375499,5.702428499999999,6.05293175,57.133
14,326.09020277905097,4.7898596230792965,7.725932620000001,7.725932620000001,7.72593262,63.647
7,206.14609916544174,5.299382674992228,5.94137732,5.9413785599999995,7.19400332,23.569
7,205.7691560241566,5.309090475670329,5.84280841,5.84280841,6.02749675,27.708
7,204.3899414013953,5.34491599216787,5.839272300000001,5.83927157,7.2787901,24.544
7,255.06717167840648,5.54960302562324,6.36149982,6.36149983,7.74338398,20.89
72,873.2952151974193,3.596364375055667,7.53033533,7.50999518,15.44212652,24.793
10,118.24397749383651,11.145620005757175,3.19592825,6.2625792,6.26258021,192.406
9,115.68757074105845,6.486808385795744,5.26329933,5.26329973,4.8221408,107.992
4,75.38570645847935,11.666876910238303,4.74170621,4.74170534,4.74170727,82.477
4,69.75517660638951,10.369462358114074,4.62058283,4.62058573,4.62058573,104.19
12,327.30547531952226,5.849497481163648,6.45498076,6.454981709999998,8.05244912,36.257
28,388.0561525497079,6.186916854094313,5.23014732,6.60498817,11.23333233,99.731
3,69.27482870210429,10.197257209037847,4.01804785,4.01804905,5.14625186,37.856
4,66.70567637754931,10.807459343393758,4.55224817,4.55224817,4.55224817,123.024
4,67.11563454044439,12.935122008084646,4.56155483,4.56155483,4.56155483,136.955
4,90.91911919032688,8.256221060313772,4.49660846,4.49660846,4.49660846,36.705
22,544.6408538200052,4.357895997767113,7.27927422,7.2792742200000005,12.66627835,33.377
22,621.4455326449282,5.322976478160223,7.60393292,7.603932920000001,13.18728579,28.173
16,318.68355348557856,12.015218951393733,5.4622694,8.11183076,8.11183025,73.514
2,37.686906946487184,9.705816881969856,3.3527165,3.3527165,3.3527165,73.469
4,72.10919948940392,12.092385816712294,4.6719906,4.67199059,4.67199062,91.245
8,108.78836904851946,7.701512190924804,3.47567,4.53513,6.90167,111.634
4,66.24007066960475,10.857647732392834,4.54163065,4.541631379999999,4.54163138,115.666
3,75.0117137748966,7.571743480045885,4.73385221,4.73385221,4.73385221,58.715
6,152.66478636006175,5.705092254362659,4.7256347,6.15537009,6.15536952,36.727
7,115.06112661581795,16.78061198057897,3.98889882,3.98889882,7.23140327,183.707
4,75.55956687579582,13.598107072701033,3.0346084,4.77679884,5.21254541,89.162
2,37.96548716290202,13.5315935277656,3.36095728,3.36095728,3.36095728,90.157
18,340.9705387115404,13.560121296167125,8.21757912,8.21757594,5.83040313,93.631
4,72.33556320040327,16.145238315594337,4.16047153,4.16047153,4.17894599,113.161
8,120.32511244530588,9.422285779092407,6.70744543,6.70744543,3.217399,113.831
10,145.2691760246404,8.444817809783533,5.82956195,5.83042303,5.97222702,100.02
10,260.2261117198003,5.939888624243025,4.058814,6.9090124,9.71252756,31.738
6,180.99573919427544,4.994927359225152,4.01952049,4.0195195,12.93568311,7.509
4,53.24385896877679,4.754058851616372,5.27599882,5.2759991,5.27599952,83.537
10,115.52902723017553,4.956502916602016,6.14512728,6.14512692,6.14512656,89.565
3,78.67112972841096,3.8693360772633727,6.49919063,6.49919087,6.49919013,8.647
3,79.63762874756436,3.822377000476895,12.603859149999998,3.85789614,7.69149799,7.855
12,172.08994144335105,9.244098412444721,5.01038671,5.01038685,7.91557223,100.935
16,316.66649334072304,4.618779712716319,6.29298567,6.53286496,7.70267704,68.712
8,191.21989612709487,5.45335672300802,6.969667,6.969667000000001,6.969667,50.594
12,145.63311980748384,6.55629674887799,3.680222,4.001793,9.888525,75.269
8,202.83056401053176,5.5183563999980505,7.15000723,7.15000723,7.15000723,49.675
12,146.6950108197739,5.703995434537848,5.34074084,5.340740349999999,6.38057248,84.837
3,39.38870074441634,6.340854967986237,3.8191093800000004,3.81911074,3.81911039,95.332
4,59.868081160885936,10.760288564468775,4.39106749,4.39106749,4.39106749,160.28
8,202.40505815307895,5.494970413576581,5.97774944,5.977748809999999,7.0676017,52.238
10,118.8363055465438,6.51294736571867,5.90404287,5.90404287,5.90404356,147.362
8,179.81329000243102,4.561962011395587,5.75526835,5.75526741,6.78466166,65.34
3,75.72558890676963,11.262215761645276,4.10573,4.10573,5.34870366,30.017
4,69.72553770065574,8.216295858901614,3.5781811299999995,3.5781811299999995,6.60827537,77.064
3,116.46245959659866,5.221618367789466,4.29101157,4.29101101,7.30358344,9.621
6,233.3263182874721,5.2126354425075565,14.809091859999999,14.809091859999999,14.80909219,8.158
9,341.6469022939684,5.339921252945669,4.28513318,4.28513271,21.48415297,6.7940000000000005
14,201.5117867941868,6.6919452479734005,6.58383083,6.58383083,6.58383083,132.026
4,69.05647260877483,10.581944601492728,4.60510775,4.60510775,4.60510775,115.643
4,65.6620593536716,10.951222753035815,4.52838315,4.52838315,4.52838315,144.382
5,55.8102159363317,9.000316031553973,3.82153146,3.82154162,3.82153349,182.751
2,26.321701997040694,8.100938384592983,3.338949,3.33894801,3.33894759,127.369
4,65.87228653061105,6.474057522097882,3.64389486,3.64389436,5.72849411,91.875
12,157.87700371639545,6.075567921612904,5.404717,5.404717,5.404717,105.752
12,280.5875587739642,4.1274694055051,5.19751104,5.43038422,9.94128287,54.996
10,206.57294898458034,3.7990978669271467,5.17206495,5.28931194,7.6504728,55.424
7,110.38566473822584,16.83025619495491,3.94158966,3.94158966,7.10509448,197.567
10,228.044096853473,3.4890756692481015,7.640597270000001,7.6405968,7.6405975,11.099
4,68.1446687236034,10.66488198701797,3.69349435,4.2953368,4.2953368,111.855
4,63.91867841629542,11.214352020097815,4.88490389,4.884903890000001,4.88490389,135.78
4,68.55932542314619,14.895346704364451,3.84605277,4.22207213,4.22207213,139.891
4,64.51630556363415,17.956649227183007,4.01072757,4.01072757,4.01072757,189.833
4,102.03892480932302,4.702284799052804,4.16883814,4.16883806,6.77961741,53.116
2,50.97769325048823,4.706137669714747,4.16196443,4.16196433,4.16196485,53.24
12,157.19963532213475,4.404317566373592,4.89057734,4.89057664,7.18375609,62.326
16,471.39929543536505,6.599078073698676,8.33310615,8.64824985,6.54114516,39.053
3,72.01631412377495,9.94109162783913,4.66998328,4.66998259,4.66998309,69.142
4,115.97478247456591,5.48013999902057,4.34608591,4.34608486,7.08983988,44.379
2,57.88422350678049,5.489907316819495,4.34202012,4.342019109999999,4.34201861,44.641
12,172.8763599936303,4.9058128860536865,5.08269184,5.082691839999999,7.24188431,52.257
8,192.1074097880166,5.019279741895578,5.91454681,5.91454657,6.9028195,58.932
8,169.76227752198807,3.9604347447310477,5.68722756,5.68722741,6.61208281,74.415
8,227.4460221427974,5.562690716680756,6.14608989,6.1460904,7.42574027,47.195
8,118.38057399185203,4.840920899331603,5.80586032,5.805859690000001,5.80586022,12.236
8,204.35131314320958,4.762893142082944,5.9310473,5.9310469,7.16485943,57.007
8,280.1088143066957,5.627526760712987,6.571482829999999,6.571482289999999,7.97902655,36.646
2,70.7116228492509,5.636239509312579,4.641608439999999,4.64160917,4.64161015,35.041
4,141.33765201694402,5.639652799988198,4.63326713,4.63326718,7.60243218,34.727
1,25.501645007135462,9.123650341603188,3.30390554,3.30390657,3.30390669,39.338
2,50.76117376494066,9.167167538647112,3.46499582,3.46499582,5.2209821,44.169
4,103.68141339736063,8.976270077997128,3.32086356,3.32086191,10.85596545,34.679
5,96.2109224861833,5.607516029648241,4.20135206,4.20135189,6.20765488,72.027
10,109.90667721112291,5.613139236783705,3.80378545,5.37531589,5.37531691,163.414
5,82.63024313368298,8.103969300171258,4.14365688,4.143656380000001,5.63428579,121.349
5,71.90680762156917,7.388119972021396,3.91165082,3.9116503299999996,5.4530384,140.722
5,76.27994108982894,6.838809394390309,4.00856712,4.0085674000000004,5.52898162,137.291
5,81.43317933568662,6.594160610562791,4.07149891,4.07149918,5.69386624,113.036
5,73.85991727941843,7.053893421547454,3.78284406,3.7828451100000002,5.81339204,129.529
17,232.8765863250765,5.242248830636707,6.71298839,6.71298822,6.71298851,168.858
5,75.3195421731208,6.789842663319857,4.00041494,4.000414440000001,5.4911528,142.193
10,191.29183474576087,11.728680599951542,4.39565737,4.39565737,9.90030939,122.45
5,91.05014390811107,8.958452775760232,4.17360652,4.17360748,6.00263778,129.851
5,88.99078467529944,5.712903580536491,4.11228068,4.11228012,6.01229926,123.478
5,83.21934342020633,8.037032596036937,5.65984952,5.65984952,5.65984952,87.924
5,72.18730507024055,7.3483799272600345,3.93197206,3.93197275,5.43427827,140.681
7,118.13777915720989,13.22826818817231,7.19623784,7.19623784,4.11589992,177.68
5,96.3425243224249,7.101546879958606,4.24064777,4.2406473,6.13948196,90.121
5,95.47577633056866,10.265259273922851,4.335620460000001,4.33562085,5.93266589,112.156
7,131.5640434134201,12.421516716906476,4.39182564,4.38573237,7.17476334,94.876
5,84.63031367322489,11.394379469816107,4.09973405,4.09973483,5.81006764,166.749
5,86.24831981556883,11.104111111153784,4.20863679,4.2086367,5.706709,168.404
5,88.86122073247985,7.645307616190717,4.23563073,4.23562938,5.7882111,124.834
5,84.67005426736561,7.885898318030788,4.09818229,4.09818286,5.81487803,143.283
20,296.1757974723317,7.0926645408409135,7.27317133,7.27317149,7.27317205,115.855
4,114.18457341489992,8.627142388956672,5.44553822,5.44553822,5.44553822,77.089
10,235.69729892525925,11.030149730248159,3.81448246,7.8606704,7.8606704,80.182
21,261.2787139650587,7.417985950642117,8.98661006,8.98667527,3.73569303,176.981
22,273.06898094042174,7.732734300266251,6.52917311,6.52917311,6.5291733,151.877
10,250.43965348358938,7.165311584080571,7.57634708,7.57634708,4.36298151,62.668
10,224.08302237942382,6.39706489289734,7.728352,7.728352,3.751761,53.011
10,245.25476964861005,6.091124779628689,7.48011476,7.480114759999999,4.38329743,64.09
10,236.87664265643315,5.057229110940613,4.3438952,7.38450604,7.38450604,68.732
7,106.24377703013437,7.942047565306932,3.3567846399999994,5.7565567699999995,6.30590177,136.107
5,76.50928134644846,7.123829437521254,3.87098374,3.87098416,5.89577273,120.983
10,243.11615403682126,9.566036608942317,7.97303055,7.973030549999999,3.8244322,77.426
7,127.75119148292337,9.369482538014088,5.93919113,5.93919113,7.14877269,114.211
5,104.13952303693941,6.920126556525714,3.98862666,3.9886266600000004,7.10404563,78.176
19,302.95618695555885,7.630732373864701,6.76528199,6.765285769999999,6.76528426,76.111
4,111.01223880334426,8.26948532248812,5.3946336,5.3946336,5.3946336,35.63
11,160.66767135833064,8.953253309749574,10.30483974,10.30483974,10.30483974,171.176
4,106.09620730229872,7.00126983249064,4.73405104,4.73401939,4.73409415,43.376
5,124.05038839781575,6.148730543884092,4.98731642,4.98731967,4.98728285,64.659
4,103.52547436385517,7.860693679939483,4.69516669,4.6957411,4.69561055,43.072
4,120.12711151651799,8.674710966302715,4.93413771,4.93538542,4.9329725,47.518
4,115.56075546615993,7.745941654699553,4.87086964,4.87067124,4.87096545,38.321
14,453.72245325751163,6.812726177524981,8.38437551,8.38437551,8.38437551,40.96
4,100.49297941432584,8.026615204388937,5.71069978,5.71069978,5.71069978,34.023
11,150.90233704339468,7.17596512135645,6.382150270000001,6.382150270000001,8.95424928,144.347
2,47.591103244856576,8.65261413370103,3.203022,3.203022,4.638803,39.055
8,172.3700352940744,7.66499744877147,4.06892646,4.06892646,10.41123116,77.05
8,191.04891199369888,5.809444048020942,5.38485701,6.02968406,6.0298889,55.79
6,125.49646011508709,5.136015627133964,5.61973076,5.6197314,5.61972975,74.275
8,169.39428031182663,4.334028143803688,6.537129780000001,6.505560109999999,4.60687207,65.0
6,95.88144043836947,5.861459257823279,5.25037546,5.25037546,4.01627272,114.955
6,107.99899884961053,6.6714407748136715,5.43264891,5.43264976,4.22537958,108.295
6,109.54531808587595,9.265288688852285,5.46698175,5.466981750000001,4.232217,130.404
12,209.85478076716208,4.858069556581977,4.033449,6.86051565,7.58377672,88.552
12,210.92920619502283,4.8295480848403685,4.10323918,6.60511109,8.04856591,89.025
8,132.6023689485836,4.914037055652604,3.97626102,6.23614941,6.23614996,96.912
4,85.64339547742915,7.422763990264239,4.94769544,4.9476954399999995,4.94769544,68.397
9,164.0964709796843,6.854529034932781,6.86576055,6.86576116,4.01967808,87.249
10,106.89261419225446,6.682872903849046,5.31034173,5.31034336,5.31034009,182.218
10,106.62207005444114,6.699830106864937,5.33074943,5.33074943,5.33074943,185.363
5,53.243562933991896,6.70832036440362,3.76203913,3.76203913,3.76201474,191.964
9,188.4229644370848,7.2313885980462125,7.19776475,7.17393088,4.20891694,80.506
8,162.35667947810543,4.56705732585483,4.1444742,4.1444742,10.91442,82.941
2,56.35696875844001,6.336010327619249,4.30349029,4.30349021,4.30349044,62.335
6,130.7177505891881,6.278007684224176,3.945954,3.945954,8.39519,80.376
6,81.90490636845873,14.970089545611708,5.56908789,5.56917209,3.04932862,243.781
6,80.02303326345005,9.762290249950263,5.49538215,5.49537598,3.05977801,205.713
7,70.35874087017966,4.837787248828153,4.12417164,4.13038571,4.13038674,172.63
5,82.20577785631383,14.870657794336113,3.99756756,3.99756756,5.14411559,174.986
5,74.69804230192618,10.217884779899359,4.21149204,4.2115074,4.21148897,190.777
2,71.9326739118625,8.058760775799923,4.66817357,4.66817362,4.66817495,38.203
8,136.26446203026154,8.542909813113042,3.900253,3.900253,8.957711,95.872
4,97.05889575762956,12.712174062763218,5.15842097,5.15842097,5.15842097,114.419
3,44.66747960780485,6.1019016018832,3.7663144400000004,3.76631426,4.12408937,95.24
36,437.9495516529821,4.984996164526957,7.16109235,7.16109235,9.861317,97.581
3,73.98379178757313,8.190899548288819,5.16153277,5.16153397,3.20662741,47.338
4,95.02500948558345,8.262174046367393,5.12213444,5.12213444,5.12213444,53.25
4,97.40730613569376,8.137548357057309,5.164586950000001,5.164586179999999,5.16458568,41.295
8,160.40675048389417,7.11078331082704,4.163201,4.163201,9.254818,70.396
4,90.11645560665194,11.912056554176951,5.03237543,5.032375430000001,5.03237543,74.979
6,86.08375369805013,9.399934945291376,4.95609607,4.95608258,4.9560788,121.691
6,65.6143564152479,8.567559249269538,5.11883367,5.11892988,2.89148443,321.221
8,102.46301791978543,7.230266014899476,3.76888923,3.76935164,7.35627916,171.563
6,126.96336514172263,7.227443370118421,4.26601977,4.2659344,8.05557419,81.668
16,322.45319950749064,5.5161999201548575,6.52903877,6.885866449999999,7.24042775,51.385
6,122.75596101645388,6.269769299805433,4.17310472,4.17310484,8.13941776,84.581
6,139.80972825238487,7.657711768948335,4.58267198,4.58267198,7.68721948,32.511
4,94.39500512492687,7.624705246275907,5.11078962,5.11078962,5.11078962,51.683
6,99.28577114590281,8.42283231449171,5.197551029999999,5.1975337,5.19753072,74.162
6,109.651735001758,6.7858108492094535,4.03397338,4.03397338,6.73828618,82.529
6,107.05795008238297,8.71892767793857,5.37994996,5.37994996,4.27102198,101.993
6,108.28555762692547,8.243144149925111,5.94672801,5.94672801,4.66639672,87.707
6,133.40365170160672,7.032302484472442,7.94563961,7.94563961,7.94563961,66.669
5,97.46821126746232,7.8529333747207515,5.91268708,5.91268708,5.91268708,95.273
12,238.00251629778708,8.809457336124211,4.50899045,7.39810139,7.13480248,109.376
4,40.38447351742614,5.885659579680098,3.85102621,3.85102621,3.85102621,41.701
6,113.64209131256689,6.431736279943513,4.04212874,4.042130160000001,8.03134304,94.096
3,75.3398373345791,11.930516279965124,5.06066031,5.06066221,3.39687437,64.176
6,109.5063158695149,15.908411522854829,5.37012695,5.37012882,5.37013151,195.743
6,104.57311529521505,17.486208363130242,5.27434179,5.273991340000001,4.34091943,231.621
4,100.27527993190024,3.5277517911825873,5.21478349,5.21478417,5.21478304,45.536
9,204.20223857878193,8.77030686039865,7.56304187,7.554609519999999,4.12524885,79.546
4,82.86026018054847,5.916658879668349,4.89350914,4.89350889,4.89350996,51.635
6,119.007400066496,7.470399655674397,4.058,4.058,7.226864,76.858
6,83.35111936535864,8.563119522075839,4.90315337,4.90315337,4.90315337,155.95
6,124.96121065735225,5.93035119209181,4.23953295,4.23953295,6.95247113,81.905
2,32.94088292406481,7.769274592529829,3.59818478,3.59818466,3.59818407,143.06
4,81.61327624071932,8.090124332095655,3.56971008,4.19071252,5.74011526,71.273
6,80.26208295326775,8.970381587763505,4.84125093,4.84125591,3.95419173,146.347
4,52.76802118718451,7.0121873216758654,3.77626263,3.77626326,3.86306801,129.653
2,30.622057655801708,8.465653218798577,3.51169262,3.5116921700000003,3.51169223,148.033
3,40.85964152117792,6.99475910945566,3.86607151,3.86607158,3.866071,170.992
6,109.92491595540622,15.727767973782726,5.37696199,5.37695179,5.37696421,192.391
2,51.9942967174531,5.464084563679829,4.18944988,4.189450360000001,4.18944865,69.44
6,122.88334590441221,7.500052971639419,4.23894707,4.2389471,7.89671458,110.052
8,129.64964348183543,7.381424795592091,4.020868,4.020868,8.019212,119.689
4,117.35027586657364,10.77849342987145,4.89585243,4.89584294,4.89585243,50.804
8,129.5956808768714,11.340424744389358,5.680263839999999,5.68026384,5.68026384,143.898
6,110.2498555241187,16.801755448845046,5.36853902,5.36853964,4.41707814,444.605
6,108.40344178834907,10.597916247268572,5.35205345,5.35201259,5.35210898,144.079
4,65.77520365024564,11.33107706688571,4.03664664,4.03664664,4.03664664,171.204
6,106.6837283170272,10.654473152333116,5.32358607,5.32358777,5.32358236,219.851
2,45.89056514365223,6.2303280975231825,4.01864443,4.01864323,4.01864293,87.161
6,109.79387190743287,5.782852224285527,3.96627573,3.96627573,6.9793069,84.351
2,68.2224821368616,6.374076632687264,4.58649443,4.58649446,4.58649346,54.99
20,263.33288447133674,5.878825617249282,5.62210231,5.81908325,8.04918263,160.352
2,55.13921303816498,6.59755983116629,4.27226876,4.272268390000001,4.27226769,93.807
8,195.57246046166134,5.712566310034235,3.96364308,5.96541162,8.2712804,69.426
6,122.17049558291002,5.335858394712034,4.1800057100000005,4.17985973,7.59143627,89.084
12,196.58892005452023,13.057640751034535,5.61847969,6.67432328,6.67432332,195.504
6,96.77544570527553,13.262597113339046,5.52643803,5.52635237,3.65895556,164.527
6,98.8361361331171,8.392014457052554,5.62979433,5.62979433,3.600809,185.912
8,126.01521336765396,7.123101372473192,4.174746,4.174746,7.230409,84.663
12,156.2047646523008,4.936797903397149,5.893599739999999,5.893599739999999,5.89359974,148.899
6,123.30634556550109,9.653834221620501,4.21842103,4.21842103,6.92923962,93.891
4,61.534706477550465,8.702113568015822,6.1181320900000005,6.1181320900000005,6.11813215,141.282
4,105.25730919314007,7.828775760201353,4.72154731,4.72155889,4.72152732,58.694
12,285.22313542409074,8.505695049806638,4.74009404,7.54823534,7.97172594,77.982
12,172.1231310930039,9.302258822314162,3.93489349,6.8116566,6.8116566,184.155
4,93.47179371572619,13.118352224908076,5.09407332,5.09407332,5.09407332,83.944
4,125.70662066785863,5.374124296184743,6.11972571,6.11972571,6.11972571,31.059
2,47.70912082145649,7.153397217630055,3.62688516,3.62688516,3.62688516,35.292
6,128.06796642111428,7.025902021734575,5.73569417,5.761784740000001,5.77398678,49.695
4,80.77754167742633,7.787014056515029,4.85216108,4.85216108,4.85216108,58.884
6,97.24202509550305,7.913779280605787,5.1738105,5.17381141,4.19471586,88.31
6,105.42444230886409,8.650174546951494,5.30899341,5.30899341,4.3190311,99.644
8,166.0031711277787,6.8677863691167955,4.157669,4.157669,9.603213,67.523
1,10.841542641407175,9.02647123113459,2.4842888,2.4842889,2.48428809,200.587
5,50.92955994442612,14.614539261180758,3.17056605,4.49128173,4.49128154,335.374
14,143.2786329904762,14.901560984850839,4.49934621,4.49934621,10.7389428,331.967
7,115.82326732951464,7.056016625156246,6.188994259999999,6.188994259999999,6.16496885,95.313
9,109.86723058030286,8.741423290347827,5.98709443,5.987094430000001,3.539202,183.184
7,56.78250891358544,7.517142575114343,3.01454897,3.04282201,6.5503499,312.139
10,125.66503516896306,8.633833211990112,3.82672984,4.958935020000001,6.62213815,157.602
6,69.67412885996977,9.080653282646514,4.0052798,4.0052798,5.015049,208.679
7,115.71301687281806,7.066180719509663,3.5438905599999995,6.11827231,6.36454836,100.763
9,94.7627642710985,7.824430491904839,5.70373084,5.7053849,3.36295078,229.015
12,127.2271036298651,7.770510539610348,3.44718675,5.73452173,6.43602357,223.42
12,125.3226786361899,7.735513417528479,3.70480194,4.85567766,6.96650294,212.261
7,108.05592480236034,7.350991405117448,5.33050038,5.33033584,5.33039312,101.711
16,150.28319501255723,8.291937261765176,4.408027,5.150889,6.618872,241.093
8,66.42097503012864,8.890454916584432,2.51669292,2.51669292,12.10916332,215.784
28,337.29881585504484,9.42520528736272,7.813457810000001,7.813457810000001,7.81345781,298.478
4,42.74719400073707,9.147858969230795,3.49575341,3.49663048,3.49717273,258.138
8,96.06905638858954,12.85590272656987,5.19215023,5.193316370000001,4.11363718,211.803
14,212.52255849998278,4.767149076469098,6.69843904,6.69843359,6.69840662,147.145
7,117.19243229770832,6.980376307157093,3.58189318,6.166352450000001,6.38719373,91.783
14,247.93309032894834,6.598935839533806,7.04730271,7.04761789,7.05875957,98.035
5,56.93732235691284,8.968624209738836,3.84709,3.84709,3.84709,198.668
13,166.27762973258555,9.868428011323797,8.94153852,8.94153852,8.94153861,317.793
8,105.57543279899667,8.42131964859498,3.45630823,5.21903758,5.8527501,195.215
8,107.44329564278102,8.274918051611776,3.53475996,4.97744133,6.10679364,161.139
12,183.7683898408798,7.546049913501582,5.84491764,5.88352459,5.93509456,121.796
6,91.92037809190512,7.543079516473489,5.06373413,5.85637266,3.09964675,124.542
16,275.5006481273541,6.839789418629635,7.09983323,7.099833229999999,7.09983367,108.351
12,158.99166484610643,9.891077502636826,3.799576,5.959881,7.021043,195.109
12,171.72923389449937,6.417458359453433,5.55797365,5.5635341,5.55363067,135.022
12,171.6484510501986,6.420478605405474,5.55750629,5.55750629,5.55750629,123.363
6,88.04528471998204,6.2585135088368515,3.46736309,4.57897892,5.54546714,142.377
8,60.524275067720765,7.653984157483354,3.04722352,3.88778294,5.10885145,308.915
12,120.87470596298614,9.104471500739205,3.22342912,5.70925821,6.5680677,299.575
12,121.21308235205592,13.895743095950913,3.2335915,5.69842057,6.57824193,325.769
3,77.81513082173893,4.667836402046815,3.74318756,3.7431893500000006,6.41283478,36.206
8,146.78579537177757,4.377156532208452,6.465184,6.465184,6.465184,72.689
8,156.97435086911892,4.580400772299555,6.58254217,6.58254217,6.58254217,68.316
8,103.63940102304913,8.432408082773062,3.71033308,4.8720105799999995,6.10179279,156.743
12,169.30370592377903,8.011732214276368,5.59753108,5.5999184,6.08323726,122.975
3,87.01640046154218,5.968076488000352,3.89176742,3.8917667900000006,6.63402127,2.998
12,143.21672660418852,8.619276260692574,3.71320591,5.781811650000001,6.67084378,244.767
8,104.37274644672601,6.899105122899037,3.2941434,3.2941434,11.10635471,212.426
12,154.83268842041977,5.1856532009210445,5.5196042,5.514386,5.58260591,164.337
16,226.76869203292316,4.447885574159597,6.653778000000001,6.6537776,6.65377912,143.928
4,53.42636459425499,15.790162017511753,3.72521526,3.78705947,3.78705947,218.25
4,58.13583289379899,18.399920164065392,3.87389884,3.87388641,3.87390299,227.99
8,109.15735816847113,18.788891288304114,5.38915222,5.38914803,4.33991529,352.906
12,120.52575809062456,14.105431594620187,3.291599,5.626573,6.507722,352.135
12,168.5685481850323,4.849095408220768,5.52406223,5.5240537100000005,5.52408168,127.327
4,66.0023957261725,9.092036932426055,3.84467794,3.84467918,5.15595391,148.223
12,240.51946890079375,8.352510490938002,6.37691843,6.52336552,6.48507768,98.829
6,120.4577884857717,8.338777477663927,3.39545134,5.55606634,6.38513306,99.768
16,371.0008899311314,7.594834438048272,7.840249599999999,7.84033647,7.84029276,84.037
6,101.91026532806553,6.9334191976263,3.62359817,4.83794577,5.81322195,113.942
24,402.4393002273977,7.0230376572222815,5.82273515,5.94471784,11.62631546,118.332
6,104.36753161390027,6.900483262357194,3.6559413999999997,4.85535439,5.87956576,109.411
12,203.67643226521633,7.071867834934055,5.88289015,5.88377538,5.8842885,99.992
12,228.740769792862,6.296965824565727,6.8646678,6.8646678,6.8646678,30.307
8,84.20725641751147,6.863918808017789,4.3831181,4.3831181,4.3831181,226.984
3,37.490405873318316,5.098238024948021,3.75674609,3.75674542,3.756745,173.636
6,99.80698056864134,8.866618264913896,5.24599465,5.24608521,4.1875903,125.544
6,108.3188382500848,9.086250673416574,5.22495557,5.224955630000001,5.22495578,103.565
4,59.780638910292375,10.651285826741823,4.60212605,4.60212605,4.60212605,185.482
8,105.31368383135445,11.12978556432904,5.33001604,5.32982931,4.28071643,287.788
4,70.18963917155871,8.82596524512363,3.90921122,3.90921122,5.303518,113.699
6,133.8790473900521,7.792562814140915,3.93612091,5.322095989999999,6.39089202,74.058
2,26.16895767845825,6.598776805890576,2.9688991499999995,2.96889934,2.96889957,233.652
7,124.68788290426598,6.3861203275719065,3.526898,6.19380579,6.64297966,64.817
6,80.20211495306474,7.4086164695981305,3.560749,3.560749,6.32562,155.123
6,55.41997794789224,6.879656250180331,4.19077085,4.19077167,4.19050457,292.013
10,77.23135615767693,5.866512925727157,2.930742,2.91180208,9.16647541,298.232
14,237.68287482405896,4.133107763693984,6.95293818,6.95293264,6.95294779,94.549
7,133.7824734948234,5.904215658152233,3.69287,6.38772954,6.75487593,52.11
8,86.972719819324,7.091996518011755,2.84344957,2.84345163,12.42112965,183.799
8,91.43948373039053,6.818051378352021,2.94012977,2.94012977,12.214343,162.519
8,94.08726159981711,6.658688970175692,2.98201756,2.9820173000000003,12.21742986,202.882
14,318.2895295608673,6.473573313873545,7.66379584,7.663855619999999,7.66384197,67.353
5,56.70488511129479,14.654734285206915,8.928232559999998,8.928232559999998,8.92823253,307.831
7,98.93707601325703,4.8831697397812155,6.3041591,6.3041591,5.68588506,123.11
7,127.60482553900262,6.227119162006222,6.5864962,6.5864962,6.29379294,63.633
10,204.47889923300704,5.536332675223468,6.92883892,6.928935460000001,6.92880605,55.481
20,514.8703263082747,6.279930500881361,6.895947529999999,6.89590549,12.50214796,42.043
7,54.97859446101612,6.017487736529442,2.92450459,2.89811874,6.80563144,300.71
20,172.77345972895233,6.920348532778228,2.78828942,5.440859559999999,11.38863471,319.679
10,88.29308172352238,6.770930038903246,2.81054521,4.80163199,6.84213668,309.637
5,56.14677696976979,7.089651908918763,3.829202,3.829202,3.829202,295.563
8,94.1587720503018,8.06395869750609,4.54939447,4.54939447,4.54939447,229.213
5,47.3542030542122,6.452268054176846,2.8653579000000002,2.8653579000000002,6.11319989,162.71
8,99.42220900255235,8.586720299670665,4.632632,4.632632,4.632632,265.536
7,140.06106013223152,5.593912578074266,3.66873344,6.41718486,6.93023965,59.625
8,89.99001129850284,6.793236983839594,4.48123895,4.48123895,4.48123895,246.829
7,177.70749331775255,6.226883214443711,4.028982,4.0288,12.64197755,29.287
16,144.37733629204763,6.726319427966665,5.4104797,5.410479710000001,6.24193626,290.926
16,184.3009488843467,6.203104117782038,4.54810045,6.75939638,6.75949757,224.113
4,73.18795805053773,5.082137776115401,7.08252043,7.08252017,7.08252062,77.616
4,84.7831253176718,6.224036253230735,7.34131411,7.34131431,7.34131527,62.714
4,68.11100363420069,6.1884802202985805,3.63015948,3.63015958,5.96808806,97.069
4,32.85225493840255,6.349253258329706,2.90195057,2.90339431,4.1606184,295.159
8,65.63257234309341,6.356212449536285,2.9004691700000005,2.90049441,8.06683755,304.935
3,22.994072023101243,5.316402032090877,2.95928836,2.95928836,3.031871,259.702
4,37.47576052523658,11.407886795840103,4.36006055,4.36006055,3.00149233,301.097
5,36.81675504005054,4.295596035169496,2.8497126099999996,3.8835453099999997,3.88354476,282.538
10,72.953526579668,4.335634324822996,2.84567529,4.70638119,5.44720661,274.936
24,667.616878252814,4.353329394889789,6.378436930000001,6.378514359999999,18.94789674,6.419
2,16.636215125074013,6.388820490566707,2.70695543,2.7069554300000003,2.621571,336.54
8,186.86885400513583,2.8143248559281737,5.995969709999999,5.996073739999999,6.28995714,10.055
8,185.64610718817764,2.832861235772564,6.89482795,6.89423045,6.89309483,8.799
4,44.745026357582056,7.34607615117623,3.98492289,3.98492289,3.98492289,222.218
6,74.32459439196963,8.202506551035693,4.10051151,4.10051151,5.104178,183.828
4,65.26573713649276,4.57135021735746,6.43724274,6.43724274,6.43724309,92.238
4,77.4980323640424,5.859432647087424,3.74844368,3.74844368,6.72646308,79.768
4,43.68365781030159,7.289779521031829,3.9531624800000005,3.9531624800000005,3.95316248,227.075
4,47.65289363966677,7.649902042664968,4.06944102,4.06944102,4.06944102,178.768
8,88.38767815263681,8.471721944778096,4.012566,4.37047,5.04023072,191.177
12,134.76022381935596,6.842004121534559,3.54130634,5.782213310000001,6.58118528,238.171
4,46.92481460988521,8.478266132723993,4.04860917,4.04860917,4.04860917,199.836
4,46.146557597614006,8.398999833770809,4.02610196,4.02610196,4.02610196,204.598
8,108.36370774657664,7.639572980719025,4.767543,4.767543,4.767543,157.411
10,296.95174011755364,5.675113866629173,8.22483787,8.22483755,8.22483708,12.438
4,55.48671404528077,18.81338781859335,3.81417244,3.8141199,3.8141199,307.958
2,18.40127625501664,5.956121006999894,2.9633819299999997,2.96338239,2.96338203,127.896
2,21.291882973684615,5.147512232411371,3.11106933,3.11106933,3.11106933,215.484
4,43.47438261135163,8.711558027872444,3.49868912,3.49868912,4.32830321,196.281
4,44.53370566970056,8.50433623587707,3.544565,3.544565,3.544565,205.939
9,121.49952682960621,7.610263789935516,6.20529595,6.20528499,3.64362671,130.106
8,95.65654587475613,5.7612240180317755,3.05751337,5.3143109,5.88707233,198.838
10,263.63315723294954,2.1314623013229164,6.39283487,6.39283487,6.53536939,11.204
10,148.26998438271755,3.9397606244738257,5.17427939,5.72485794,5.9407696,125.759
4,58.90403688324943,10.46592544831474,3.89097501,3.89080869,3.89087018,152.758
4,59.13449644008253,17.894383656707465,3.89595267,3.89595267,3.89595165,231.851
4,54.46377524873818,10.997720268493312,3.79056417,3.79054855,3.79054647,230.758
3,53.14912507879858,3.6281298268865063,3.35782949,3.3578249,5.44316485,33.052
3,62.55285861570485,3.082703656374504,7.8924697,7.8924697,7.89246928,39.182
4,82.33618001637954,7.008554257818905,4.01756718,4.01756718,5.89025,73.845
6,122.94775719855352,7.982512909973485,5.443431580000001,5.443431580000001,5.44343158,82.324
6,143.6720464567725,6.831057838276345,3.43708937,6.03132998,6.93056057,56.636
20,482.6282120889446,5.651366994959467,3.82541442,9.32794413,13.52534271,31.363
8,97.3059135804223,5.466414963227016,4.599526,4.599526,4.599526,183.655
9,107.32370402203208,5.020764904412092,4.41048967,4.41048967,6.370762,194.579
3,34.850362806660456,5.153911783307148,3.05499608,3.05499835,4.31393026,189.969
9,104.17919498832666,5.172309947544782,4.36556825,4.36556824,6.31202585,194.648
4,51.00726207481478,9.187711197000457,4.16276924,4.162769240000001,4.16276924,253.029
10,293.2488051329808,5.242190028604852,8.259897010000001,8.25989776,8.25989744,12.075
4,61.649604902032145,10.141530601209892,4.66731871,4.66731871,4.66731871,167.812
24,641.0541413260074,6.365903819789082,7.7264549,7.7265834600000005,12.39910642,30.068
1,122.47682500539788,1.8019302455194377,5.41866063,5.41866088,5.41866011,1.974
2,250.34721623583067,1.763108842756376,5.107692720000001,5.10769249,10.25323166,1.717
2,248.43025528637457,1.776713509375217,5.56630621,5.5663059,9.25847896,1.972
4,496.91339769545345,1.776524411504609,5.56590765,5.56590949,18.52157517,1.972
5,122.23595836306929,6.5870678427074445,4.06415201,4.06415228,7.93886493,43.315
5,104.48435813849859,5.004642040837185,3.76574868,3.76574899,7.83438602,53.974
5,112.87759934889199,6.0122537557358795,3.9323240000000004,3.9323240000000004,7.81141652,49.34
5,107.93622145382301,6.068220500495267,3.6716714300000004,3.6716715999999994,8.41687015,43.521
5,121.57087383224068,4.162300585753064,4.15400402,4.15400388,7.63303844,45.548
18,264.5671045182784,7.649243952922986,7.20582565,7.20582165,7.20587043,134.549
7,144.29191695927003,5.174919911504573,4.45196838,4.45164704,7.9312607,30.729
10,172.9411296127979,3.971845266291687,6.25371036,6.25371036,6.25371036,23.35
10,177.26901650537735,4.713864291360362,6.3054479400000005,6.3054479400000005,6.30544794,23.081
5,127.30107443961175,4.0022421712732585,7.14923165,7.14923165,7.14923165,23.555
15,439.1488574399013,3.4693313930985057,5.86694,6.084352649999999,12.98505597,17.81
24,508.4467058980743,4.256387207246124,10.39933932,6.16631086,7.98879759,22.432
7,292.21019779190436,3.5545485353000306,5.67891796,5.67891796,9.91071454,13.971
7,251.60294126339375,2.954754178220955,5.39162792,5.3916279199999995,9.45763697,17.305
7,150.0860645736472,4.225114705706886,4.49853317,4.49852778,8.06947028,32.545
7,164.2940838982341,3.1324035430532735,8.40934201,8.40934201,8.40934201,15.217
10,344.4649158044376,3.072271135571466,7.86840425,7.86840425,7.86840425,23.328
10,321.5107492713483,4.0169147402500345,8.47382408,8.473824080000002,8.47382408,17.491
7,219.4160647484646,3.47839304065055,5.10776182,5.10776125,9.15294175,17.295
7,131.7809653298816,5.107720737484823,4.31933474,4.31947949,7.69532989,24.684
9,276.3428927751252,3.3119632249000364,7.31118537,7.31118524,7.31118516,8.703
22,382.6865658954207,3.2269931077662997,6.144766440000001,6.144766440000001,11.48361288,18.333
9,180.57538118144458,4.293920532509797,6.344409100000001,6.344409100000001,6.3444091,11.873
9,174.15293038104852,5.323278521079763,6.3607443,6.36074362,4.97031964,19.374
9,410.2922488706956,4.879833819334147,8.34070519,8.34070451,8.34070551,6.99
7,156.851048882128,5.742182102072649,4.65184744,4.65184741,7.95975951,28.269
5,143.14137285178742,5.781781770075577,4.43915518,4.43915479,7.91302743,20.095
10,239.89416340760533,4.870292850508549,6.97447561,6.97447561,6.97447561,27.515
10,189.63176858424458,4.22460757288697,6.448747380000001,6.44874738,6.44874738,34.359
10,180.62094633339544,3.9799252363405944,6.34494269,6.34494269,6.34494269,34.612
10,230.08157735420372,4.518670712288506,6.87805453,6.87805453,6.87805453,26.386
10,340.4761432547772,2.7437788573679662,7.83791522,7.83791522,7.83791522,16.957
10,197.96982538717006,3.9151633944391193,6.54191152,6.541911519999999,6.54191152,41.268
10,212.49603897901957,3.962898546415936,6.708093229999999,6.70809323,6.70809323,29.868
16,298.4377836419857,2.7141118335672814,7.501065100000001,7.501065100000001,7.5010651,25.8
10,181.49323628634488,4.176345730332406,6.36087582,6.36087582,5.179597,23.035
10,341.2421097623227,4.218931979930941,7.84378845,7.843788449999999,7.84378845,16.592
10,292.8815332366851,3.744453496937285,7.45422211,7.454222110000001,7.45422211,19.84
10,178.1294310702597,5.510527854568887,6.315633110000001,6.315633110000001,6.31563311,33.191
10,300.09099534494993,3.178280568961848,7.51489045,7.514890449999999,7.51489045,19.256
7,137.14000707820117,3.561642573730658,4.29975155,4.29975323,8.01674767,13.137
18,500.5668096985263,3.7079983090417112,6.0833097700000005,9.652656439999998,9.65265607,24.479
7,224.45757028274286,3.422029946557601,5.14018026,5.14018852,9.2401435,17.789
10,160.45600841429845,3.3305766953862896,6.09944511,6.09944511,6.09944511,23.548
10,305.5594053616988,3.1326202942933095,7.56026267,7.560262670000001,7.56026267,18.551
10,329.0236452601714,2.733367185617583,7.74903048,7.74903048,7.74903048,16.182
10,192.15313789703396,4.92622946381248,6.477202770000001,6.477202770000001,6.47720277,31.129
10,174.5873735973254,4.062205260328552,6.27349096,6.27349096,6.27349096,31.063
10,164.75987103752092,4.200713520605561,6.15349918,6.15349918,6.15349918,35.858
10,329.1086799597117,3.144792740199543,7.74969799,7.74969799,7.74969799,17.435
10,181.81877220922814,4.089244386400571,6.35893774,6.35893774,6.35893774,34.148
10,381.40427898161147,3.73173244028234,8.14017084,8.14017084,8.14017084,15.187
10,194.76139322657315,4.192216789980539,6.50637799,6.50637799,6.50637799,32.42
9,173.192961825893,4.5322257944871,6.40929625,6.40929659,4.8683174,22.614
9,242.05498984742084,5.1981663438911445,6.13681511,6.13681549,7.99306266,13.155
7,142.1284607788515,6.6222321693927775,4.36611097,4.36611359,8.06986666,34.259
3,102.22237849125894,4.577833409776601,7.12301787,7.12301717,7.12301844,6.526
9,293.4613472449877,3.880169044875918,7.45913749,7.459138240000001,7.45913803,8.082
12,272.5951358679941,6.3475525296376,6.09889198,6.91288304,6.91288162,35.148
9,345.50073710267014,4.544993123750626,7.66044595,7.66044595,7.66044595,11.422
9,244.1797068782478,4.850992123676078,6.22475749,6.227376289999999,7.86042726,18.92
9,266.71164632680234,5.609045476562647,6.47570604,6.475682570000001,7.98569785,15.031
5,151.57463680197594,4.341045741505476,5.73726454,5.73726454,5.317239,27.319
9,179.39588010245564,4.500602257545482,6.3305661,6.3305653500000005,6.33056516,11.305
9,383.0662473235006,4.9142490477973535,7.92447853,7.92446297,7.92513957,9.131
9,385.1352601450863,4.887848857161659,8.16662826,8.16662778,8.16662752,7.646
6,230.63964159453042,6.636621433634543,5.80714491,5.80714423,7.89728909,12.618
9,246.61196413392955,6.594181059135179,6.37772788,6.37772917,7.65505727,20.277
9,270.2350705025199,7.170378951158477,6.6240657,6.624065189999999,7.81662306,15.169
9,316.29440828149814,4.936654699296068,7.64778257,7.64778203,7.6477826,8.763
5,146.72679402453466,5.487903371496932,5.70109949,5.70110165,5.21268359,32.694
9,276.273892294298,4.0487377753994,7.31057614,7.31057657,7.31057662,8.616
9,167.21660072970548,5.708880187878429,6.21941225,6.21941223,4.99171833,17.328
9,181.39494533385837,5.262657882959257,6.35399288,6.3539929299999995,6.35399339,11.837
9,385.928894570858,5.259292594343122,8.172233459999998,8.17223394,8.17223333,7.331
7,142.00527947407315,6.709831086332215,8.06023885,8.06023885,8.06023885,36.666
10,428.34612692265364,3.6654330935882204,8.46129066,8.46129066,8.46129066,12.617
10,223.8570607869904,4.3030017803882545,6.81546144,6.81546144,6.81546144,28.556
10,225.0625988771743,4.0837465439869725,6.835582179999999,6.835582179999999,6.83558218,28.677
28,632.9015013828981,4.521971194281184,6.47080269,8.51285019,11.4895489,18.521
28,564.5767870882778,4.257384326167216,6.25042772,8.25399657,10.94331742,21.231
3,150.75814558783787,3.797509934567307,5.97789268,5.97789288,5.97011603,11.808
9,281.27360357378853,3.291215718386561,7.3544127800000005,7.35441219,7.354413,8.965
10,233.2703020069489,3.518074031287966,6.90968342,6.90968342,6.90968342,11.517
9,172.01129088158694,3.9376020133202783,6.24248263,6.24248278,6.24248158,16.017
10,334.55622208374274,3.532397280609782,6.19892461,7.53701268,8.66507158,15.288
9,331.50675303284066,4.32755668784856,7.768474790000001,7.768475170000001,7.76847615,7.65
9,288.8351834123071,3.433579391272302,7.41973152,7.4197332199999995,7.41973315,7.82
9,172.24129276300695,4.806034109831571,6.30441264,6.30441188,5.00400148,18.663
9,408.62042983312017,4.656866929259953,8.329361969999999,8.32936169,8.32936069,7.069
9,417.54632400484246,4.592671635184372,8.38957412,8.38957367,8.38957342,7.489
9,277.04734246157966,3.155059912190178,7.317391880000001,7.317392450000001,7.31739247,9.126
10,410.9472568855332,4.301130797607751,8.3451413,8.3451413,8.3451413,14.846
10,224.11830652833214,5.179055574482149,6.81811167,6.81811167,6.81811167,31.424
10,180.96839636252162,4.62763264049117,6.34900855,6.349008549999999,6.34900855,16.605
7,144.21224790079447,6.538392016869726,4.392605959999999,4.39260457,8.09378613,35.463
9,292.55957896070765,3.233860807947034,7.45149032,7.45148972,7.45149016,9.79
9,175.31438684715857,4.4614476048338005,6.38815355,6.3881526,4.96062357,18.985
10,378.5473321061921,5.366422171202746,7.85221889,7.85221808,7.08932365,7.783
12,477.1902632284097,3.8930243691864206,7.08300551,7.08300615,10.14612867,12.943
14,553.1314724525145,4.61061768243553,8.01402722,8.01402757,9.94480076,8.611
18,624.5557282846812,3.3761612266650225,9.76793771,9.76793771,9.76794165,11.595
28,587.2208868691234,3.8776930291929674,8.847805669999998,8.84780567,11.21804152,17.551
12,360.94362285237787,3.199670137800833,14.09436072,14.09436072,14.09436072,21.386
28,1328.9189872180464,4.459304235578294,8.47817917,8.478853220000001,21.34383249,6.988
14,661.5533265518238,4.478893711660313,8.51747396,8.51747344,10.52961796,8.137
28,845.4797644736757,3.1955678054955694,7.37346492,7.36934408,17.96458542,8.691
10,243.21375241805768,4.895924155059456,6.85971846,6.85971821,7.0882024,19.917
10,270.0886203490129,3.6987906662303556,7.231951439999999,7.231951439999998,7.23195144,19.609
4,151.0470727953025,6.762174304230586,5.97781454,5.97781454,5.97781454,34.847
5,159.1663308167038,5.012776213043874,5.41674293,5.42025486,5.42117336,25.511
8,253.25469689040528,4.087239015285118,5.06837042,5.06837042,9.85872638,17.28
10,278.69813101323604,4.136571196097332,7.26308157,7.26308194,7.36758341,13.37
12,327.1242297028553,5.213697376230165,6.19775459,7.898362829999999,7.89836241,21.37
24,764.0086919604203,4.839100523333151,5.85201733,9.25367473,14.1084228,8.401
8,134.04157584728281,4.754254042176828,5.74449094,5.74449043,5.74449035,92.213
2,78.55971856017129,6.972598533795591,4.28285436,4.28285436,4.28285436,10.059
6,189.23059953899931,7.737327250297033,6.43627982,6.43628056,5.27461582,7.606
10,349.5560239842019,5.411530369047462,7.810131,7.81013192,7.95857072,9.584
5,141.1630216413004,5.131504305142855,5.206833,5.206833,5.206833,35.712
10,305.913753723897,4.735835799871202,7.46498905,7.464989609999999,7.6156896,10.16
12,324.86373870397875,7.071678846258246,6.224723969999999,7.866782250000001,7.86678285,22.044
8,198.66888692023778,6.049267656569229,5.22945774,6.06557893,6.78714424,25.856
6,221.6875015488488,6.124671337688167,5.64503269,5.645031599999999,7.07020852,10.009
56,749.286599443009,2.7919686023793453,10.024569,7.179655,11.66819396,27.061
6,98.53768423165683,2.489825898954918,5.184486919999999,5.184486919999999,5.18448692,10.872
2,80.9367501905749,4.366105734210124,4.32562222,4.32562222,4.32562222,12.31
2,98.13900687861009,3.600794631562775,5.17748569,5.177485269999999,5.17748479,10.316
16,445.4877655615508,2.8476004441494696,6.439578,8.129407,8.509803,11.126
5,92.37795928990893,4.133979093868055,4.52053103,4.52053103,4.52053103,47.44
11,174.20863424018475,3.653890898178859,5.585082890000001,5.585082890000001,5.58508276,27.837
10,351.6365217553692,4.580916054436754,7.75054773,7.750548519999999,6.75925007,10.141
5,145.8972327527039,4.002617571574355,5.26440167,5.26440167,5.26440167,29.552
5,90.32609495079795,5.557644501119146,4.48681068,4.48681068,4.48681068,53.871
2,71.14827813264381,3.929340165360515,4.14369834,4.14369834,4.14369834,14.588
2,86.23238646480792,3.2420045231721777,4.95901207,4.959011409999999,4.95901232,12.229
24,459.1354736465206,3.361415740897432,5.96806725,7.8332159,9.82125627,12.446
6,120.83023726110828,3.1932098357646983,5.549375449999999,5.54937559,5.54937649,10.709
10,273.0331968663788,3.627169506276515,7.25653924,7.256705049999999,5.98752246,1.924
12,269.6839638386451,5.069848956793761,3.519496,7.274685,10.533203,24.172
12,441.7181423965633,4.817214037412986,6.083589,8.68275689,8.68275689,8.359
6,124.77345533907943,4.7317099484607565,5.10952034,5.10952189,5.51836716,6.316
6,162.59917594857194,3.959103169542737,5.35939159,5.35939054,6.53667338,10.16
8,152.6659182220514,5.256659267029656,3.969382,3.969382,9.689387,44.731
8,168.5013598325348,6.149064041514576,4.04558054,4.04558054,10.29536402,37.252
18,339.0630529193051,5.356132563763795,3.914953,9.014889,9.607127,34.94
10,278.1043514918862,3.616114477604213,7.30806976,7.3080697599999995,6.012731,23.924
10,301.3253518669731,3.3374462702312235,7.44686057,7.272837259999999,6.47977483,7.946
6,155.87095447696657,4.526602675772006,6.02153551,6.02153551,4.97147784,13.66
8,175.51025951466636,4.322830695294656,5.33430272,5.42512717,6.62534717,29.967
24,724.6176236699068,4.695883416389114,5.56038851,9.14365409,14.25226757,12.126
8,147.44496156707646,7.374515152396671,3.5294596199999995,3.52945584,13.66732208,78.024
8,144.11202527902034,7.654740206052217,3.49430477,3.4943067500000002,13.62849359,80.061
4,113.95259128113999,5.308568793124648,8.38632187,8.38632187,8.38632193,41.486
2,54.332213311064876,4.6425917653853945,4.25132318,4.25132306,4.25132308,21.461
10,284.9142250084064,3.439917922476905,5.848597,7.50008016,7.50008,23.393
8,251.9459598755713,3.516332086161118,5.933509399999999,7.209523820000001,7.20952388,12.848
8,152.98514662038912,6.993485750953936,3.59104792,3.5910438599999996,13.69860018,76.461
5,169.417801492696,4.3641659146402825,5.53332714,5.53332714,5.53332714,22.345
2,55.67332735851416,3.9941643449758355,3.81840854,3.81840854,3.81840854,11.732
2,65.00013866675357,3.421045303327676,4.51311528,4.51311528,4.51311528,8.987
8,145.30138309831148,3.9292619868565004,5.81419535,5.81419571,5.81419586,19.452
6,110.80322016846034,4.493299878872695,6.0878428,6.0878428,4.50427281,24.052
28,528.5508356084569,3.479363331788679,8.686159,7.96398,8.15634815,15.292
5,184.7065638708021,5.153218968124037,5.695005,5.695005,5.695005,22.568
5,157.70837046504116,4.631304602695441,5.402792,5.402792,5.402792,27.743
5,97.04743386104975,6.681526483199592,4.59544972,4.59544972,4.59544972,49.422
8,145.82792681659615,7.511636555174843,3.5114697,3.5114680199999997,13.65628753,79.157
2,119.10231956803358,3.622301625801382,5.52261851,5.52261859,5.52261952,8.224
2,101.53462102910083,4.2490386179149,4.665212,4.665212,4.665212,9.862
16,805.5087520688634,4.23525720622468,7.01239966,10.3327099,11.11704509,5.347
5,184.33120029498258,4.391039662093801,5.69175635,5.69175635,5.68992117,21.762
4,170.84210448337296,4.0830878644177915,6.22830641,6.22830641,6.22830641,10.835
4,160.35216371418412,3.4469783814456516,6.09812913,6.098128139999999,6.09812838,12.368
11,179.6799083471451,5.264224658248762,3.952105,3.952105,11.503833,71.326
36,521.113526129647,2.3242893599982057,8.80481657,8.80481657,8.80481657,30.297
6,84.63198250380476,3.9983592606262848,5.888330200000001,5.888330200000001,5.8883302,43.461
28,478.05469726234463,3.277752103557729,9.160102,5.498662,10.94763661,30.843
10,329.7912236577894,3.997105995733806,7.64834679,7.6483468,6.50988533,11.461
10,284.7298034813374,3.0742645617178423,7.29291267,7.29291274,6.18159097,13.722
5,76.89070343345318,4.626006185682105,4.252307,4.252307,4.252307,62.499
10,419.41990217559277,4.259423952730381,8.29721548,8.29721495,7.03483124,9.34
10,415.06259978503726,4.549246100712135,8.27830944,8.27831801,6.99357684,9.466
8,174.68356666075485,3.325678753130262,6.158900699999999,6.158901330000001,6.15890178,15.276
14,210.52997743564893,3.7495894363527067,5.678288,5.860549,6.326423,47.016
40,939.8988492845015,4.995456697744149,10.99493124,10.99493297,10.99492926,39.169
6,181.43955927976768,3.4404326367545175,4.79937057,4.79937057,7.87704659,20.614
6,243.46072370294152,3.8671937178326794,5.31929495,5.31929495,8.60440342,14.558
22,357.82357403208874,5.937213980398586,5.491112,5.587504,11.662477,53.728
8,179.97042489825208,4.6839553163906835,6.337315619999999,6.33731617,6.33731633,94.476
8,161.92934980439722,6.3404124071421855,3.68181791,3.68181791,13.79336816,67.258
10,267.33224851916543,3.7015411100764246,7.20877398,7.208780300000001,5.94015344,15.269
3,69.12138745131959,3.9615806772372215,4.36552708,4.3655263,4.76272305,18.38
16,229.80837423156314,3.322296684415475,4.87625658,6.25788683,7.85595825,21.448
20,769.2071757466882,5.006763130034349,4.60907397,9.84551805,16.95083421,11.602
5,210.4994912740101,4.5739280693476365,5.948636320000001,5.94862291,5.94863323,18.482
10,406.14133542622545,4.741253587060628,8.19814187,8.19814187,8.37386178,17.687
5,183.23540813354208,4.046006570540077,5.67984477,5.67984477,5.67984477,21.823
20,930.846658290349,5.143480383752095,4.84714164,10.65044663,18.03119927,9.811
5,147.17190396407034,5.404974610847149,5.27874173,5.27976341,5.28056099,33.583
12,345.98222396939804,7.294781696947431,8.39479541,8.39479618,8.39479752,22.171
12,196.33341642164066,3.7603850628141373,4.91435451,4.91435451,9.387083,28.723
8,142.16810087228944,4.305941158334805,5.25369463,5.253695030000001,5.25369586,11.184
8,184.51125901458914,3.7773413181073185,6.39017311,6.39017311,6.39017311,62.741
8,156.594941774322,6.686149646752252,3.62646364,3.62646282,13.74930084,71.864
5,199.07497852024176,4.098297212323472,5.83900561,5.83900561,5.83900561,19.249
20,910.5575123531858,4.612588509108446,4.78277107,10.59766711,17.96459847,9.875
5,248.41075007279017,4.2268975045685115,6.286228,6.286228,6.286228,15.373
10,477.1049992694422,4.401575255754903,6.36120441,8.66038717,8.66038717,15.227
10,362.33506349308607,4.477434643225793,7.16067936,7.5952188,8.10719289,12.624
5,108.0710349506573,4.264175882683814,4.76324701,4.76324701,4.76324701,39.37
8,170.93349907789974,6.642151102578649,6.23658215,6.21525545,6.23658224,48.648
4,117.43649065015008,5.033246610884546,8.42460703,8.42460682,8.42460713,41.027
6,248.21528927700217,6.120897434279205,5.40637089,6.28707151,7.30254586,9.36
38,471.9697770300116,4.307124870460047,8.53421001,8.534199999999998,8.53424675,116.019
10,329.3500476010748,4.240053191667331,7.6265278,7.62652871,6.53842333,13.373
10,281.01668530621424,3.3933429488439706,7.40115554,7.401156239999999,5.92382661,15.527
10,414.139399516531,4.502682968196812,8.26941971,8.269491410000002,6.9985654,10.145
5,109.88079528667518,5.958492752178821,4.78968856,4.78968856,4.78968825,285.83
8,142.126003594087,7.800849875105811,3.4722614800000002,3.4722638399999997,13.61187854,80.308
5,86.082677427204,8.081229662796876,4.415419,4.415419,4.415419,129.135
10,326.1987564574885,4.312316792736875,7.62723314,7.627232619999999,6.47467011,11.692
10,281.0246096078611,3.4295809312608188,7.23788792,7.23789468,6.19426413,12.85
10,407.9055000003085,4.596528057100749,8.23111885,8.23111858,6.9510579,9.676
8,145.22549892858274,4.84491214119491,5.899882410000001,5.90025949,8.34315996,105.401
1,11.445998553085996,9.218996069603774,2.5296253,2.52962585,2.52962495,151.394
4,45.82571790715078,9.210602298682115,2.53076415,2.5307639,8.26181508,132.163
1,11.458093861909099,9.209264380734345,2.46107807,2.4610780699999997,2.46107807,139.175
1,11.467885869681478,9.20140092713716,2.46270221,2.46270221,2.46270221,137.832
28,445.7269167370794,4.133576872355669,8.889183,8.889183,5.640858,19.387
28,417.6716158020524,8.675057956507773,8.43693178,8.43693178,5.86767279,56.918
28,468.20674716909394,5.264047206321643,8.914595,8.914595,5.891616,20.591
29,546.1226734970761,5.0669636671084906,8.91852242,8.91851153,8.91855454,59.344
6,83.72120613991058,8.013536610845954,3.77356671,3.77356671,5.8793784,110.379
12,218.79390572901298,4.4918832945640625,6.43975778,6.417780100000001,6.45549353,72.817
6,129.36715670982701,5.604291710495833,3.98587371,5.53631094,6.78254633,59.424
12,258.4208338660164,5.611090043422705,7.88145459,11.76673814,6.78647418,58.829
6,160.7468200223054,6.017644048957728,7.303659429999999,7.303659429999999,7.30365943,49.734
12,321.3180710550861,6.020932104564205,7.31845821,7.318458209999999,7.34681858,49.179
22,337.88245570040357,6.6280270309060425,7.75371516,7.55082392,8.23723419,16.664
8,159.06935809757317,5.51791415157073,6.53312333,6.53312333,6.53312333,64.58
8,192.48250828150853,6.178301557337564,6.96928253,6.96928253,6.96928253,53.306
7,233.4889512983761,5.940529850732317,7.62498415,7.62498415,7.62498415,14.625
7,234.64773916869487,5.911193050136313,6.08397661,6.08397661,6.33929997,17.315
6,76.5869082712687,6.204947176738228,4.24669932,4.24669932,4.24669932,111.715
10,97.66062537820326,5.954172760190152,5.09738354,3.40542352,6.20921075,95.16
40,389.0036709341361,5.979257048898002,7.96511157,7.965111570000001,7.96511157,161.174
10,158.17538503111433,3.8021597556244022,6.87180504,6.091556650000001,5.72255369,24.57
10,165.48398176918897,3.6342374462231604,6.48957433,6.48957433,6.48957433,45.218
22,243.92662544764528,4.098617079702776,5.345164349999999,5.34516435,9.2058053,80.272
11,120.13807160013383,4.160886802734676,5.32111688,5.321116880000001,4.56735228,80.27
10,149.82390527358316,8.11940101114433,5.81142364,5.81142281,6.03222829,49.45
4,55.30524174346444,12.925112694977896,4.27641992,4.276429790000001,4.27642113,144.311
3,42.806794164959,6.17393621147274,3.92653284,3.92653284,3.92653284,91.395
12,174.49741419060967,6.058231127789917,4.05915375,4.05919329,10.59043429,91.372
6,93.40556021317272,5.658901161535538,5.307020680000001,5.307020680000001,5.30702068,87.619
6,96.8675574193341,8.531823850787058,4.02029744,4.02029744,5.99324426,79.248
12,214.45126690782502,3.892855128540738,6.36413056,6.36413056,6.088981,78.911
12,213.30002542897964,3.9138659853659945,6.42513233,6.42513233,6.33687186,78.369
12,247.97265586503696,5.250795042235902,6.68559912,6.670976710000001,6.74437918,63.392
12,311.4248554450534,5.737067169370655,7.25440423,7.2544042300000005,7.245825,51.832
8,204.21674161711576,6.197905252812765,7.16346814,7.16346814,7.16346814,49.545
12,239.6927083586712,4.738562001674578,6.64335546,6.64068324,6.66416191,66.366
12,288.04886911707064,5.565113456763392,7.05473224,7.05473224,7.09560429,55.604
7,169.30619204314914,5.508531451163215,6.665542549999999,6.66554255,6.66554255,29.275
6,176.50575075521118,5.913791337308208,4.40991,6.113668,7.55422381,46.933
12,351.4062463209043,5.940806065513328,7.543929930000001,7.543929930000001,7.5637485,45.399
7,160.7421167682391,4.53705282361451,5.41400866,5.41400866,5.48392859,9.511
7,154.65899738384007,4.715506288632612,6.5071195,6.5071195,6.5071195,8.464
16,288.41565556211646,4.534794275518125,6.12100792,6.39787561,7.36478541,72.969
8,145.4658667650254,4.495575810666242,5.25920823,5.25920823,5.25920823,71.506
8,170.76826675887912,5.653490363157664,6.7808896899999995,6.78088969,6.78088969,61.042
4,52.120311705683065,12.348976992902704,3.73538756,3.73538756,3.73538756,104.875
28,547.0079912425584,6.020515493558686,6.76564,7.743958,10.440512,33.375
8,98.69749213819236,8.859058027026515,4.54115926,4.1707672,5.21102834,123.646
30,320.67742196272553,3.5695609278656115,6.030635,5.070037000000001,10.50006845,41.379
24,294.02952048830423,7.509347802670824,6.89606533,6.89606533,7.139332,124.032
8,99.56312991556126,7.392194063109391,4.02242659,4.02242662,7.10545103,123.036
16,273.49698499786626,4.248498241524763,6.03301481,6.28028061,7.21836939,78.018
16,325.84868926381984,5.477755030883815,6.37096518,6.66590831,7.67275642,62.703
4,49.508745279742634,9.96341983518354,3.6661537,3.67481623,3.67481623,149.816
28,346.3663349310902,9.969025724840218,3.68380108,3.68379703,25.52371049,152.324
4,49.96175240297865,12.81993564949043,3.68309189,3.68309189,3.68309189,169.333
8,119.02312431386834,8.716778139422885,4.343706,4.98255,5.49945,90.479
8,154.56279098161698,4.734191330170649,5.36543423,5.3654334,6.57445597,68.849
28,589.0477193184641,6.193709261813615,6.916201,8.046726,10.584337,51.967
8,180.60350220844214,5.776265303959309,5.6644041000000005,5.664404079999999,6.90842987,60.879
10,172.7420110287793,6.701255512050147,4.31788968,6.32503858,6.32503962,73.545
8,93.0642717346311,7.805335179037775,5.13505607,5.13507996,4.07458361,144.315
4,46.32071950143131,7.840960178299921,4.391945859999999,4.391945859999999,4.39194586,136.43
4,58.6085713941076,8.764664070005106,4.36005577,4.36005577,4.36005577,149.365
8,112.2094687065454,9.155812710167476,5.50679448,5.50679344,4.27268838,106.478
8,111.91284040254844,9.180080463413322,4.32368554,4.76457479,5.4325242,106.169
40,434.8992189342666,6.326545323086459,8.26623563,8.26712732,8.26713805,147.302
20,244.41582477828288,9.799644208013367,5.82991692,5.82991692,7.19125335,145.218
26,421.3293288667002,4.178131488645659,9.06175365,9.06177587,9.06252755,89.914
22,388.7817147809772,8.32722629103549,6.58308505,6.583085199999999,9.83697001,79.958
8,132.6679325122055,9.691546173702134,5.74601752,5.74601752,4.639823,96.627
5,64.40539697285884,5.888990149530246,4.008428,4.008428,4.008428,86.522
4,51.52530966449318,6.555520691202941,3.57763875,3.57763875,6.02654365,43.939
4,51.04811002645878,6.616801943326625,2.81644281,3.35389257,5.40417723,111.192
12,220.60723243042844,6.1264566458698155,4.019385,6.620329,8.290497,43.849
6,114.11030521185437,5.9220797049885565,3.93823729,3.93823729,8.454771,46.958
4,102.8484545429176,6.88789685371926,3.149479,4.28999,7.61207,20.693
4,63.00078003458843,7.299301991288084,3.8297081,3.8297073100000003,4.96002731,106.034
6,109.45040813025585,6.474916074572983,3.820723,4.805974,5.960606,82.504
10,109.09535591494195,5.6763872911113475,5.78777091,5.787770909999999,5.78777135,50.551
12,231.04895447439517,4.902442349824842,3.78164031,5.39361803,11.3277486,66.107
4,58.21191880115012,14.862636644805812,3.58160886,4.031502,4.031502,138.201
4,64.62127926148688,16.816947565569848,4.01290166,4.01290166,4.01290166,135.617
7,95.16945531973408,6.202927720762963,3.74168224,4.95703199,5.498244,30.801
4,48.9261482218546,9.927749761237232,6.37909702,6.37909702,6.37909776,147.559
12,269.9693500272183,7.090108252662158,4.46649712,7.45210934,8.12729426,29.101
12,140.84934263142503,12.571064471820074,6.60014373,5.9484046799999994,5.42940436,195.576
8,112.25620368333196,4.097111188371131,4.98476057,4.984759920000001,5.73009074,117.314
8,135.12284592726667,5.708953666046174,6.11224893,6.11224893,6.11224893,86.186
8,128.40952224100423,7.875988995918907,3.57240907,6.06753646,6.63270885,45.335
8,136.42437197763104,7.413279383152893,6.74372822,6.74372822,6.74372822,73.064
16,351.083774685468,6.369204677747226,3.91582201,6.23006221,14.39114777,49.799
10,224.3665457428086,5.558120092401219,6.82319842,6.82319842,8.484032,44.718
8,141.45518875529484,8.62781398890862,3.949713,3.949713,9.067505,72.93
2,45.25114151918775,5.264051280022817,3.9828044000000005,3.98280458,3.98280312,42.59
4,89.78373111776392,5.306180228222764,3.85397298,3.85397298,6.04477748,5.964
4,88.45509991332143,5.3858811910222055,4.10443347,4.10443465,6.06297457,23.429
3,90.98914089391717,4.076179196284205,4.51939414,4.51939414,6.91154911,12.606
2,38.40896610275549,4.280034688885245,3.76419507,3.8105941899999998,3.76419507,56.095
3,68.46259629335097,3.2610916176445803,3.30704059,3.8390209700000004,6.20078633,6.14
5,123.90051037525062,2.7522484054544276,6.26385988,6.263859879999999,6.26385988,1.099
6,68.09158701199071,4.952617631464136,3.29142139,4.52331826,4.61285349,66.947
4,52.30730922136037,10.856979424235494,4.19783914,4.19783914,4.19783914,199.92
42,365.0315743513713,2.271648408278206,5.970866,6.057170999999999,10.83742682,31.174
4,59.15129515163373,8.313315943568629,3.85811746,3.8581174599999994,6.37559395,46.181
4,109.60395949501547,5.770785062624651,4.09019619,4.09019619,6.55145804,6.287
8,217.816604922728,5.807646230485842,8.51185989,4.25373943,7.37042407,38.237
4,108.99192892217098,5.803190185853203,4.24369663,4.24369663,6.98835615,38.568
4,110.40773978121493,5.728773123258592,4.1286116,4.12862427,7.47810604,7.218
12,330.4927391562268,5.741435293312425,4.13059717,4.13059693,22.36689185,8.869
4,53.39954545904163,9.412687242184784,4.22685665,4.22685665,4.22685665,147.435
4,53.331128865065985,9.329796438014439,4.2250507,4.2250507,4.2250507,149.253
4,72.89306400297275,8.332175109280195,4.0585866,4.0585876,5.1098223,81.671
4,42.91644864264139,6.155599945034933,2.8795009599999997,2.87954458,5.17639749,144.365
12,190.93693212313883,4.365565051900111,4.78337532,5.76654591,7.49791675,87.682
12,141.81885275822282,3.712119617155378,7.23593673,6.073529499999999,5.51131888,59.509
6,77.14297513940106,3.4121612788134703,4.64591308,4.64591308,4.64591308,43.445
2,26.474707465312033,10.660559092403563,2.98041717,2.98041717,2.98041717,147.228
4,46.69639313091818,7.181934587675071,2.93687517,3.01989595,5.26509085,155.3
8,92.71085763841816,7.234760835771641,4.1904453,5.24754906,4.21612924,136.396
2,27.287026454974608,15.738806135707948,4.52657359,4.52657359,4.52657387,190.686
8,119.22308025330615,19.904978437730858,5.52448492,5.524484610000001,5.52448433,229.485
4,49.736660099443924,9.70311387995135,2.984195,3.141762,5.304887,172.104
8,94.60225685901582,10.20272650942246,4.243095780000001,5.24248553,4.25286329,78.908
12,138.125942268818,7.543769412745662,4.782849,4.93880617,5.87079727,47.537
4,46.91270237873534,7.024418967138129,5.96093114,5.96093148,5.96093138,163.487
12,200.7320549421888,4.745603813927026,3.76786682,3.76786643,16.32657586,79.551
12,200.35197714262776,4.754606463568471,3.77527252,3.77527252,16.29290774,58.947
2,34.34822646291381,4.622241590549992,3.64865238,3.64865238,3.64883597,81.684
12,193.0215618708016,4.39351923398773,5.779198030000001,5.77912311,5.77931416,53.369
24,269.16428181001515,3.93865507344984,4.85155627,6.61671122,8.38482832,63.477
4,58.53575794962727,11.09518492231156,4.35825038,4.35825038,4.35825038,187.6
16,334.6434953908593,4.95091915904537,3.80157474,6.07432056,14.49176048,46.586
12,244.80581083387614,5.799783422202194,4.02084892,4.02084892,17.484592,64.721
4,77.48253878313065,6.108131826135608,3.77457995,3.77457995,5.43834287,25.895
6,117.14053904044698,6.278833074354501,3.78076844,5.02626821,6.16426754,69.631
12,230.83372746066863,6.372603336314403,6.13431878,6.13431592,6.13432505,74.484
20,246.169549747677,5.140191664120872,5.476776,6.151551,7.306758,27.12
10,126.01771806237532,3.6798090871128815,2.860253,4.918236,8.958139,31.454
4,74.46515756089805,8.128451438448378,4.13752751,4.13752831,5.02273905,76.069
4,58.48518855705611,11.01818136791887,4.35699402,4.35699448,4.35699402,177.039
4,94.67133081146629,6.705417535534191,3.23888584,3.99692133,7.31302808,12.527
6,77.33072488724574,5.478752676929507,3.03121394,5.12691788,5.12664717,67.337
2,64.00862342769547,8.43128891857236,3.64062192,3.64062204,5.57643651,40.246
3,94.85570018730216,8.534150235568712,8.76250374,8.762503849999998,8.76250629,41.039
4,126.01390758440317,8.565327553826224,3.54209641,6.144081589999999,6.14408079,41.225
5,99.27775689286744,4.5601305960013745,4.16927189,4.1692731,6.59478726,78.53
10,101.48304783499142,6.8115858758958066,3.57203823,5.33014105,5.33014105,180.481
5,58.32651625080715,8.597522228122278,3.52847303,3.52847345,5.30778085,155.789
5,71.8146802798311,7.7816051268324475,3.8494219499999995,3.84942128,5.55850085,120.084
5,77.35951897392769,7.421878751346569,3.9474956800000003,3.94749534,5.69535354,119.315
5,60.31577176492903,8.143929335261832,3.5564648100000005,3.5564659799999996,5.39110959,126.743
5,73.91136404903975,7.422097459647778,3.87698122,3.8769818,5.62983206,148.31
5,90.84532352919813,7.634231767521443,4.070433330000001,4.07043289,6.19257075,115.114
5,78.68394745274107,6.933628733518373,3.87520269,3.87520306,5.91285852,128.929
5,78.89170128341969,8.949053838645936,4.03567998,4.03567943,5.6220115,114.065
5,77.41007166764605,9.150815063925497,4.03409224,4.034092120000001,5.54645346,164.779
5,81.84758856021182,12.23590618585238,4.06461818,4.06461893,5.72746433,175.786
5,73.5657887350319,7.585551870112243,3.9399393,3.9399389399999993,5.49733933,114.571
5,84.6192068377231,8.467827824749891,4.12913714,4.12913649,5.75820785,133.933
5,86.81647621802043,11.645265855334623,5.757779450000001,5.75777945,5.75777945,145.085
5,80.97752834107962,8.70450061261899,4.03660046,4.03659979,5.73108333,153.451
5,82.48492524501097,8.471524997515333,4.16295626,4.16295623,5.59633168,155.661
7,122.50071440175383,7.280926583069414,5.424165500000001,5.471713049999999,5.47171305,95.067
4,87.04462239276478,11.924669985011612,4.97453298,4.97453298,4.97453298,99.317
4,85.78572616324242,12.061201217843958,4.95043478,4.950434780000001,4.95043478,101.086
7,132.02668400334022,5.812166231293897,4.03476171,5.4492454299999995,6.58669833,87.583
5,90.11061504484671,8.658256760351044,4.00992547,5.346132390000001,5.34613147,82.859
10,212.53285889710202,7.770301652191529,7.018764,7.018764,4.314245,75.399
4,91.2053517635309,7.599261259798127,5.05256342,5.05256342,5.05256342,63.933
7,81.11721840265248,7.78414001274243,3.27195112,5.26301927,5.26301924,164.005
3,68.3353449502793,8.189311613210638,6.45837254,6.45837201,6.45837266,57.181
14,354.9042389256578,5.293364759454481,7.9471003,7.947101059999999,7.94710112,62.141
10,187.09212521747517,7.812303263363917,4.14886842,5.56664973,8.97680861,101.89
7,93.57824870064503,8.25182164519234,3.37791228,5.46782655,5.52887046,160.099
4,78.97744258162572,12.169046359787282,4.81584708,4.81584708,4.81584708,103.481
7,107.42100163938314,7.804425297172936,5.62642196,5.62642196,6.72257532,129.258
11,154.8193858054908,6.2452884033619265,5.74998111,5.749981109999999,4.96221687,125.554
4,84.78250177832162,13.9879066296727,4.931061380000001,4.93106138,4.93106138,108.554
4,77.88211302864686,13.182612532966322,4.79347987,4.79347987,4.79347987,125.9
4,98.33086464507947,6.354449345170492,5.18090362,5.180903579999999,5.18090361,55.262
10,221.07458959822665,7.429869863328571,7.236107779999999,7.236107610000001,4.22210261,73.819
4,104.71680559010366,7.3597964523584745,5.29066741,5.29066741,5.29066741,52.775
4,105.91991376022943,8.680341793283441,5.310852080000001,5.310852080000001,5.31085208,50.473
40,594.5583723569719,8.333958279406245,9.17498665,9.17498733,9.17498716,143.814
4,80.50713066833325,10.983132071268946,4.84674066,4.84674066,4.84674066,104.247
5,81.67292184722082,7.910279509909086,3.78486427,3.7848654,6.583347,120.352
20,488.7204797931984,7.636460763335128,4.00803873,10.99046286,11.09462547,66.917
5,89.55898890678662,8.0832379717121,6.65907459,6.65907459,6.65907459,85.195
6,166.83504141686478,10.538093731607818,5.36995459,5.36995587,6.6805979,53.54
4,100.91737230395175,10.485617969627183,5.22589056,5.22589056,5.22589056,61.975
4,104.67446512610819,10.18132271396099,5.289954249999999,5.289954249999999,5.28995425,57.964
4,89.03452741403606,8.581695046317998,5.01215808,5.01215442,5.01215735,65.862
4,98.09172328782157,10.004686392480703,5.17665379,5.17665379,5.17665379,63.653
4,84.67014579503109,11.42637970543521,4.92888216,4.928882160000001,4.92888216,95.673
11,224.61820660090288,8.993418925599745,4.43901735,6.905121889999999,8.40153516,81.322
4,128.02600037369385,7.476172267236667,5.040027199999999,5.04002505,5.04002398,40.892
16,396.9761330344206,8.620430927761522,6.399609319999999,8.46330207,8.46329263,71.114
9,242.81044952610173,8.715163925993862,8.22743053,8.22743053,4.141983,39.048
2,46.917179359303944,9.56913789840918,3.60670508,3.60670508,3.60670508,66.847
3,63.17782214714359,9.94140503964886,3.71159378,3.71159386,5.28396784,74.554
9,184.1619106207173,9.278441700677876,7.11563645,7.115636450000001,4.19992623,85.081
8,195.53949161707808,8.727970253988795,4.28883044,4.28883044,10.63057433,67.671
6,141.46917946623321,9.13385593106207,4.69477978,4.694780709999999,7.41140602,72.208
16,370.2990745801768,6.797564871931584,5.5980602799999994,5.81017973,11.38480219,64.494
8,140.49724702628473,6.5041570582733925,4.01816168,5.494292940000001,6.83750295,92.155
4,75.6087588583516,5.346593460308685,4.22854253,4.22854253,4.22854253,75.98
8,154.8347951486222,5.221685413360606,6.2429725099999995,6.2431152700000005,4.58720785,71.682
9,160.3046356857973,7.712269449522235,6.90950996,6.9095105,3.87722454,119.796
20,202.34271003182837,7.795573835305038,5.16840341,5.31063225,7.37199326,191.925
6,122.58977143872103,6.905236753050545,4.44082215,4.44108753,7.17731886,70.298
2,48.942829021072725,8.055272866138369,4.10583324,4.10583326,4.10583412,76.57
12,157.1547552798917,6.369751355359128,5.904430669999999,5.904430149999999,5.90443072,127.515
4,93.99368898324593,12.701028936134717,3.72855275,4.62402105,5.76412001,82.469
3,36.280866870084026,8.427080189194502,3.29454381,3.2945442100000006,3.85972554,167.701
6,80.46767240478663,15.69938897604211,3.1501289300000006,5.43095085,5.43095085,247.431
6,74.59434237764836,8.947638602096637,3.8127320000000005,3.8127320000000005,5.79650073,204.223
6,78.35342382284124,10.327995715472705,5.47251191,5.47251289,3.02102166,223.115
7,68.10116201089177,5.5439601145672235,4.08367816,4.08367816,4.08367816,171.865
5,72.6679788320863,11.014830863720265,4.17299336,4.17299336,4.17299336,183.388
2,62.792456737870474,9.823755106654378,4.46143059,4.46142983,4.46143144,53.954
8,142.79458737857396,8.423513015011793,3.915038,3.915038,9.316221,67.393
8,137.8567719620325,8.189800377851876,3.897352,3.897352,9.075882,66.798
8,151.13454136559216,8.475085644722565,3.945744,3.945744,9.707467,67.212
3,74.90451273757354,12.5600219115676,4.73159616,4.73159606,4.73159607,89.435
9,199.3456406373693,11.854831410049512,7.61055405,7.61055397,3.97414389,96.913
8,321.7566085430202,4.151515289850845,9.97203762,9.972468829999999,3.73619688,3.535
3,41.39737005964839,7.4817813654195575,3.65879274,3.65879142,4.03192084,117.411
3,72.49648638480643,8.871648066340274,4.91029385,4.91029258,3.47193368,57.069
4,90.82165503125387,12.361319767393057,5.04546816,5.04546816,5.04546816,63.398
8,196.99651375835978,4.532576389431831,3.78620423,6.395333760000001,8.51747898,9.947
6,63.9864769045196,9.36642274590833,5.02297509,5.02293237,2.92844765,205.75
6,90.25850995994124,8.589610181253883,3.62382513,3.62378336,6.87319556,153.834
8,127.94086781194234,7.206026024009158,3.94600424,4.00896333,8.33229944,127.501
2,40.568494731420444,9.252456046449609,3.43607761,3.43607761,3.43607761,71.228
6,83.9704884797377,9.496677838903794,4.91526861,4.91526766,4.91526936,107.72
6,111.72947168990389,8.878226395198407,4.23208665,4.23208665,7.20324206,83.761
24,587.2901185410161,7.579016700389915,4.062411,10.607629,13.628577,45.811
4,91.85216886943603,6.941485998477015,4.07455684,4.07455684,6.3884855,64.673
8,132.61196210458365,8.039124066559115,3.888007,3.888007,8.772606,82.277
6,97.55799512557803,9.334000903177683,5.16724779,5.16724779,5.16724779,90.207
6,89.2189770415445,8.221363263077253,5.12517571,5.12498161,3.92220233,118.137
6,104.16349991065614,7.857022342269188,4.03922325,4.03922325,6.38439647,101.371
4,94.48545361039987,8.162428172104685,4.04087052,4.32418337,5.82359544,68.534
3,61.85230712753999,8.106296320850916,4.16575245,4.16575352,4.11564784,74.223
6,96.03035785014075,8.517670818235842,4.015535,5.2549337099999995,5.25493371,99.195
4,65.59415004719051,11.088985374336099,4.52682149,4.52682149,4.52682149,141.67
4,89.78399093404958,8.69774561375109,3.94104833,4.26603723,5.75049258,81.505
6,124.52050082898946,11.524686055461613,4.42187874,4.42187893,7.35354089,92.206
3,34.73017450420071,7.865927830702719,3.66218912,3.66218784,3.66218786,84.452
8,99.53550615212161,6.523231609653386,3.5298399,3.5298399,9.224384,136.012
8,92.07316420452932,7.051926211333882,5.45047813,4.84277518,3.48822234,106.131
3,71.26213145341156,13.134783415519289,4.88589042,4.88589088,3.44699542,63.191
4,103.86629539548207,8.90597267205245,5.27630485,5.27630485,5.27630485,57.572
4,108.3673508304894,5.76215657265559,5.35144605,5.35144605,5.35144605,43.612
4,83.43698676375847,9.812627781262753,4.90483637,4.904836459999999,4.90483728,64.011
4,83.35153107756219,13.372744631034921,4.90316169,4.90316149,4.90316157,90.936
9,194.06967518684306,12.126190912836549,7.6260377,7.62603845,3.85326739,79.936
6,111.78476331562769,15.711226971430934,5.40711828,5.40711828,5.40711828,165.87
9,189.10660984923743,10.016191033854273,7.45307013,7.453069869999999,3.93102352,98.902
6,106.97375774981128,16.97996395050062,5.328407050000001,5.32840745,5.32840728,198.438
4,105.4402914010042,6.080179915979642,5.30282382,5.30282382,5.30282382,43.506
2,54.13364934688445,5.730206710836747,3.78287887,3.78287887,3.78287887,41.646
4,96.21910855517001,4.062766853484813,5.143500750000001,5.14350036,5.14350113,41.005
4,83.56142632972052,7.999333555176628,4.90727588,4.90727806,4.90727588,65.63
4,81.31726272530197,11.858962471701584,4.86294379,4.86294379,4.86294379,84.578
4,91.30927844543713,7.485796919650167,5.05448179,5.05448179,5.05448179,54.341
4,89.86872146644154,10.864425892645189,5.02775979,5.02775979,5.02775979,62.879
6,152.05326169135836,6.672919580914535,4.38113052,4.38489304,8.48864567,57.967
4,103.66998977359843,9.539596871755982,5.27297871,5.27297871,5.27297871,47.333
6,100.86203838554708,8.968510772224896,5.38910479,5.07965017,5.38416484,74.233
2,29.215228354435457,10.032311495920375,3.4570707100000004,3.4570701600000002,3.45706842,163.58
8,155.5487000100759,9.445280673215697,4.23734872,5.30042344,6.92566712,78.297
6,65.07346389129982,8.000363704134527,5.74460959,5.74460959,5.74460959,174.721
12,172.18160649967567,9.795918300898293,4.954442819999999,4.954442819999999,8.58990962,130.886
6,78.88710707600471,9.59790573773683,4.82625346,4.82638766,3.91044943,152.06
3,66.57708998074035,10.729222342586905,4.54932176,4.549321049999999,4.54932045,79.997
3,62.846580017950785,9.061551469567416,4.46271132,4.46271148,4.46271347,90.475
12,240.9059360315693,9.371672357376497,4.44614434,7.10029802,7.63110389,22.797
2,45.43018880745233,7.071745661757597,4.00516106,4.00515965,4.00515961,87.469
12,243.3338753171657,4.331524392768929,4.95823559,5.34950163,9.38915383,66.326
12,142.34941878881423,6.006926608718127,5.71881821,5.71881918,5.71881802,132.418
3,56.6761020708572,11.384257575202723,4.10721232,4.10721206,3.87949356,127.339
4,79.10644424413027,12.503950602313873,4.81846772,4.818467720000001,4.81846772,137.752
4,79.46751413455333,12.318837098799795,4.82578766,4.8257876600000005,4.82578766,142.107
2,42.31190990877697,10.553817291082288,3.48461025,3.48461025,3.48461025,91.251
4,68.36945438942746,11.700858358270104,4.08903384,4.08903384,4.08903384,127.136
4,68.63151745783213,18.091854236298396,4.09425166,4.09425166,4.09425166,172.498
2,39.400007107247255,11.185688384690199,3.40276612,3.40276612,3.40276612,112.175
6,104.93031347538232,11.657161496167266,5.29426079,5.29426073,5.29426109,154.129
5,71.35990971472211,11.24465610974944,4.14780277,4.14780277,4.14780277,199.853
6,99.78969272616418,11.265999360958745,5.17276676,5.17276629,4.3063494,180.429
2,41.669191928497106,7.7535169028192,3.8914373,3.8914356900000002,3.89143856,96.9
6,214.96943499961498,4.966404776576371,4.1888153,5.32561341,9.63642324,10.461
2,59.30777976201938,7.95890248505784,4.37732699,4.377325730000001,4.37732595,60.478
3,70.91885148535137,11.223665115569442,4.64613899,4.64613964,4.64613966,100.142
20,250.40624850722793,6.7760534862215485,5.45367,5.747842,7.988247,164.678
2,47.268049857948775,8.482553538518728,4.05845573,4.05845645,4.05845635,81.802
6,136.64575554842332,7.787580760601025,4.05831523,4.05831523,8.29668479,77.099
4,85.92922587688446,7.365937851531057,3.81865721,4.27441374,5.68174049,91.134
3,57.38128314764249,6.328051915561313,4.09466396,4.09466396,3.951874,87.052
6,114.15400512137037,6.361787102497875,3.90626864,3.90626864,7.97475378,88.042
8,128.35889639288723,7.176353731147788,3.94389587,3.98695466,8.40306008,111.364
6,95.02233647036722,9.216228317887644,5.48342601,5.483427409999999,3.64914379,175.481
12,213.68165021808417,11.89916881082663,4.22717268,6.85989528,7.36885064,146.12
4,84.99289366945638,13.19053287116324,4.9351369,4.9351369,4.9351369,88.94
4,68.92678483728743,13.143946760434595,4.60221784,4.60222291,4.60221856,181.822
2,57.88608750750216,8.321902630424965,4.34206704,4.34206632,4.3420656,64.339
6,174.85748210760124,7.933399940656379,4.43656398,4.43656398,8.88363533,58.827
2,53.281893591947366,11.433979018275176,3.76293356,3.76293356,3.76293356,53.012
4,139.23784969495554,7.418913937810584,4.44185166,4.441852360000001,8.54289767,29.759
4,94.52400781837339,8.206464947600466,5.11311674,5.11311674,5.11311674,67.395
4,92.90997613329921,5.457724295637282,5.083846729999999,5.083846729999999,5.08384673,65.046
4,103.61273485181891,7.632217716902498,5.27200781,5.27200781,5.27200781,56.229
4,101.14866656995719,10.713381960402694,5.22987995,5.229879949999999,5.22987995,66.15
4,107.71274426197218,10.177459992880912,5.34064892,5.34064892,5.34064892,54.087
4,90.07538169531232,7.046294159984097,5.03161075,5.03161075,5.03161075,59.82
2,44.55035094450967,8.49492294976249,3.54500656,3.54500656,3.54500656,59.752
6,117.18425873562494,8.312822965690776,4.43904608,5.60107968,5.60107914,65.917
4,65.44072347120476,11.005517157659309,4.52328928,4.52328928,4.52328928,129.806
6,151.36143785332217,8.238635422564757,4.26801202,4.26801247,8.84037724,79.781
2,61.41416541694792,9.044822224412895,3.58849678,3.5884964,5.50697138,44.76
1,30.500206337519998,9.10617131749783,3.50702747,3.5070281900000007,3.50702869,42.186
7,119.1073754219973,6.511602945363148,5.325463940000001,5.427318370000001,5.42731711,134.393
10,99.15476113212937,7.1309284401528785,3.50918849,5.31561352,5.31561452,182.725
5,56.95730676913454,8.942944360920311,3.51815797,3.5181567699999996,5.23110055,150.78
5,76.24986643328276,9.373196295289292,3.9051151299999995,3.90511543,5.71184117,134.9
5,70.78536051080349,8.006401120043176,3.8321316,3.83213146,5.52961891,131.977
5,76.2969079729087,7.628821284902538,3.91891657,3.91891721,5.68851562,122.639
28,666.0707169787497,7.38634067151808,6.91657004,7.57151435,12.71881973,53.642
14,201.1801512221506,8.846940733172634,7.204362,7.204362,3.876092,98.162
5,56.650274692803634,8.810370138377383,3.45821415,3.4582137100000003,5.33087899,120.929
5,81.7979324672804,8.612061545084229,3.88526652,3.8852648400000005,6.07542117,134.12
5,72.98537839556435,7.624538846129897,3.8608731900000004,3.86087278,5.60594074,132.768
5,78.07469097282086,9.14391819860305,4.01422586,4.01422552,5.61537459,122.05
5,68.09435506386309,8.45197454310388,3.83382841,3.83382821,5.36769779,151.308
5,76.5390078859061,9.358205379570014,4.02755134,4.02755061,5.51130694,169.707
5,72.45685075010306,7.810712249917771,3.91346008,3.91345982,5.48091393,122.991
5,82.46872568813835,12.15955418205681,4.16289445,4.16289441,5.59563425,175.465
5,83.66630802846265,8.658722927648222,4.10506369,4.10506264,5.75117775,134.258
5,80.1146025969786,8.896898035779193,4.022749769999999,4.022749649999999,5.71030777,157.308
5,81.61360481033275,8.658796694528741,4.15385873,4.15385801,5.56776161,156.818
7,121.36837817937975,7.413967516578315,5.41519867,5.453773030000001,5.45377303,98.06
7,111.36565681236749,8.171566478791163,5.18911314,5.309719629999999,5.30972078,115.021
11,112.7307674580258,8.476663544587272,3.43400638,5.74862829,5.74862808,194.285
4,84.80052534539,12.426614134400985,4.93141078,4.93141078,4.93141078,103.391
7,129.2715694150371,6.058300744670975,4.00982324,5.40031056,6.54396469,89.518
7,78.89905732623156,8.203302020102194,3.248536,5.20600095,5.20600095,167.373
4,100.85598202763973,9.248859825617156,5.22483067,5.224830670000001,5.22483067,60.36
7,103.74577602945963,8.233243088928166,5.57049492,5.57049492,6.64401704,131.673
6,162.1733764424785,9.201756779564692,5.30839288,5.308393380000001,6.64542579,55.971
4,97.62612479283712,9.477579340875362,5.16845036,5.16845036,5.16845036,65.736
4,75.68903942381664,13.773390944043143,4.74805715,4.74805724,4.74805703,130.801
6,140.94018144469968,5.991116866089301,3.358283,3.358283,12.496841,49.451
4,95.32169384780404,6.720857377281203,5.127439699999999,5.12743985,5.1274397,57.65
10,215.7225275710671,7.760735382483518,4.17537634,7.18786542,7.18786542,75.034
4,101.80798753450163,7.725321010552352,5.24121872,5.24121872,5.24121872,54.51
4,102.93725041662007,9.085399709305602,5.26052619,5.26052619,5.26052619,51.119
40,571.3227771485585,8.894209998277766,9.05387457,9.05387505,9.05387466,145.923
15,197.4974944548118,9.648473207443377,3.43167153,7.10234264,8.48446669,152.954
4,78.35631728796419,13.375808860443813,4.804127060000001,4.8028507,4.80299407,117.96
4,85.26893278545585,12.422642391130648,4.94047389,4.940473890000001,4.94047389,94.432
12,287.3403098141022,12.24227554494004,4.7072886,7.04075291,8.66975105,76.471
30,691.5920550732611,6.204950667768815,3.97321134,10.07155947,17.48119428,69.36
11,139.7086262826112,5.974776017507305,5.59660816,5.596608160000001,4.72345865,147.56
32,388.0287117197218,7.576299381726105,6.61375892,6.68969839,9.01904217,115.912
22,252.71561318845858,7.125983595358169,7.09657871,7.09657871,7.09657871,193.302
4,97.96781863985825,10.962640979931974,5.17447324,5.17447324,5.17447324,64.936
4,101.749458399194,10.629339332451039,5.24021414,5.24021414,5.24021414,59.121
4,87.45550371629412,11.333364387528286,4.98234788,4.98234788,4.98234788,77.836
4,82.44803027825473,9.33454712371147,4.88538087,4.88538087,4.88538087,68.856
4,94.74482882113412,9.021644702582023,5.11709529,5.11709529,5.11709529,61.635
4,79.83839504830303,10.4201129219643,4.8315255200000005,4.83154868,4.83359614,92.632
9,170.9605183302857,7.641166637882836,6.89380366,6.893803659999999,4.153817,85.284
80,847.5557705068887,6.494210295273991,10.32595097,10.325950969999997,10.32595097,173.762
14,298.4593707547413,8.816654279768256,4.01528955,5.63726185,14.11080757,78.243
16,382.86507723003757,9.144554040846623,8.36352789,8.36352837,6.32027664,73.265
36,813.7106618146357,7.743532804204083,7.599294,7.420212,14.45715413,77.6
36,802.0220341518013,7.856386650967791,7.342076940000001,7.600111100000001,14.37300007,79.019
9,250.81246755938116,9.775062844354537,8.14610142,8.14610196,4.36434286,52.919
9,232.70166243926582,9.703587224884604,8.19835264,8.19791197,3.99789397,62.487
2,45.651660578132365,10.007510323543567,3.57398062,3.57398062,3.57398062,69.968
3,61.74004842511132,10.300912311205337,3.68157344,3.6815731999999994,5.24653474,77.336
9,216.44805195042898,11.100906001032776,7.45611789,7.45611762,4.49570181,66.619
8,171.69164340154845,6.562344256847219,7.03847747,7.03847747,7.03847747,53.466
6,139.09675160193956,9.403268586251306,4.67277867,4.67277989,7.35590051,73.07
6,117.48100692527412,6.253741123139921,5.49744475,5.49744477,5.4974441,82.064
8,137.56254027849795,6.7578075389559915,4.01249959,5.40547757,6.83022955,93.639
4,74.19888615967905,5.554689866855167,4.20209431,4.20209431,4.20209431,76.715
20,373.0540803598116,5.52402215632634,12.36137364,12.36137364,12.36137266,76.785
2,47.491136998673035,8.467903138341864,4.06483138,4.06483095,4.06483088,79.218
4,91.46931303202999,13.224343053988592,3.6811015499999997,4.60362151,5.70274985,85.251
3,60.744891357836266,15.340902740778851,3.68125818,3.6812581400000006,5.18346837,103.81
3,35.11079734228522,8.93298653457081,3.27024362,3.27024319,3.79096629,171.507
6,79.92733674725568,15.904393243180492,3.14622799,5.41564346,5.41633911,249.809
6,74.20748056514783,9.100776871037334,5.82358595,5.82358595,5.82358595,204.567
6,77.79084459567119,10.504273802541828,5.45709985,5.45709931,3.01629707,225.055
20,198.58532369022097,7.0407711734052905,3.98788465,7.05671017,7.05671017,180.963
7,67.61878643644002,5.700377834130029,4.07401344,4.07401344,4.07401344,174.535
2,61.35774525446864,10.182255237312821,4.42718994,4.42718958,4.4271897,54.597
8,141.16092680583967,8.5769808833216,3.898706,3.898706,9.286959,69.714
8,131.9521389723271,8.616169145780335,3.84189573,3.84189573,8.93974821,70.382
8,150.22841050683854,8.578807983324715,3.933569,3.933569,9.70909,66.464
3,73.70746608704819,12.871217490610684,4.70625569,4.70625519,4.70625499,90.805
3,40.41139694000565,7.8598762074519035,4.00286464,4.00286464,4.00286464,120.452
2,50.07728266350968,9.273725264315459,3.6859286,3.6859286,3.6859286,59.501
8,182.9105081188745,9.159984131837238,4.814409,6.41827909,6.41827818,57.028
6,89.93002568255925,9.85750217873161,5.028901430000001,5.0289024300000005,5.02891029,101.387
4,74.83773123481001,10.928071753909379,4.73018947,4.73018947,4.73018947,101.867
4,70.17418470770681,11.487987656375502,4.62982019,4.62982019,4.62982019,125.414
8,283.72149237521865,3.2028125550592756,9.630061420000002,9.63014415,3.53263544,4.864
6,63.02160206214881,9.635218373839551,4.95174633,4.95174818,2.96784629,213.346
6,81.92966954121479,9.362230705831562,4.894322,4.89432184,3.949349,215.833
4,46.27713022056094,8.97828901861818,3.49416641,3.7136059,3.713606,177.407
8,125.84687072144389,7.451518090750293,3.91773144,3.96980302,8.33157547,124.346
2,39.29594612017611,9.753187227760856,3.39976775,3.39976775,3.39976775,73.462
6,101.92505159044451,9.590995105691839,4.25353875,5.34424287,5.34424287,86.857
6,83.02578037612166,9.699917048031262,4.89676618,4.896766319999999,4.89676557,106.265
6,130.8082572342572,11.120466402664162,4.54801063,4.5480101,7.30233223,71.734
4,90.5087708185998,7.131828702652938,4.05189061,4.05189039,6.3656771,65.035
6,107.26827515599729,8.015376199478263,4.0907335,4.09073341,7.40181632,97.809
6,128.44606379967385,9.036996471588992,4.52050014,4.52050014,7.258004,76.553
16,183.5713985771102,8.114180733969903,4.3436757,6.24784654,6.76421292,72.095
6,95.57562883898757,9.692967095545015,5.13200874,5.13200874,5.13200874,98.282
3,60.496306076405105,8.41862368406234,4.14588296,4.14588274,4.06409776,74.361
4,74.71639667809943,8.365946812564058,4.21184105,4.21184105,4.21184105,73.646
7,116.08179607367698,8.222562336888748,4.15635977,4.15635774,6.71951714,86.188
4,64.42198519093395,11.413418474532946,4.49969455,4.49969455,4.49969455,145.122
4,87.2961524070762,9.126671705694736,3.91663532,4.21020093,5.69712731,80.602
12,218.70895220468842,10.410918428594314,4.26478196,6.8435241,7.49358998,122.853
3,33.08982876504696,8.494681360323616,3.60359838,3.60359992,3.6035995,87.63
4,33.01665871296631,8.564200206752773,3.60094128,3.60094128,3.60094128,102.113
3,70.08324949809055,13.468484617334031,4.86606658,4.866065320000001,3.41764984,66.229
8,417.2390907462675,4.361669918644305,11.03437092,11.0336606,3.95654484,3.096
4,96.96066663683493,8.76354771524905,4.59407976,4.59407976,4.59407976,55.358
4,82.10900719705316,10.067575141275935,4.878675659999999,4.87867573,4.87867483,77.665
9,182.79792729543732,9.418933296050488,7.36549834,7.36549915,3.89077664,76.827
4,71.71873360527951,9.473690849456256,4.66354176,4.66354176,4.66354176,88.491
9,191.02774552585902,10.131215937491426,7.66277066,7.6627713,3.75659274,89.71
2,38.338578497893536,15.569798509140941,3.37193092,3.37193092,3.37193092,140.411
6,105.6809599842814,17.337234269748112,5.30685476,5.306855739999999,5.30685601,202.819
2,53.17991013516984,5.981572841888272,3.76053123,3.76053123,3.76053123,42.316
4,89.77988800453433,7.7013375280263485,5.02610263,5.02610263,5.02610263,54.634
4,88.3157579156693,11.144948456511893,4.99863086,4.99863086,4.99863086,64.404
6,149.33704058145474,6.900124671870138,8.46548398,8.46548398,8.46548398,58.946
2,27.95322411349298,10.767944888326506,3.4065570800000002,3.4065570000000003,3.40655651,169.316
12,145.43678174125372,7.402326791652946,5.09006869,5.253836680000001,6.49522247,142.997
4,68.55474160895365,11.198002169431902,4.5939278,4.5939278,4.5939278,177.241
8,152.45801793571363,9.844094603786585,4.07429119,5.34553912,7.00013946,83.503
6,87.39339124709363,10.816961442029118,4.981170860000001,4.98116601,4.98116666,123.362
6,64.35860987939628,8.21201522279076,5.77805085,5.77805085,5.77805085,170.408
12,143.3385298212116,9.565368474319767,4.90776271,4.90776192,6.87171746,159.788
6,78.10290261507642,9.795455705887624,4.80336893,4.803381629999999,3.90865337,151.736
3,61.56775788368998,9.378123303413261,4.43223389,4.43223537,4.43223516,92.177
12,138.78449780874175,6.275106629821398,5.6701836299999995,5.67018456,5.67018441,141.94
4,78.19353280622273,12.750997950855412,4.799860449999999,4.799860449999999,4.79986045,141.574
4,78.46256210883801,12.577334211062732,4.80535888,4.80535888,4.80535888,139.222
2,41.17308240020961,11.037664545626608,3.45306267,3.45306267,3.45306267,95.906
4,67.35267996948687,11.994827936139869,4.06866282,4.06866179,4.06866179,129.717
6,110.01293853436852,16.827644528042455,5.37839649,5.37839777,5.37839891,166.753
4,67.5876611139533,18.488195843695003,4.07338756,4.07338859,4.07338859,177.756
6,107.51396549873655,17.648526997701843,4.44985332,5.281950089999999,5.28195009,189.776
2,38.18345441360394,11.749034082296234,3.36737698,3.36737698,3.36737698,114.582
6,103.52374858453035,11.968216354456011,5.27049863,5.27049855,5.270498,160.655
4,73.90380885418875,13.038042564535495,4.71113236,4.70963421,4.71087229,126.347
12,207.67683868215934,11.814537921751864,5.19971513,5.199715,8.86948379,173.521
2,40.186329292014705,8.236265794974685,3.8447183,3.84471722,3.84471759,99.884
6,93.68670858697239,7.739259615413937,3.72002033,3.72002033,6.76997952,108.999
2,57.89232176294064,8.28999989196169,4.34222161,4.3422203900000005,4.34222329,58.352
3,69.4108050045511,9.460226096377955,4.61297066,4.61297071,4.61297053,90.514
3,69.66943186158487,11.538373765964737,4.6186934,4.61869417,4.61869219,101.691
2,45.68805163679395,8.948866374532576,4.01272218,4.01272183,4.01272459,83.657
6,133.76178102862792,8.073643005348002,4.0334008,4.0334008,8.22222359,78.653
4,83.21532276067883,7.796092435560883,3.78731305,4.21975819,5.61819019,94.174
3,55.39793327639492,6.697257861908087,4.07006973,4.07007148,3.8615268,87.942
8,126.06140408474361,7.432519594048234,8.42588065,8.42588065,3.90587776,126.591
12,187.01304852059062,9.450143298869804,5.507966930000001,6.55636378,6.55636592,171.529
6,92.27310389569925,9.576463956797951,5.43509661,5.43509561,3.60686629,176.446
12,209.65670738096773,12.278376788390979,4.1944669,6.77830445,7.37413218,151.348
6,153.91619332488582,8.731833543375803,4.29694402,4.36628885,8.48926074,60.804
6,134.3157510910369,11.941017692736178,4.58803616,4.58803591,7.36788232,78.252
8,158.7511335600663,14.144804881252059,4.51028507,4.51028483,9.01110778,131.951
4,69.7156802051344,11.626137219152868,4.6197147,4.6197147,4.6197147,150.594
12,143.99646505802463,9.506922869919546,5.07901304,5.2676611,5.41453178,138.466
12,143.7011832440915,9.526458000852905,5.03997153,5.27192481,6.44762727,154.87
4,68.81724247676446,17.582509541508877,4.600899170000001,4.5998554,4.59992841,212.608
4,67.90394327956966,13.458312603963082,4.57934366,4.57934284,4.57934385,185.741
2,56.289582845799934,8.69832151117488,4.30177411,4.30177507,4.30177479,65.928
6,173.23783078945422,8.098804646999518,4.425217,4.425217,8.846543,59.579
6,122.65354520385901,7.791812049339738,4.01017527,4.01017527,7.62699386,90.675
2,53.80354854413096,11.469997342407723,3.775174,3.775174,3.775174,57.284
4,103.91030271165069,12.471328004682846,4.70131701,4.70131701,4.70131701,47.25
4,67.6788220120668,9.903568006138464,6.80961944,6.80961944,6.80961951,87.263
4,137.6847378405686,7.559996449330295,4.413525709999999,4.4135253599999995,8.55028799,29.857
8,151.91036969454518,8.433417212878354,10.8730031,10.8730031,10.8730031,89.139
6,114.46024608163313,8.648740868396434,4.40604383,5.55905499,5.55905499,70.145
6,97.80472855144104,8.392345810680517,5.2025047,5.20250604,4.17257486,80.275
8,137.45407710300134,7.818351963035674,3.93513,3.93513,8.876453,75.818
6,119.05596514304571,8.43522739892077,4.40710758,4.40710758,7.078043,75.136
6,115.61906511541068,8.685973530205604,4.3505806,4.35082608,7.05290695,75.872
6,131.56689534699925,8.771417420482521,4.59851962,4.59888373,7.18346686,65.841
6,149.07537024140316,8.470994989459157,4.25229226,4.25229233,8.77560881,80.18
5,110.88174148264433,5.259595179275626,4.2179783,4.21797862,7.19648924,55.443
5,107.54168450397567,4.047026965281732,4.17611016,4.17610876,7.12036793,61.992
5,116.33346078684262,6.262464406365773,4.33972875,4.33972835,7.13261692,52.436
5,150.158933901614,6.859680745738284,4.74392158,4.74392158,7.70451817,38.252
5,76.85709733455387,7.043435979123917,5.76695131,5.76695131,5.76695131,101.06
5,82.42388617862035,6.753594816562219,4.08565557,4.08565578,5.72081446,85.94
5,157.67882607981713,6.513881580819856,4.81330408,4.81330408,7.85879912,32.63
5,148.07623311921319,4.980106677073991,4.70728023,4.70728005,7.71639839,35.981
5,99.45544490476262,6.873592368131732,4.01480465,4.01480465,7.124742,63.082
5,73.46268504729946,7.488615616424976,3.9378108499999995,3.93781037,5.49526183,108.198
5,85.85314314498812,8.254066797838831,4.18636973,4.18636963,5.72364654,109.711
5,80.16553120662483,8.69408134290658,5.71396959,5.71396959,5.71396959,133.042
11,238.5382198335799,4.541373650193819,6.40733907,6.407339079999999,6.70921859,4.966
5,78.24272916554573,6.908522650602919,4.01146356,4.0114623400000005,5.62916638,94.667
5,89.32718965639602,7.82567365241792,4.23677246,4.23677265,5.80856826,100.771
10,195.89735894614589,7.257001102454296,4.31729603,4.31729603,10.51005343,56.803
7,93.43783754172982,7.3892961891318585,3.88888924,3.88888984,6.76263037,133.071
6,127.52693604608433,9.001541138139714,5.63395216,5.63394566,4.63921701,65.098
6,162.88647157945982,7.780250260820778,4.76001235,4.76001312,8.30114752,40.661
6,103.53270670987771,5.773973330440561,4.07009126,5.41960185,5.41991185,79.76
6,142.64453193197474,9.868209829545041,4.46194836,4.46194939,8.27323417,55.073
7,71.88185481984054,5.008978791884799,4.15789092,4.15789092,4.15789092,143.683
8,141.38775568622063,7.861529437815946,3.932756,3.932756,9.141507,58.82
2,60.091395148447845,7.3056219656944394,3.91685441,3.91685441,3.91685441,24.939
4,100.13800280355883,11.036570024100511,5.212402859999999,5.212402859999999,5.21240286,37.559
12,303.88117919445483,4.871434858469886,4.51535416,7.49668229,8.97724086,26.542
3,48.80276380178465,6.463513867204651,4.10191315,4.10191244,4.10191363,68.624
16,202.50875402961117,6.853727050252974,4.31982316,6.71786343,6.97825222,84.28
3,71.8868799954871,6.731376992635583,4.26967319,4.26967075,4.55333881,46.089
6,132.07716167233153,7.327499833384856,4.55739514,5.84611557,5.84607333,48.779
5,56.591825064587006,7.998798463504668,3.8399125800000005,3.83678796,3.84117929,167.47
5,54.489749979605094,7.966230312924494,3.78882214,3.79214528,3.79250035,86.912
5,68.80440724514443,9.133639674849091,4.09768332,4.09766316,4.09771369,165.391
2,58.004198951423014,10.092884678819603,3.87097005,3.87097005,3.87097005,41.48
6,111.22940530350866,16.015725932546243,5.39814904,5.39814904,5.39814904,164.26
2,66.00454385735586,4.434566834853436,4.04133276,4.04133276,4.04133276,17.65
2,32.569503838696555,8.461929079759363,3.58461175,3.5846111100000004,3.58461146,109.129
6,117.31917400308865,10.326893274620966,5.49491355,5.49491666,5.49491525,91.067
3,62.14280228157639,5.561646504829888,4.05617785,4.05617784,4.36140235,61.803
2,70.88696590063441,6.548833602418242,4.64544269,4.64544203,4.64544296,32.56
2,52.363950169630186,6.893222491027672,3.74119892,3.74119892,3.74119892,37.377
6,137.42773914689565,7.00845287835144,4.28010773,4.28010877,8.66232078,52.444
3,71.32737459591034,6.751656285163588,4.29564911,4.29564911,4.463422,58.661
6,140.59517947153336,6.850560862823921,4.312046,4.343709,7.506307,46.265
5,73.94695196343135,6.538823421274602,4.197333,4.197333,4.197333,154.842
4,54.1001008293797,2.3325347108087047,3.0540763200000005,3.0540763400000004,7.04733384,21.59
4,94.43185197925416,1.3363114288016067,4.11199286,4.11199286,6.375726,2.658
2,23.46816846096036,7.902858244613315,2.4778130300000005,2.4778091300000002,4.05429521,207.093
2,19.71414253670214,9.407744123914616,2.43415771,2.43415746,3.84193447,295.605
10,104.72494351299041,14.116674788577763,3.233936,5.690617,5.690617,325.443
9,142.7922070885803,3.3966395080180476,4.86847905,5.537692699999999,6.05465878,112.916
16,182.6795915812145,8.262363617339767,5.68315569,5.68315465,5.65602088,193.849
16,169.31487764303748,7.4018669527976355,5.53220503,5.53220096,5.53221317,222.032
16,184.42716416903173,8.128461341178896,5.69266389,5.692663479999999,5.69106878,170.181
16,187.73996373316257,7.9303996214011665,5.72597497,5.726005369999999,5.72605524,181.802
6,77.97351366546387,7.948233648753013,3.663818,3.663818,5.808705,136.13
6,54.82899444400506,7.420077590133895,4.17552053,4.175519039999999,4.17550685,220.866
7,58.29590699846962,7.1460605010772404,6.65591248,6.6559124800000005,6.65591248,322.925
6,56.98248224257454,7.209578702743136,2.823504,4.281594,4.713543,222.238
10,133.42668902531963,7.977854267416683,3.92580044,4.94389133,6.87457056,134.088
12,149.52591526782118,9.223223312489099,4.6743582,4.67434912,7.94457301,229.35
9,84.50293135335461,7.410072449848707,4.7522601,4.7522601,4.320567,248.656
12,112.83708126722532,7.399137901839459,4.347445,4.746325,5.4684,240.287
7,118.45437745608173,6.816066820514643,3.49158751,6.14092342,6.50366003,76.885
9,98.26088263751063,7.232748500561589,5.78151718,5.78138075,3.394448,219.035
6,63.454568336234814,7.315554568047972,3.89993887,3.8999395999999997,4.81744308,237.179
12,148.78577856306882,13.193172513592298,4.65736357,4.65746509,7.91965196,259.462
8,81.2791824610186,7.336261032142601,4.66193104,4.6619383,4.31826627,201.825
16,152.23931894937346,7.833525571819871,4.490845,5.03018,6.739307,218.157
4,45.7782606424511,8.214800658384245,2.82770517,4.02355144,4.02360745,182.283
4,49.04801299007512,8.13121565105119,3.66064424,3.66041061,3.66044671,175.908
4,47.556383384584045,8.38625527203448,4.06669172,4.06669214,4.06669141,142.782
8,97.9285017948869,8.145125547068961,5.17492853,5.174962800000001,4.22244748,166.23
28,344.149067910921,9.058788914185817,7.86598971,7.865987909999999,7.86599114,184.008
8,81.611426843801,7.387619531885487,4.6814067800000005,4.68143369,4.29976725,253.773
32,323.61904838208625,7.45214688678606,4.6568922,4.6568922,17.231024,201.279
4,46.06103922503529,8.15572342742715,3.584632,3.584632,3.584632,152.94
4,46.43039873929648,8.090843647683766,4.03433976,4.03433976,4.03433976,179.994
5,53.75524893195147,7.421038451163974,3.774044,3.774044,3.774044,203.967
4,52.77041133042783,11.41061821296627,3.750854,3.750854,3.750854,193.206
5,57.02610009663068,10.966937738151486,3.84908392,3.84911315,3.84906827,206.727
5,56.59814871105021,8.345426474217561,3.83973055,3.83963097,3.83894589,180.818
7,114.62378696828053,7.002587278514216,6.34339947,6.34339947,6.08209106,85.127
4,44.55133419752165,7.291262737306195,3.97916293,3.97916392,3.97916579,210.833
8,112.37119641474379,8.459837056974509,4.310418,5.48658972,5.48658972,116.858
4,55.67824658603863,8.536924830211742,3.818521,3.818521,3.818521,124.102
10,163.87629351258195,8.206722085801509,7.34304024,7.34269201,7.3427822,108.798
5,58.91695322406438,8.406158419200024,3.891169,3.891169,3.891169,293.392
5,49.57942539378047,7.950674834594608,3.673673,3.673673,3.673673,193.027
14,129.33171471809217,7.786991702800024,6.22366451,6.22366451,4.98962659,230.615
16,182.09747658844086,6.629144377917848,6.69840038,6.698400379999999,4.686311,175.831
20,181.36254704604895,7.818178024728385,6.8257837,6.8257837,4.494816,240.169
13,166.94251978029305,9.614101559460435,8.94064905,8.94064905,8.94064892,253.202
13,170.41138220517945,14.5575407734295,9.07091104,9.07091104,9.07091133,337.469
9,100.78516749809162,7.591604260833604,5.08580461,5.0845552,5.08455508,185.005
33,327.26723253565007,7.440144060913986,9.18370994,9.18370994,4.68417068,210.46
8,114.06618717029225,7.614633349167908,3.39399216,5.57941613,6.02362059,160.334
6,89.86017320542841,7.601883680660379,2.87388077,5.24609782,5.96021767,135.973
12,170.39560703229057,6.347305265998183,5.63888855,5.692744170000001,5.71179883,139.131
8,64.4266962626248,6.8719893211188605,2.90917576,4.04919325,5.46924527,280.84
4,32.17254363593126,6.880705077624965,2.90490244,2.92077102,4.06055185,251.424
10,70.96412453258056,4.6373053112117475,2.99712967,4.50957005,5.25046997,262.93
3,79.34406635152078,4.513257869130386,3.77489233,3.7689421,6.50339155,10.581
3,65.60044321554606,3.2084384983972223,6.42277444,6.42277444,6.42277447,9.771
3,66.48222425416432,3.16588366117271,3.5264447,3.5310821000000003,6.11432335,8.913
8,195.36393650381655,2.7573776814211337,5.931882249999999,5.931882249999999,7.26846332,15.609
8,244.8141021858254,2.20041310308712,3.755022,7.59163815,8.87734118,6.185
2,22.88274681661618,8.32914328795613,2.8390261,2.8390261,2.8390261,189.836
4,46.374676669203076,8.821109647744686,4.03272557,4.032724649999999,4.03272536,183.305
4,43.87951876034821,7.636629327265038,3.95906201,3.9590623,3.95906162,200.083
4,44.20049546045879,8.740069959414202,3.5347374,3.53526822,3.53710224,191.847
8,149.16948352728187,4.272833286846334,6.4530851799999995,6.4530851799999995,6.45308518,71.55
8,160.23133678682186,4.455291853752435,6.60796537,6.60796537,6.60796537,70.285
4,55.07240616476415,15.364184831298981,3.53956901,3.94450198,3.94449572,197.434
6,89.0262964964274,7.189595793600647,4.99762036,4.99758431,4.11576135,152.403
8,109.64221842751901,7.783657256487488,3.96631559,4.89499995,6.15192534,136.965
6,85.88700166694976,7.777100463504769,4.84761009,4.84760992,4.85338337,117.621
24,341.61181118208225,7.821179697057316,6.57891592,6.5789149,8.17020091,128.509
4,53.022539914549334,10.354383825189512,4.21688582,4.21688582,4.21688582,223.605
2,13.643882267273776,6.919330305231976,2.68215777,2.68215777,2.68215777,173.813
3,99.39843304845097,5.173043975093354,4.03756497,4.03756516,7.04060131,10.949
2,18.49946357305058,6.269991366098408,2.96864376,2.9686448000000003,2.96864313,272.864
4,44.565559886299106,8.535536794638531,3.55275832,3.55275832,3.53075869,184.902
4,43.25895847991391,8.902684419596113,3.51033287,3.51046389,3.51045369,199.381
4,44.205465959937314,8.712064160032005,4.3327983,4.3327983,4.3327983,193.048
4,54.17037525866971,15.471273579553678,3.8579134,3.8579134,3.63962714,211.801
8,90.58386212379064,6.366076377677599,3.049142,5.152674,5.765547,207.432
6,75.14771676361988,5.205722716605253,2.71536528,4.91822373,5.62703023,175.013
30,429.42916253166146,4.170169117448567,4.60763086,6.98512756,13.61758449,136.947
10,140.1537021682706,4.259115062051149,4.98063128,5.52209402,5.67180154,144.455
20,288.1989016192339,4.142491456790992,5.03563934,5.7603956599999995,11.04892311,135.276
4,54.94172626057734,9.808478559278246,3.73837417,3.83362622,3.83362622,168.069
4,57.717612463891925,10.791792675708951,3.86455211,3.86460298,3.86459783,166.438
2,27.81342753558363,14.981159998779097,2.72800402,2.72800402,3.73735627,200.39
4,58.90889908037827,18.07140571435322,3.89099168,3.89099168,3.89099168,263.838
2,26.787060836875803,9.840997825998501,2.99209254,2.99209254,2.99209254,198.729
4,67.99139927353036,4.294013393120081,3.592449,3.592452,5.268323,27.657
12,157.18630942155002,5.0697335035557165,5.3968238,5.3968238,5.3968238,145.937
6,80.66959748929806,4.939238101940615,3.37769817,4.42562487,5.39652822,162.063
4,70.07170232824676,8.417664521806563,4.01480688,4.01480688,5.019758,110.972
6,125.15549079300584,7.943834908360503,3.40131829,5.674538019999999,6.48443473,91.182
16,384.7275166166145,7.270543282671305,7.93579024,7.9356549,7.93575776,100.502
12,196.96372423719544,7.070646697585288,5.90214957,6.01299425,5.99506482,123.849
4,90.60598544292976,4.941151913782934,3.93329079,3.9332895,5.85659133,21.309
6,98.51988481308271,7.205959177502955,3.58090064,4.77959329,5.75626371,125.468
8,85.31240907185911,6.534565174761294,4.40220979,4.40220979,4.40220979,201.745
24,292.7460248242334,5.08309397419343,6.23647349,6.23647375,7.750031,182.055
3,36.64917603325126,5.075337687684473,2.67941293,2.67941293,5.10487271,185.12
4,50.72573076510712,9.364699819016506,4.15509612,4.15509623,4.15509648,232.733
4,51.47030253574974,9.03114046220049,4.17532776,4.17532776,4.17532776,246.944
3,42.67003131934509,10.420507391393853,3.92234677,3.92234677,3.92234677,226.039
6,110.03038023499822,7.9029645236961725,5.3078407,5.307910149999999,4.50949031,95.179
6,116.44625869642634,8.363995468783036,5.38041415,5.38041415,5.38041415,80.683
4,59.91036002099775,10.542627406469485,4.13074877,4.13074877,4.56721273,177.299
4,58.8190363075179,10.634597297658708,4.36526856,4.36526856,4.36526856,200.71
4,87.07557914416442,6.996625058185306,3.65601,3.65601,6.514508,18.22
6,126.8395426867011,8.144185381809573,3.87445588,5.24404811,6.24276922,94.192
8,79.87334015749431,11.130713978177486,2.88911836,2.8891183599999994,11.049448,228.877
4,76.70242105083518,6.037763289144493,4.39807919,4.3980787,4.55550353,50.024
2,36.3820910576992,6.364547068979323,2.77842208,3.28160879,4.21035475,55.429
20,365.2311728687152,6.339971727655691,5.11066719,8.58102465,8.5810236,49.491
22,400.2888024932725,6.363182844950075,7.69439623,7.694395879999999,7.69439506,47.111
13,237.60411483039138,4.961983597767242,6.95221165,6.95221165,6.95221165,89.188
3,56.95870463459598,9.807565282321091,4.31875307,4.318753759999999,4.31875299,65.975
4,50.33529715678725,9.878695776947334,4.14390572,4.14344463,4.14380919,188.326
7,147.21894445893776,3.684289048067203,6.45268107,6.45268107,6.45268107,40.307
3,45.47985409473733,7.411548550179124,2.79943572,2.79943572,5.80334064,70.807
7,143.88476232657908,3.734023447657931,3.6589467,3.6589467,12.410008,16.854
7,160.3753254776379,4.848774594863652,5.5821893,5.58218991,6.48605319,35.968
7,183.04843395088997,5.949833597916331,5.80255655,5.80255767,6.81112617,30.818
7,229.30007582928715,6.1586643550323625,6.20321731,6.203216310000001,7.39926463,25.141
4,54.92989497448802,13.137071765877463,4.26684193,4.26684194,4.26684192,198.415
7,144.44431531417416,3.7523038175172876,3.64891604,3.64891604,12.526856,16.259
10,105.733762841711,5.88758801308196,3.04756735,5.817410119999999,6.32648587,155.545
3,52.286026133750504,10.624256150291624,4.19726995,4.19726937,4.19727003,101.898
4,53.87391476903387,10.585175038827725,4.23933605,4.23933605,4.23933605,199.112
10,219.10610825846626,3.571704046496003,6.45523076,6.476590949999999,7.05343939,31.225
10,251.71319802409616,4.965206676135962,6.724794080000001,6.69101335,6.79535988,27.869
10,320.9027442431791,5.404814400278392,8.48255878,12.67749147,7.29774106,21.714
7,228.9214683622934,5.639398813100661,6.71403232,6.7144204300000006,6.70892657,13.543
10,260.1734900134877,4.227415227125105,7.14449397,7.14449441,7.17648632,24.352
4,93.00616458557012,7.465670887940101,4.530755,4.530755,4.530755,43.085
16,248.47301476117548,7.08432827176412,6.183549690000001,6.18354917,6.49835684,102.587
4,75.82317781265598,6.171659748019262,4.232536,4.232536,4.232536,49.122
5,67.77758100817775,8.000560893682515,4.01089876,4.01089698,4.86488096,118.283
11,121.88560924437569,4.797447733980866,5.09145712,5.091457120000001,5.09145715,149.786
16,233.69469889274723,10.53430942945074,4.0147469,5.47384465,10.63403834,144.994
10,147.0199299773799,10.776329921745669,4.07557031,5.483432980000001,7.1119782,150.991
5,81.84367133018377,12.160042282735057,4.24388408,4.24388458,5.24719751,130.246
13,141.99687633831397,5.607684272664256,3.0103903600000006,6.30434977,7.88199796,152.853
56,756.4073119002903,7.990394608687482,9.94166679,9.94166679,9.94166679,135.145
2,36.50274922078577,8.07876481063684,3.317227,3.317227,3.317227,65.386
9,150.81671628068636,9.428990989465623,7.73314932,7.73315072,2.9120979,82.611
8,171.910562407395,4.669724661071306,5.75129003,5.751289829999999,6.59458319,59.096
8,198.74062108639484,5.606598717612352,5.98469527,5.984695800000001,6.9783925,49.331
8,245.1125665136039,5.863972675957297,6.34459901,6.34459832,7.56338656,40.225
2,47.53185942486424,5.0532003652830335,4.06599305,4.06599292,4.065993,60.742
4,90.96756905829542,5.280739320501888,3.99359019,3.9935907,6.58610919,60.75
7,108.13432269314251,10.392267875664073,3.96017696,3.96017696,6.89500172,152.092
8,96.55324356267455,10.273786521413768,3.00643404,3.0064338,12.33482165,151.971
2,64.47665137844592,7.177759304285895,4.50096695,4.50096695,4.50096695,36.141
10,125.04979164355588,8.676556170921543,5.641572339999999,5.641572339999999,5.64157261,103.348
16,552.7467601245825,3.718367569810444,5.75753559,9.00860701,11.1904118,0.727
24,661.8128624633736,2.822791299086596,7.21086211,9.57714237,9.58323348,3.432
8,245.26974916813904,2.3842405459723395,6.91577005,7.0518977199999995,6.98492471,0.919
2,23.081673637324567,9.25576895388653,2.84722922,2.84722922,2.84722922,173.828
4,45.87477357036958,8.914751244936229,4.01818237,4.01818237,4.01818237,198.722
4,45.87687739299775,8.914342432121158,4.37357224,4.37357224,4.37357224,177.04
8,96.77811758119411,8.934656373334793,5.15739309,5.15739216,4.20124485,124.561
12,297.32681933848096,3.0725970071174418,5.41123001,5.41123001,10.15411543,10.789
6,227.90122768993697,4.669644449858461,6.369987329999999,6.36998755,7.19958277,8.702
4,43.79140163761044,6.266838431103291,5.980203620000001,5.980203460000001,5.98020476,148.134
8,87.56813608432047,6.267888092769294,2.97185305,2.971854,11.44881994,148.405
4,55.94616461540481,15.536142550493022,3.9730020100000005,3.9743971100000004,3.54307443,188.8
4,57.37801806890678,15.148442171258816,4.32932491,4.32932491,4.32932491,185.797
8,148.55064787488718,4.413158156560992,5.3141622,5.3141617299999995,6.46453475,71.436
8,174.38032573728668,5.545702577344771,5.602735770000001,5.602736,6.82313837,55.594
8,218.289716975734,5.910200081811383,6.02531956,6.025320570000001,7.36921891,46.028
4,48.15021187795594,8.182231459591787,3.63801844,3.63799675,3.63806957,169.4
4,48.35506149111824,8.147568553628785,4.08933145,4.089331450000001,4.08933145,169.932
4,45.511837038575926,8.881916038042585,4.00755742,4.00755673,4.00755885,190.304
4,47.523425988182915,8.489201462073932,4.06575227,4.06575227,4.06575227,167.75
4,53.72574802143804,10.242161279914964,4.23544607,4.23544607,4.23544607,193.286
4,54.10311793552451,10.573525384283395,4.24533954,4.24533954,4.24533954,203.806
6,172.4011710424648,5.200476376722885,12.23296087,12.23296087,12.23296084,15.227
8,62.95358764398781,5.41944480669435,2.96465307,4.33355558,4.90006945,132.704
16,713.5099374973938,4.193170788861223,6.30382026,9.79607699,12.15654889,1.125
2,27.77685210962619,15.659139559668347,3.02850068,3.02850068,3.02850068,215.702
4,45.728323633043765,6.080976822797051,3.18892989,3.1889309199999993,5.19235725,172.144
2,22.887746457208138,6.074710690233268,3.18693029,3.18693186,3.18693158,171.704
2,23.827730579360463,8.949255514697096,2.87758102,2.87758102,2.87758102,152.55
6,68.5797975164198,9.061068837463887,3.9941453,3.99414426,4.96384256,167.858
4,52.11208160804447,10.650076498150824,4.18604352,4.19934703,4.19922289,173.642
2,40.50586677465882,4.128066394553711,3.85488106,3.8548803699999996,3.8548812,76.335
4,80.94438260839495,4.131501211731941,3.84171982,3.84171795,6.33293273,76.25
12,167.78991480663967,3.259807633218148,4.94093113,4.94093218,6.87309908,22.532
6,88.97074499829131,3.073835366188129,5.073877380000001,5.073877069999999,4.89873758,29.965
7,103.52236840202977,10.150306278797114,3.9026853,3.9026853,6.79684137,163.164
7,105.66362207681803,16.91153389310821,3.91763036,3.91763036,6.88459791,214.19
8,117.88484654519537,9.924679610271642,4.90327176,4.90327176,4.90327277,141.771
12,175.54707015013076,10.691306907713546,4.05957263,5.54430322,7.79949162,150.478
8,119.23105990874146,14.751940293412085,4.92186618,4.92186618,4.92186618,167.158
4,59.77085646818564,18.19635255259864,3.90987758,3.90987758,3.90987758,215.396
2,27.167376667323634,10.551492408313408,3.00618637,3.00618637,3.00618637,179.773
2,27.038855153668113,10.488922241205872,3.00143839,3.00143839,3.00143839,204.343
8,179.06983027699562,3.7755762762666247,3.5932455,3.59324922,16.01465599,18.273
4,89.85134655410425,3.7622797482606725,8.25577133,8.25577153,8.25577179,14.686
8,178.49139683519576,3.787811709564709,3.59114487,3.5911451899999998,15.98161982,20.025
2,57.7899967538503,5.502076836729077,4.33966125,4.33966102,4.33966243,44.793
4,115.32797734941987,5.51410004479035,4.31959334,4.32144471,7.13296547,44.722
8,203.72095733029116,4.8476883992636095,3.77343736,3.7734361,16.52079197,14.135
8,203.68720643346185,4.848491659487406,3.77257507,3.77257435,16.52560958,15.789
4,107.38155744291926,4.598441972039259,8.97328981,8.973289810000002,8.97328886,14.697
4,51.51913683433175,9.667790136228335,4.17664784,4.17664784,4.17664784,228.828
8,254.24957339671565,5.154975032115177,4.09354091,4.09353285,17.52003126,11.919
12,381.4245248505413,5.154297052475482,4.10604722,9.261890380000002,10.73672903,9.638
18,867.7597786048789,4.155000976846306,7.4153094,7.27583856,16.53131591,5.463
5,82.28908437390072,8.45982331968035,5.769069770000001,5.76906977,5.76906977,142.427
4,109.20185367708048,6.897856480423395,5.36514754,5.36514754,5.36514754,67.859
40,630.9088589739129,7.632702124261219,9.35828283,9.35828202,9.35828377,131.73
15,217.2492570712194,8.312236805245021,3.56270482,7.28946631,8.76161836,94.858
32,420.3620464119264,9.175725427249331,8.57943683,8.57943683,5.71091815,136.02
20,445.1800211719007,6.12763430950791,3.93795851,7.39173681,15.29389255,77.88
5,85.80620617731049,7.3260432780332065,3.85490617,3.854906,6.66746081,112.425
5,99.17649813870433,7.937965089542273,3.96724384,3.96724542,6.89753697,73.923
22,264.2750722552495,6.562730101284096,7.20317113,7.203171130000001,7.20317113,183.909
80,988.6948991244288,6.801126131487546,10.86996289,10.86996289,10.86996289,151.971
20,207.0928219548197,7.448380881004343,5.242647680000001,5.30533641,7.44562991,184.501
9,181.71177899888147,7.968193992916335,7.08852041,7.08852377,4.17581356,87.985
2,51.052851177881344,7.551586318859651,4.16400905,4.16401022,4.16400853,78.507
12,149.62446139339144,6.573798468924719,6.790908299999999,6.790908299999999,6.7909083,138.263
3,37.26075359009629,7.971495896282826,3.30203012,3.30203012,3.946017,153.466
7,68.99303508766444,5.3459352145268895,4.10142792,4.10142792,4.10142792,167.657
8,145.83880843715707,8.187904494977948,3.944661,3.944661,9.372463,57.14
3,43.41390712617451,6.9334520134988065,3.72281719,3.7228175,4.09169741,82.475
2,53.139850412643,8.42649390969117,3.75958674,3.75958674,3.75958674,53.093
8,196.30434210697612,4.45973877827307,7.458316,7.458318810000001,4.07490477,29.009
6,104.43844575264232,6.636607553470821,3.94284455,3.94284455,6.71801687,70.235
4,43.863326295946074,8.110705933914419,3.95857478,3.9585747799999997,3.95857478,136.043
3,63.801518127962986,7.721999633365434,4.19795495,4.19795555,4.18046788,84.386
4,93.39762160754272,8.174540635694079,4.00180246,4.29349522,5.84441802,73.164
3,36.97479915589041,7.1526342839861625,3.73944272,3.73944266,3.73944359,68.537
2,54.85722790619699,8.235551825102172,3.79965897,3.79965897,3.79965897,104.041
2,56.20987374613222,5.363455751908982,3.83063586,3.83063586,3.83063586,216.967
6,82.86840113282643,7.704625255553185,3.86074177,6.79569204,3.86074058,126.672
6,87.79236983081748,7.272499620247938,3.93562,3.93562,5.668008,82.3
6,84.19912511873451,7.58285760517036,3.89489293,3.89486676,5.55033824,120.948
2,47.27671820417626,6.611138047913185,4.05870492,4.058704949999999,4.05870457,85.387
2,43.6972738568492,7.194154831315992,3.95357261,3.9535715300000005,3.95357415,86.458
6,100.7900264777971,6.864023290429139,3.83342101,3.83342101,6.85874287,100.481
2,61.667540822318806,7.512980077384379,4.43462828,4.43462776,4.43462776,98.6
20,251.66745686793627,6.603534812980721,5.49028423,5.75677968,7.96255827,162.616
2,49.363680227421575,7.945840578792697,4.11756822,4.11756852,4.11756887,97.929
3,58.10161186627228,6.0995538203596595,4.05930608,4.059305460000001,4.07149625,101.405
6,116.5940856230161,6.079106101039082,4.04834763,4.04835023,7.68405933,78.62
12,151.81946498209564,8.798098556885238,5.17142412,5.36265626,5.51136726,142.698
2,60.330584040165846,7.840211748438457,4.40234504,4.4023454,4.40234656,71.741
6,127.12844475604145,7.2560684754871705,4.04559296,4.04585037,8.27775198,73.046
2,55.461729456775295,10.82739808430384,3.81356485,3.81356485,3.81356485,32.249
8,149.693464100924,6.1710999381424205,3.62955763,3.6295576300000003,13.120935,103.674
2,45.68820926341706,5.280205108101336,4.01272841,4.01272786,4.01272831,57.916
4,91.33347452472145,5.282687802869027,3.99759578,3.99757591,6.59937795,59.529
33,523.2560453294151,9.204318999472292,8.79248957,8.79249264,8.79249604,53.667
7,199.68055652061017,6.0946403984480995,13.88404969,13.88404969,13.88405003,20.643
3,45.122017474925144,8.877157020460704,3.32019282,3.3201930400000004,4.71869186,171.888
6,106.75576252015794,10.588425510935137,2.98875548,5.74112109,6.22163078,110.087
9,283.52112038005123,6.013807767412532,4.26483213,4.264832129999999,17.999105,22.025
9,251.0651373186843,6.171655476597856,4.135751950000001,4.13543707,16.9507716,25.98
38,579.872660071692,7.1352103213444735,9.09880995,9.098781100000002,9.09880977,50.715
7,163.13427964344677,5.268700431335493,5.46432467,5.46432467,5.46351624,47.172
14,173.08915336954075,5.256243448535626,8.05093195,8.05093102,3.08352139,174.776
28,348.21977319049716,5.225428298200126,8.22337156,8.22337051,5.94597379,163.42
15,262.5779212486236,9.159224807598246,6.23472776,6.23472831,7.79996278,108.621
20,330.19864841855747,10.914050854091622,7.541638389999999,7.54163856,7.54163895,141.767
12,296.3205979324806,4.9614870565598315,3.7876455,8.47107703,9.82305094,20.046
24,604.6222314840644,4.888236343827912,3.73576641,10.59744722,15.27225394,13.477
12,189.38963804095667,3.8801856614353603,4.69160056,5.00209386,8.07018235,8.284
10,169.93888086113566,2.171531551686813,4.58631738,4.5863188599999996,8.35736286,1.243
9,121.61097263170787,4.286376757740085,4.97629482,4.97631625,5.67088407,32.439
6,56.00426327829353,6.205128158243331,2.87651434,4.41242435,4.41242435,202.915
9,122.2224467690629,4.264932181890035,4.98695007,4.98695011,5.67479619,37.861
12,176.34269454919115,3.9413442324697203,4.981571,4.981571,7.10599379,20.101
12,109.784791989849,6.330815493678655,4.31179762,4.77720461,5.32978846,216.482
8,146.50324875272455,3.753104262795742,5.31065422,5.31065406,5.31065298,48.704
8,129.24359931052948,9.202347420437127,3.54925952,5.7835714,6.29615175,122.742
9,135.7071814758539,10.47956390162657,6.69313881,6.69313966,3.49794085,152.76
10,228.12451669187033,4.007212271997446,3.47151536,7.58168115,9.32124339,8.161
8,131.2159496082121,13.552198890910285,3.73003181,5.75601262,6.11156387,141.112
9,139.4714868226555,16.530491993376206,6.74398688,6.743986819999999,3.54096268,176.427
12,222.98135412951086,10.327003866612028,6.02894882,6.05269499,6.11051989,120.097
8,118.25429694590274,9.860112271656295,4.90838903,4.90838903,4.90838903,101.132
12,167.34790803370558,11.051916207681904,4.01262865,5.49899679,7.58416638,200.615
8,114.6036844748984,10.067817382442803,4.85735144,4.85735144,4.85735144,171.945
8,175.6988115830953,3.9582907054334786,3.60314037,4.52312513,10.78075161,21.382
4,82.59311222529335,4.210199580250798,3.86175071,3.86823791,5.85752758,23.949
6,144.89933293918034,3.134754644474667,5.68338435,5.68338463,6.02278876,17.991
2,49.461571304922,6.526456529413264,4.12028859,4.12028859,4.12028859,60.206
12,392.55907865467753,6.145734829826084,4.28929996,4.28930056,24.63777845,18.188
8,198.83584123189982,5.064232309197681,3.78718786,4.66436352,11.25603494,19.51
2,44.30286179376638,5.6822000352964235,3.97175378,3.9717534100000003,3.97175317,57.611
6,168.6635656681898,4.5398528865846455,5.93662975,5.936630440000001,6.36586867,13.587
2,55.90896876383438,5.947280919544125,4.40277633,4.40277602,4.40277502,33.016
2,54.23188293600998,6.131196727077983,4.24870483,4.24870483,4.24870483,48.853
4,64.45057255782552,0.10387642391387894,3.84013018,3.8401306699999997,5.04666155,0.469
2,29.109760990291143,0.11499398773390511,3.3570164900000004,3.3570164900000004,3.35701649,0.312
12,89.72908441199431,1.0383114570248944,7.15876328,4.92581135,2.54458791,17.783
12,115.06958229398883,1.0398951897158608,4.34051676,4.34051676,7.06770668,15.606
14,149.11752379154538,2.1843596073652445,4.669782490000001,4.669782490000001,8.53224817,10.776
28,314.64143757963063,3.0604249630834626,4.58832648,8.15352288,8.41039341,8.966
10,127.3631643443672,1.3164952344651388,4.13776384,4.13776384,7.651655,3.07
5,68.97691917301563,1.3114516090546091,4.444629669999999,4.44462967,4.44463023,8.222
16,123.28957235335308,0.9175096736639564,4.97708948,4.97708948,4.97708948,8.895
6,64.00459659004059,2.541025020091157,4.00009576,4.00009576,4.00009576,18.724
5,60.932638799459376,0.43718985615017697,4.293625899999999,4.293622599999999,4.2936221,0.79
12,166.90677515791253,2.884045872925448,6.14945329,6.14945329,4.41368111,9.349
12,120.06670683296188,1.0244498238701005,4.40766733,4.40766774,7.13632075,30.444
18,169.21014083020614,1.2375946850724577,4.723571,3.906135,9.18250395,18.19
32,239.68053505778616,1.5808121059280862,3.55133965,8.13278487,8.29853196,30.335
4,34.11175069408168,1.9477929941359355,2.62368532,2.6236853200000003,5.3920398,9.779
8,362.1722940419676,3.500340724806713,5.08996702,9.62621971,7.83029354,1.785
20,269.5166969553945,4.335262992494945,5.716437,5.890396,8.00416,13.126
16,316.9101839136326,6.373903863048312,4.14855,7.504723,10.179002,28.159
2,17.333256077574035,10.291678070480618,2.9049040199999996,2.9049026900000006,2.90490373,174.968
2,16.301365722997893,10.585145431246795,2.84607556,2.84607475,2.84607486,218.492
2,44.52724345307818,13.312731506672293,3.19238514,3.19238412,5.04504164,108.287
1,22.336669753188993,13.269194633153198,3.1611456600000003,3.1611451700000006,3.16114517,102.549
5,65.21303661252324,8.976510439739018,3.6973856999999994,3.69738653,5.43976104,158.095
5,75.6624660650518,8.066048667497299,3.77829,3.77828908,6.12011221,128.834
20,262.2899454801914,8.770894606830371,5.023701,7.026712,7.430289,181.136
5,66.54389912703743,8.785014609848883,3.72189917,3.72189899,5.47742028,187.543
7,105.52061302934273,8.80094756577371,5.15087768,5.20757411,5.20757411,133.265
3,60.98842425840221,12.656477136491937,3.2039442099999995,3.2039441499999994,6.35854029,111.1
6,120.94313614111896,10.54351914711372,5.21234948,5.476799259999999,5.47680014,111.173
10,178.7758616283116,8.135225048329678,5.47594775,5.475948089999999,7.39722934,114.235
18,210.03580926020484,7.684098087848159,3.31791363,3.3179125500000004,22.03092136,196.908
11,131.43028718584037,6.632535273284064,13.751453010000002,13.751453010000002,13.75145361,190.181
3,60.50277629099702,15.203433235766479,3.22416012,3.22415982,6.25083917,133.005
8,118.14244286175268,11.273995061069773,3.37351513,3.37351404,11.98698973,178.939
24,425.51427246972503,12.984572396470782,8.44260317,8.44260317,8.44260317,136.052
4,66.98760781115823,15.074787423879766,4.55865154,4.55865227,4.55865227,184.201
8,127.52822808410767,11.637788160905966,3.564588,5.15298951,7.4557074,171.95
4,66.40878151423911,15.055902023572678,4.54575489,4.54576133,4.54573071,177.868
4,65.48709672677514,13.031161572048914,4.52435699,4.52435845,4.52435771,177.082
3,55.26354971858343,12.635812503043667,3.15283522,3.15283451,5.98985137,123.959
4,69.50009952434412,14.64003213910289,4.61494796,4.61494796,4.61494796,160.206
4,67.60466883427257,15.001688745247677,4.57260672,4.57260744,4.57260744,175.345
6,131.49996271010397,9.92290443814315,3.913674,3.913674,8.585317,101.457
4,66.40258764677353,15.130372398767687,4.54534306,4.54534306,4.54534306,180.435
4,64.94405963521362,15.419368512414009,4.5118134,4.51181245,4.51181331,201.248
6,116.86961904072156,12.125597878067593,5.240858439999999,5.400590040000001,5.40058878,119.01
10,173.04247913305417,10.865684981398427,5.40940491,5.409406110000001,7.32490111,116.63
6,132.54004957390438,9.922425090743289,3.90756442,3.90756442,8.68030201,93.197
6,114.60179893091865,12.450080215921293,5.29294542,5.3530956000000005,5.35309422,133.014
3,64.33600683415337,14.391113378305276,3.33008193,3.33008193,6.26120998,111.5
14,324.88656666280355,9.517648739869276,3.05736395,10.3084248,10.3084248,73.035
4,68.96108052302303,15.70221449515849,4.60287842,4.6026421,4.60295263,191.166
4,69.41988060679009,15.554532063309034,4.61317171,4.61317171,4.61317171,199.022
4,65.606525845645,15.291006987422037,4.5279154,4.52787885,4.52789424,192.899
4,65.0771629326781,13.136476323603198,4.51489647,4.51489219,4.51489754,175.266
4,69.58606817592573,15.39496656999604,4.61685482,4.61684616,4.61684832,189.709
4,69.39855017793064,13.299556775834574,4.61269917,4.61269917,4.61269917,173.159
6,91.52212545339628,13.462054259511142,5.31312402,5.31312402,3.24209839,194.409
6,105.7570348307275,13.053352369714172,5.23608484,5.201142529999999,5.20114143,140.732
10,169.06256897896654,11.650446378731859,7.062145,7.062145,3.389801,154.562
8,128.00389237479402,11.588320460625114,3.56648881,5.14785014,7.47480438,180.029
4,69.98816376431608,15.508024403571598,4.62572559,4.62572559,4.62572559,187.278
4,68.32259543762173,15.800661262145374,4.58873648,4.58873648,4.58873648,201.65
36,657.4552169256518,11.758289151578975,3.58496007,12.21962583,15.00803885,149.153
3,57.44878379983076,13.394431590034719,3.2659586700000003,3.26595807,5.86049106,136.094
4,68.86466402209905,17.732854589229742,4.60084014,4.60084014,4.60084014,213.322
4,68.61849812924844,17.74838586551615,4.59535149,4.59535149,4.59535149,217.65
4,68.68807217126955,15.619332505228545,4.59690408,4.59690408,4.59690408,197.44
4,69.95806639096372,15.219346658802651,4.62506242,4.62506242,4.62506242,199.747
6,115.5374557383108,11.182943538781206,3.37427404,3.3742734900000007,11.71740703,133.807
8,163.7126436948556,10.340064110684043,3.80163527,3.80163607,13.08008754,122.772
5,74.31419400558609,10.36696632678755,3.60177878,3.60178753,6.61464154,159.176
6,110.83341704812216,11.538330656458774,5.16564679,5.30347437,5.30347408,141.732
8,138.1767776432119,11.721883808591143,3.32679204,3.32679162,14.41627952,137.648
4,67.99991913074608,15.755848335611363,4.58150113,4.58150113,4.58150113,206.099
4,68.00629896043276,13.622130345204617,4.58223463,4.5823443,4.5803618,187.509
4,67.45527411128104,13.688221735630725,4.56923649,4.56923649,4.56923649,193.02
3,66.17875850823182,14.08557235766078,3.5211328400000004,3.5211328400000004,5.88983715,102.866
3,58.24113604385734,12.04292162594286,3.2244603100000004,3.2244603100000004,6.04693341,109.609
4,70.47380083048446,14.34004443182079,4.63696541,4.63696541,4.63696541,160.36
9,137.83849498737558,11.263141214679118,6.32399961,6.32399866,3.97975474,137.085
9,134.0105322789263,10.480709494130753,6.25424808,6.25424702,3.95601738,145.521
11,159.03914497922935,9.417804643034128,3.89003585,6.32216862,7.45696328,155.079
11,160.83406624911896,10.952317897145953,3.8812096899999995,6.472798009999999,7.42910972,157.766
20,389.9870069781916,10.039069360678187,6.86770743,7.53562323,7.53562323,116.6
4,92.0754169446023,13.425830857946389,5.6785559800000005,5.6785559800000005,5.67855598,102.841
10,186.59474170685908,12.116225364412148,7.10040584,7.10040584,3.70111906,133.921
7,84.66641683335696,11.600863509723842,8.638812420000002,8.63881242,8.63881224,212.613
16,256.87025439214904,13.575428382272174,4.26238059,5.57576505,10.80829339,192.803
16,354.14474257294506,12.326667162554292,5.65826053,8.40192329,8.40196593,115.025
10,178.98083953562747,10.978191831303093,3.66328402,6.98985191,6.98985191,143.703
12,148.9327856937136,8.72093053447222,5.77872,4.907788,5.25148408,182.505
5,126.98720853177339,10.339139199949155,3.68365216,3.68365197,9.71149645,37.225
4,87.33492437778973,14.06717093616474,5.61266088,5.61266088,5.61266088,104.481
28,423.50289919996874,11.695505556419015,8.42919852,8.42919972,8.42919947,135.395
10,161.90697492502883,12.612696003282336,5.84082185,5.84082185,8.74354286,149.253
7,132.83095957246726,9.937217760447023,5.32683223,5.32683223,5.40543529,116.342
7,91.89858523995285,13.659998008655876,6.362739030000001,8.43831261,5.54167197,225.032
16,320.5773644231701,10.0840543868134,8.07586084,8.07586197,5.67576631,111.876
18,364.94935285791234,11.940486915695514,8.52860458,8.52860403,5.79356715,118.269
16,292.2846386730469,11.097807325634673,7.85042359,7.85042353,5.47632421,140.749
16,348.21972091240735,11.908089899329186,8.39460577,8.39460086,5.70588316,113.876
18,386.9672969387469,11.734523725931362,8.72536216,8.72536288,5.86916984,111.118
9,217.0432023592213,10.732827416446614,3.78848439,7.802461219999999,7.8024606,77.308
9,190.55290465909863,13.488321395563142,7.80255942,7.802560000000001,3.61418807,107.37
9,183.51965181224065,12.42469046668192,7.65775989,7.65776046,3.61366935,131.265
4,76.94979191613233,12.358941251559584,3.42187445,3.42187445,6.57172388,114.117
4,74.84397912744004,9.117460652791829,3.26291996,4.24826328,5.64041793,117.671
12,204.3665729818543,7.555001011159482,5.22138211,5.221381520000001,8.65582195,119.513
4,68.0149108264318,6.333924578178419,3.9237913200000003,3.92379027,5.21668553,106.503
8,134.6604828558467,6.398333144658634,3.9702023099999995,3.97020211,8.99165194,106.136
4,66.89472973455626,6.439988876188073,4.05941982,4.05941982,4.05941982,103.976
8,114.04860688865566,6.272189555193488,3.9801612300000007,3.9801612300000007,7.72983702,126.648
4,72.66086863676081,13.698362024316546,4.6838739,4.6838739,4.6838739,142.057
4,53.745801996612606,9.989901405468002,4.23597285,4.23597317,4.23597308,172.038
4,58.16258175387075,9.494673931093729,4.34896862,4.34896861,4.34896779,134.159
4,53.178430913577124,9.903622896658574,4.22101445,4.22101445,4.22101445,172.287
4,63.8265235287545,15.347243428921717,4.48578784,4.48578784,4.48578784,214.618
4,54.81424345769462,9.780649173525052,4.26385922,4.26385874,4.26385857,160.645
4,64.88488026143965,10.705462505694763,4.51044631,4.51044583,4.510447,156.936
18,310.8632505763219,12.837891643051405,7.10596791,7.105967739999999,7.10873464,163.496
4,61.176844776388336,11.163549316840344,4.42283428,4.42283858,4.42282784,187.174
4,60.31829121523733,11.221386931745648,4.40202751,4.4020726,4.40200247,195.913
8,157.4889287869576,10.687731907473,3.78670151,3.7867016,12.68227822,127.118
12,224.55203370671956,9.711960247674373,3.68828633,6.79474407,8.96023212,114.549
3,54.7676417971877,17.35570408751092,3.5457102999999996,3.5457102999999996,5.02700773,152.12
3,29.56947202717239,11.237731734079086,3.13267877,3.1326794,3.47921399,252.303
5,68.68237791650677,12.040606933574361,4.09526278,4.09526278,4.09526278,223.425
4,61.91993038078719,10.056687622354204,3.3027471500000005,3.72927786,5.29152796,116.852
28,247.0931056899161,3.9736896829606243,7.04352184,7.043522659999999,7.04352374,125.555
3,39.215087922231575,8.321281331132008,3.77950106,3.7795016,3.1699582,127.5
6,60.84319136221563,6.101176017176306,4.51940161,4.51940308,3.43969043,130.956
4,56.492362832486855,11.561065465944003,4.30693429,4.30693429,4.30693429,189.784
6,83.93869356804292,8.529838946056586,3.69337278,3.6933738,7.10534556,147.205
24,329.0891638996164,9.112183986657827,5.478163,7.79357202,7.804896,129.509
8,292.658279754064,4.745744834446895,9.98704644,9.98704644,3.38809886,5.026
6,130.04308186387354,6.956648493222394,3.55823524,4.10403067,8.90516558,25.147
2,24.882050526085823,12.71333544938229,3.27692905,3.2769292500000002,3.27692928,239.071
4,65.65287527445285,12.563192069705812,4.52817298,4.5281665,4.52818016,169.501
2,31.648858564010858,12.457020854888873,3.16314682,3.16314682,3.16314682,123.98
6,81.4630040752943,12.081836890381446,4.86584039,4.865848519999999,4.86584595,183.341
4,60.03541428876613,11.480456409868657,4.39515472,4.39515427,4.39515488,161.751
6,59.17442436684407,10.576806096853982,4.76532455,4.76532536,3.00897377,253.383
12,175.19978664538093,11.841583714279766,3.79517913,6.42264666,7.18765567,177.383
18,306.26321395161483,11.585585021586688,7.05588592,7.05588625,7.10331537,130.285
6,87.56918898583355,10.713191130509548,4.98450612,4.98450492,4.98450557,188.948
12,299.80311000190716,7.625572698922406,4.07685559,7.303325330000001,10.39114593,41.391
4,56.87042342731277,10.77803590148625,4.31652062,4.31652062,4.31652062,136.591
12,179.1036037977578,10.017605332202457,3.86984772,6.41340148,7.21642365,153.001
8,120.16210500478755,8.2419390723173,3.66137595,3.66137595,8.96352592,139.708
6,86.4435736764034,11.14843374761444,4.96305928,4.96305478,4.96304752,163.391
12,173.4806826887985,11.110291233603,4.97582175,4.97574035,8.09082814,170.582
4,58.26059904649849,11.654151021495645,4.35132461,4.3513545,4.35140644,183.726
12,160.04368206182693,11.01088300274435,3.71189998,6.205919719999999,6.94762095,216.434
4,66.96723359244056,9.61250570444832,3.8571088699999994,3.8571084899999994,5.26311834,100.608
7,109.46331517468417,8.890095436301177,4.09617121,4.09617121,6.52397661,103.655
7,115.1219754508209,8.449656339734823,4.207892,4.207892,6.501732,90.233
6,108.22971788710512,13.660537631273677,4.31666333,4.31666252,6.70686628,131.425
4,53.38345333831844,11.387220035558487,4.22643246,4.22643241,4.2264316,172.836
6,95.36105421454342,10.857430296916288,4.18023947,4.17823533,6.30544613,125.165
4,62.8942058920518,16.703208911455413,4.46383676,4.46383676,4.46383625,212.925
4,54.314591961741336,11.177341660174275,4.25086323,4.2508634999999995,4.25086406,128.242
4,61.10858465711702,12.337457894952701,4.42119037,4.42118678,4.42118246,183.393
4,60.46326957453625,12.368314789583795,4.40557104,4.40557104,4.40557104,197.202
6,106.39076898512359,10.106755303543382,3.75280289,3.78609696,7.72342934,111.883
12,122.86172068265319,8.518221763255445,4.841601410000001,4.841601250000001,6.26032908,213.567
12,200.70277641659416,14.767225313536944,3.95850479,6.62339035,7.65494112,176.04
6,103.56285840336011,9.081563967483959,3.61295349,3.61295349,7.93376417,126.583
6,112.4540771912858,9.748465417175245,3.70033751,3.70033751,8.21282426,111.031
6,141.37701596735403,8.896721398014122,3.73304962,3.73304962,10.14498211,93.679
12,371.40047876615364,6.809632132708429,4.01324803,8.57909793,11.09401546,13.342
3,25.697635780907344,11.663993857850604,3.25435915,3.25435839,3.25435891,146.977
4,29.347906918828855,10.27026528646699,3.084554,3.084554,3.084554,141.255
8,325.99918214184066,5.696818646460706,7.627962,7.62796193,6.46947118,5.829
6,127.29091834923393,8.333322256166289,10.98748181,10.98748181,10.98748195,20.721
4,78.59780438964053,14.519371988569873,4.80811822,4.80811822,4.80811822,128.33
4,59.72666131910512,11.431597274230139,4.38817217,4.38697662,4.38929229,206.086
4,63.80796310621397,10.94049379717598,4.48535258,4.48535329,4.48535326,120.211
4,59.46295388965229,11.468901495674979,4.38114028,4.38114028,4.38114028,145.405
4,70.038677202766,12.000205632417734,4.62733231,4.624294950000001,4.62311272,141.693
4,66.63503687566028,12.438000163289756,4.5506407,4.5506407,4.5506407,172.181
2,34.71344804869957,17.732996611530407,3.26211488,3.26211488,3.26211488,207.546
4,61.30550760168775,20.453971952901608,3.94305799,3.94305799,3.94305799,278.691
4,73.22723159454121,13.531719895672687,4.696012070000001,4.69601207,4.69601207,121.119
4,63.70702280116657,15.306266939301496,4.48298655,4.48298655,4.48298655,187.046
16,206.81660424605553,7.41268075708142,6.36655539,7.37675005,4.40368061,157.33
4,67.63478961422553,10.20448440583897,4.57328812,4.57329099,4.57329387,128.55
4,63.135647893293594,10.746800728835124,4.46954396,4.46954396,4.46954396,154.665
12,170.20283111502954,11.253471060609572,4.88131737,4.88059039,8.25000619,357.683
4,62.42548932769961,11.683906729009335,4.45420845,4.45226201,4.45265633,175.043
12,188.39448410514012,9.220088594142027,3.75141812,6.58595163,7.62525154,163.306
6,107.69348696306497,11.421560807420565,5.34033115,5.340331289999999,5.34033037,304.609
9,140.1143663664333,10.858305791496,6.89715982,6.89715899,3.40103816,206.978
2,22.95971526910952,13.922136544011673,3.19026836,3.19026808,3.19026823,270.382
6,104.79245986832933,7.224172103111216,9.74299539,9.74299539,9.74299571,30.612
6,57.511792215812164,9.084617667438774,3.1275862,6.2399678000000005,4.61898323,268.54
6,57.55241543924991,9.07820531357779,3.12351486,3.12351486,6.81154791,268.296
12,201.49806084032008,9.967290642340865,3.52356062,6.87755498,8.31486213,179.549
4,66.3345806375154,11.700231496192492,4.54378623,4.54379274,4.54379056,218.707
4,61.69210882148105,11.159248597752745,4.43521698,4.43521698,4.43521698,153.406
12,150.06746221397896,11.770259743619478,7.03895901,7.038959039999999,7.03895916,176.825
3,55.87207859236889,10.577284933005686,4.29111286,4.29111233,4.29111276,127.878
12,136.51657927021336,10.24124330798702,5.09417501,5.1506447,5.27621049,204.904
3,31.856872038785816,10.971726148899384,3.55827391,3.55827391,3.55827391,252.656
12,131.46470830953248,10.634789532933349,5.00476369,5.03268505,5.21946336,208.48
24,272.91790420316113,10.24556822655066,10.09373135,5.14134738,5.25900202,217.87
36,442.840715548976,9.47134796862911,4.80995142,5.78402975,15.91755414,200.242
6,74.26979509702473,9.412302148227957,4.81353299,4.81353299,3.20541541,211.548
6,65.47318501810419,10.67688629699135,3.55801933,3.55801933,5.17186121,185.839
2,34.12147875860676,17.943945800934635,3.24346549,3.24346549,3.24346549,225.228
8,143.0440259897088,9.726313501522508,3.65832927,3.65832906,12.34166131,147.126
9,133.5668460702444,11.581918549200072,6.39820626,6.3982072500000005,3.76748512,220.115
4,74.87496571056029,13.429046296582795,4.73097382,4.73097382,4.73097382,171.303
5,71.75693874710115,10.03604964765423,4.155481,4.155481,4.155481,166.252
16,251.90212176715198,13.124674230714792,5.61909437,5.61909498,9.21230751,178.957
4,62.976920456022604,13.124384545479739,3.97857125,3.97857125,3.97857125,179.875
6,93.39388894264142,12.634257662281795,3.99430556,6.19301232,3.98859924,167.044
4,74.12824421532433,16.736784438892183,3.36970902,4.2631372,5.42824526,176.476
16,256.9627004023036,19.74175127502247,5.66295748,5.662958320000001,9.2523658,230.018
4,64.11767492823525,19.779622873015562,4.00245006,4.00245006,4.00245006,231.325
12,205.78123456283154,17.781944348185682,5.25547154,5.25547271,8.60303494,262.427
2,34.297930916334565,13.62380205115344,3.24904685,3.24904685,3.24904685,180.032
4,59.97007563474106,13.490485368224181,3.9142167,3.9142167,3.9142167,215.169
2,33.546059862548866,13.83829588361091,3.22512961,3.22512961,3.22512961,198.115
3,69.47166294957574,5.799198864633348,3.63966434,3.63966402,6.05556247,14.334
8,167.943243722114,5.431896681726764,3.59888445,5.13401151,9.16909621,16.695
12,181.2885727642549,8.300632007841719,5.65965741,5.65965741,5.65965741,141.028
12,274.5045970890496,10.897672258978403,3.78314332,5.53378129,13.95262132,100.739
24,581.7612814378606,9.636448692397614,3.89910177,9.92615687,15.03138881,84.365
6,145.08485389224978,9.66005856125224,4.12328303,4.12328303,8.5336688,87.513
3,63.06298949149443,10.567331877421628,4.46782874,4.46782874,4.46782874,142.704
4,62.380546572905835,9.085563421789375,4.45165389,4.45165389,4.45165389,138.178
4,68.16494512517392,14.808320335827103,4.58520435,4.58520435,4.58520435,182.895
4,66.79272124959252,15.01375212847584,4.5542274,4.5542274,4.5542274,197.703
4,67.54081753039588,10.553586690880202,4.57116427,4.57116934,4.57116427,156.306
4,65.97369067404142,10.711876610777727,4.53553573,4.53553573,4.53553573,172.957
3,78.74332010940539,7.094213799967182,3.76632801,3.76632731,6.40983541,16.811
8,194.61241761505812,7.088325827405289,3.73489424,5.45364534,9.63597088,14.39
8,135.0734256466118,10.158228734914383,3.76822566,5.22344715,6.86239649,151.342
6,97.07726184962706,8.02790995599827,3.64860584,3.6467756700000002,7.5203422,131.995
12,197.11596175598947,10.193772279602907,3.47997824,6.93491418,8.16778268,188.59
12,191.85587820526695,10.836076767792909,3.86860222,6.56573455,7.55331702,169.282
12,191.47768832856673,13.933138591236407,3.88441596,6.55725777,7.51744379,192.495
12,186.97730498490893,10.993960825992396,3.8968512,6.48218953,7.40207273,189.725
4,57.932547929036645,11.715142524967447,4.34322714,4.34322714,4.34322714,228.517
6,99.25570947776899,7.984868089938121,3.52589064,3.52589064,7.98395025,134.279
6,110.317832999048,8.595942114230947,3.55923193,3.55923193,8.70829524,70.196
6,135.7588551991134,8.174958057977188,3.65416812,3.65416812,10.16696008,33.487
8,182.09365435045112,10.840843697567347,5.668023,5.668023,5.668023,101.827
10,173.8966651849714,6.592594481454133,7.4564779,7.4564779,7.45647792,22.014
3,63.0688154674878,10.626912429376361,4.46796629,4.46796586,4.46796603,123.996
18,335.02236324197645,11.898742663215618,7.3254147,7.32541497,7.20906122,148.752
4,67.16747968822767,12.435622439216132,4.56272909,4.56272909,4.56272909,174.628
4,65.60823327024374,12.638254946739735,4.52714544,4.52714544,4.52714544,199.577
6,56.84026027942166,11.764003028822136,3.11413901,3.11413901,6.76783098,277.689
4,67.01030374098951,18.135548886628666,4.55916729,4.55916729,4.55916729,244.954
4,65.94751236222763,13.985763329965632,4.53494081,4.53493503,4.53493792,222.224
2,34.24474863166483,13.407090590852153,3.24736666,3.24736666,3.24736666,188.407
4,66.9629890292355,12.30593981687077,4.55809399,4.55809399,4.55809399,201.069
4,69.2947577813962,11.81875649778543,4.61039844,4.61039844,4.61039844,187.383
4,63.882985775160094,14.51292182261467,4.48711019,4.48711019,4.48711019,246.139
3,97.07335912532491,7.418710913981717,3.99240018,3.99240012,7.03236271,11.738
12,424.78050209720266,6.3835959404381475,4.017188929999999,7.9041184,13.83430789,11.773
6,175.49283418092912,5.88479334756589,3.866784,6.626862,6.84873844,12.699
6,55.21917601292209,8.107382721812735,3.08361415,3.08361415,6.7056235,247.465
4,43.12401027571945,9.794821596511666,3.125392,3.125392,4.414791,269.121
24,275.9192354984873,6.98965632127206,4.770777000000001,5.68478575,10.17510644,182.734
6,96.8288319194962,9.616357259320937,5.15435049,5.15433859,5.15434309,143.701
6,96.6669049151639,10.377937057103038,3.67774647,3.67772591,7.60450274,154.643
6,98.17689715927783,10.218321048453827,3.6804748,3.6804748,7.24772331,156.878
6,94.97808532975777,9.004541161814597,3.64748886,3.64748886,7.13896844,160.956
6,109.26139353865796,16.60122745828153,5.36612224,5.36612378,5.36612161,222.256
2,35.129795406566906,11.52878386233956,3.27510484,3.27510484,3.27510484,115.663
6,96.55307717818154,10.639081287521542,5.149444,5.14944484,5.14944415,110.274
8,124.89528425955821,9.964062646198368,5.7652221,5.765211930000001,4.33891828,106.771
4,69.54144094072255,15.230417578844719,4.61586283,4.61586283,4.61586283,137.013
4,56.92071348684649,10.822862398941261,4.3177926,4.3177926,4.3177926,129.32
4,61.53590291888066,16.95549175848006,4.4314687,4.43146851,4.43146806,211.726
4,47.975870526252734,9.411422003832675,3.2393362,3.2393367399999997,5.27934611,188.438
4,53.99311510590245,11.111216398040975,4.24246037,4.24246037,4.24246037,150.532
4,64.99240742374091,16.20024657569907,4.51293634,4.51293634,4.51293634,175.442
2,45.76211879918505,9.786929586893704,3.21883082,3.21883622,5.10008952,101.368
6,60.44356709606212,8.597755077974577,3.14972593,3.51672217,5.45681539,244.894
12,156.10864854619598,7.099429207957312,4.909868,5.865602,5.87263852,203.819
6,78.0246549182245,7.102128809574146,4.89773188,4.89773188,3.252691,204.4
4,69.42674687043316,11.138881292914938,4.6133238,4.6133238,4.6133238,182.079
4,71.7547319930958,9.269061647622916,4.66430329,4.664306170000001,4.66430583,109.761
3,82.43651943455656,12.121600988955718,5.466696,5.46669687,3.18521781,7.842
1,27.369398234861734,12.1700714417021,3.38257365,3.3825741699999994,3.38257429,6.758
4,108.02232393631581,12.334025771600075,5.36523395,5.36523395,5.36523395,24.448
2,56.95303685730711,11.696919083321099,3.46182782,3.46182799,5.48754828,7.877
2,55.57240584758651,11.987515269653512,4.12068606,4.12068719,4.46795255,11.457
6,171.23671457929728,11.671125528880008,5.81853383,5.72872536,5.89002808,6.181
3,95.13840632338118,10.50325135894577,3.60579603,3.6057960300000005,8.69827036,7.622
9,119.68697695654863,7.4934449961029035,5.29776257,5.29776231,4.92415045,101.62
36,607.2073955290555,6.4549335818661175,11.35125284,5.368554120000001,9.96508495,17.53
3,67.61602585664033,14.643269178371542,2.94585451,4.79092281,4.79092281,82.793
3,64.41860219549343,12.99397438469459,3.03695554,4.60560228,4.60560228,88.269
5,125.25907222772973,13.222952250904275,5.45938512,5.459385350000001,5.45938461,60.904
14,286.56790085401707,14.089971616400218,2.97861131,9.80859616,9.80859616,68.584
4,126.95326369327492,7.337680529788846,4.74307686,4.743077450000001,6.5636687,11.597
4,113.26734016092185,6.920946901167056,4.52905393,4.52905532,6.38339167,11.79
12,339.6929744266541,5.308672819229549,4.74463247,5.73734896,12.47879708,4.621
4,73.93821908749138,9.863237905794927,3.65895312,3.65895277,6.09874901,31.037
3,42.88560785867643,9.23812750099328,3.92894148,3.9289406,3.92894126,86.276
4,151.32114782446848,7.187592350555961,5.07044117,5.070440469999999,6.88874723,10.38
6,259.0286471169092,5.825974857562992,4.47810061,4.47809987,13.99665609,1.936
6,256.0028709572018,5.894833834671947,4.46038977,4.46038977,12.86764923,3.392
8,133.5742810249583,10.770191921803868,3.58509138,5.56420636,6.69606078,22.392
7,110.20967890460764,11.50619006355174,3.95086133,3.95086133,7.06051148,148.263
7,111.86793062697558,17.916159538484745,3.9390361,3.9390361,7.20984092,196.589
4,70.75520375405766,14.410306874987775,3.77477032,4.32946195,4.32946195,114.745
8,150.8510058845772,13.518029835059933,5.323322,5.323322,5.323322,103.076
4,64.93550600601353,13.293670721502039,4.01939551,4.01939551,4.01939551,139.163
4,68.73744307764326,10.331594562111228,7.96125045,7.96125045,7.96125127,39.043
8,110.74044938962895,6.260148693423151,5.71049334,5.71049167,5.71047115,24.756
2,52.378287426563226,7.375818035693488,4.19973724,4.19973756,4.19973508,50.248
6,165.6857303833583,6.995159743431706,4.43070827,4.43070827,9.745591,7.841
2,59.37040875257079,7.818772120151278,4.37886567,4.378865940000001,4.37886635,42.533
2,71.22155211783881,7.6517893927273155,4.65274057,4.65273887,4.6527406,34.16
2,62.72929548793537,8.731908684106015,3.61507932,3.61508049,5.54247846,43.126
3,93.26955879922969,8.809087665966514,3.56802952,3.5680295200000005,8.70684944,42.255
4,124.1921669788344,8.820950521175874,3.55246869,3.55246822,11.36326606,42.273
5,57.700815810139794,8.760693487047641,3.52667707,3.52668377,5.2669533,156.483
5,76.67590260115827,9.270684495848355,3.91090748,3.9109065600000004,5.72524963,135.84
5,71.30846852276036,7.8934401091181305,3.8408802,3.84088032,5.54443981,135.687
5,76.84336672272934,7.524248820112436,3.9323931800000005,3.9323931500000002,5.6943383,113.63
5,57.622120671575615,8.594668481363943,3.45797507,3.4579747499999995,5.40373522,122.263
5,82.42033338750811,8.500110782808752,6.08632882,6.08632882,6.08632882,108.973
5,87.48866776140115,9.724433404951398,4.23317031,4.23316936,5.72680261,135.733
15,271.342865884622,6.101901467739232,6.47419221,6.474192600000001,6.47419108,91.502
5,78.5584097461656,9.038392271584014,4.02482773,4.024827,5.62293508,115.228
5,68.67843194601069,8.323790675058378,3.8456448,3.84564453,5.38147029,151.827
5,76.9598143987545,9.256790661352673,4.03089746,4.03089746,5.52800189,167.766
5,81.44875126150558,12.345371057225796,4.05974207,4.05974158,5.715104,178.854
5,73.05170976699166,7.694176487012943,3.9281098100000005,3.9281092300000005,5.48902381,131.02
5,82.91161692070182,12.047962774220982,4.16677381,4.16677378,5.61124382,173.944
5,84.15592288305665,8.562398115222752,4.1171043,4.11710321,5.75538333,133.284
5,86.44506775582892,11.74198382676053,5.74867196,5.74867196,5.74867196,145.703
5,80.54929982993643,8.800878317502272,4.02915315,4.02915307,5.72153178,156.376
5,82.0585508511673,8.564722873500196,4.15801699,4.15801613,5.58314569,159.103
7,121.9252344123414,7.34839144301052,5.4233212,5.46212053,5.46212053,96.685
4,85.91952906850554,12.17476038293446,4.95300723,4.95300723,4.95300723,101.795
5,99.38951404092697,6.900370986437485,4.06825156,5.556059669999999,5.55605903,88.264
4,89.70634332148268,7.816220715295873,5.02472985,5.02472985,5.02472985,65.575
7,80.01619908106827,7.9921200388749005,3.26055647,5.23454932,5.23454932,165.827
3,66.9322514147591,8.481572106341133,6.40624974,6.40624952,6.40624954,60.21
5,71.62661245786326,8.806585659855166,3.63198646,3.6319859100000005,6.26982569,105.953
4,102.3568469364462,9.037686679474964,5.25062053,5.25062053,5.25062053,59.553
4,88.41385738818603,11.879288104856673,5.00048097,5.00048097,5.00048097,97.343
21,246.23107721481415,8.45591454174926,8.91582568,8.91592151,3.57663698,201.47
7,92.53134937509964,8.43241026999548,3.36263719,5.46747857,5.49468099,160.653
7,87.12512871197721,8.717778923696962,6.44671605,6.44671605,6.44671605,150.981
11,153.06364606797254,6.369657475516044,5.721083360000001,4.95614498,5.72108336,129.156
6,164.81971810634872,8.960168884135093,5.33523245,5.33523303,6.68608369,55.238
4,99.17349951259104,9.251721677037313,5.1956196,5.19561084,5.19561887,65.284
4,77.79659097449618,13.340030821228646,4.79172466,4.79172466,4.79172466,124.915
4,96.86391437336901,6.534009957870709,5.154982269999999,5.15498216,5.15498223,55.443
10,218.50527086794807,7.591112056266724,7.21494808,7.21494808,4.19754632,74.856
4,103.24692775481718,7.542748959597759,5.26579618,5.26579618,5.26579618,53.469
5,101.55817271899285,10.700621265426154,3.63366665,3.9690147,7.31614615,74.964
4,84.59881497345353,14.07468308591399,4.92749765,4.92749765,4.92749765,113.765
4,82.71126657877193,12.605874507039948,4.89057462,4.89057462,4.89057462,104.31
4,99.50735123053371,10.715311802718853,5.2014339,5.20144045,5.20143827,63.714
4,103.3246065884916,10.392449847466619,5.26711644,5.26711644,5.26711644,59.723
4,96.28886827827193,8.796660194876694,5.1447431,5.1447431,5.1447431,60.928
11,222.8383339226547,9.119582427474635,8.36723426,8.36723426,8.36723426,82.772
4,110.92779054459078,9.125571598190023,4.80631353,4.8060120500000005,4.80223604,50.028
8,223.4559739379065,9.060214206893207,6.79114003,6.79101655,5.59471631,49.414
8,246.25381577750053,9.032625592328166,7.16911224,7.16911119,5.53250176,44.373
8,232.31680065527908,7.42072135693339,6.97289141,6.97288924,5.51727028,41.03
16,383.7815053987377,7.8652951686129375,8.3727591,8.3727602,6.32144178,75.03
9,254.80113313694662,9.530987629169106,8.19278133,8.19277988,4.38337085,51.435
9,241.98555114467487,8.918862181351889,4.14041173,8.21504154,8.21498169,55.737
2,46.315084376683984,9.780670952023574,3.59121015,3.59121015,3.59121015,68.602
3,62.48036623403391,10.116969520151597,3.69660667,3.6966066200000003,5.2667453,76.004
4,86.19831299993513,12.983637673671428,4.95835847,4.95835847,4.95835847,70.325
8,139.06732724891904,6.6290728510503625,4.01476555,5.4513957,6.83437356,97.439
20,377.0052159447055,5.414844671856992,12.39074847,12.39074847,12.39074842,76.254
4,74.88021360615431,5.4525076425602,4.21491698,4.21491698,4.21491698,76.786
9,158.48924217427336,7.876998155960315,6.88301021,6.883010629999999,3.86288977,87.429
2,48.243069627193464,8.255765791714285,4.0861719,4.08617138,4.08617173,77.463
4,92.82385796842652,12.948048836959822,3.70829326,4.61736159,5.73532315,83.589
3,61.51758979531652,15.085353787241246,3.70345902,3.7034593099999995,5.19375072,100.832
3,35.70835670906285,8.675207831085762,3.28325474,3.2832556099999994,3.82498701,168.393
7,67.87974916749913,5.621496424691354,4.07924769,4.07924769,4.07924769,173.233
5,72.29709375236472,11.127157339260268,4.16588183,4.16588183,4.16588183,184.167
2,62.08969577683923,9.999942036752788,4.44472418,4.44472377,4.44472439,54.739
8,150.17692026497537,8.556000622413263,3.937369,3.937369,9.687037,66.034
3,74.32148162694254,12.712851545557443,4.71928843,4.71928831,4.71928679,90.608
8,321.2850757249543,4.182730117683085,9.99082025,9.99081357,3.71671804,3.636
3,41.092272713339604,7.635540516058567,3.64732,4.02407153,3.64732,117.335
3,71.68567510100989,9.028288478141041,5.99124212,4.895194689999999,3.46366555,57.077
8,184.23419644436416,9.052193652771614,4.82973257,6.44971718,6.44971622,56.766
4,82.36564708034362,9.940731932516986,4.88375607,4.88375461,4.88375534,73.061
4,81.9787503789645,13.597151192525619,4.87609375,4.87609359,4.87609366,89.835
6,90.4848474865568,9.754324447652234,5.03922363,5.03922337,5.03922599,104.872
8,293.80488008027197,3.0665693144215984,9.76679796,9.76679441,3.55651034,4.783
6,63.42361045770999,9.513177027683096,4.96665704,4.96666507,2.9688555,203.405
6,83.95224758558352,9.273094074394809,4.067879,4.881652310000001,4.881652,135.084
6,81.52043773825453,9.361794722309869,4.9054911,4.90547264,3.91175478,377.141
6,89.03337598254673,8.798461139676805,3.61678598,3.61665046,6.80649443,147.431
2,39.94887604659335,9.496984476874182,3.41849426,3.41849426,3.41849426,73.432
6,87.80620701379769,9.965981823590301,4.98900318,4.98900318,4.9890003,104.289
6,86.94783860541426,11.765978340671042,4.97268859,4.972688589999999,4.97268859,110.424
6,84.85122374211747,10.284710484206476,4.93239334,4.93239334,4.93239334,115.869
6,86.2322905700318,9.294387439778449,4.96516736,4.96517435,4.03897452,116.726
6,83.48209552309346,9.600577385551114,4.9057212,4.905720930000001,4.90572309,104.747
6,110.31246724213541,9.065437953660938,4.22005206,4.22005206,7.15250689,89.851
6,132.07995944774638,10.954842109101445,4.55860876,4.55860876,7.33908073,69.964
6,129.34959876181694,8.914081745489643,4.52306955,4.52306955,7.300757,76.985
6,126.65702502330966,9.10358424174988,4.49182617,4.491826170000001,7.24857687,79.602
4,91.84358342176681,9.906539259774643,5.06432155,5.06432155,5.06432155,69.968
4,90.99109194807507,7.04707602007494,5.04860382,5.04860382,5.04860382,67.462
4,82.99646710428354,10.90459041382727,4.89618931,4.89618931,4.89618931,92.604
4,105.06121157455512,11.711137108241287,5.296461269999999,5.29646127,5.29646127,52.564
4,87.46418592780152,8.790360716220405,4.98251275,4.98251275,4.98251275,62.845
16,186.76649895523659,7.892550630932718,4.34839388,6.31833275,6.79778787,71.076
6,96.63893540007744,9.506289503615212,5.15097029,5.15097029,5.15097029,83.173
6,88.77026181710639,8.308382181503694,5.11236506,5.11249421,3.92167646,122.739
6,103.04620473392326,8.020540211073415,4.02426377,4.02426377,6.36295898,101.221
3,61.20833947735734,8.257514830982595,4.15613014,4.1561301,4.09167933,74.229
8,144.61880158435469,9.433674339095873,5.48825473,5.48825473,6.54531146,97.878
4,75.55403337819206,8.222016863175304,4.22752208,4.22752208,4.22752208,69.38
8,150.36486832443742,8.262655278971783,6.22579264,6.225792750000001,4.47946745,69.96
7,116.93589411923689,8.129436623672412,4.16579837,4.16579837,6.73831562,86.145
4,65.03279604013088,11.246759425412657,4.51387098,4.51387098,4.51387098,143.634
4,88.47277439213248,8.917880120438658,3.92761038,4.23826737,5.72176524,80.872
6,123.26244801737488,11.707790858895525,4.41551648,4.41551673,7.30023943,93.299
3,69.3143360319204,10.410046786557404,4.6108326,4.6108326,4.6108326,86.61
12,220.91699252706488,10.236847689537665,4.28338852,6.87828637,7.49827563,120.656
3,33.934238739457854,8.169350420269987,3.6339951199999994,3.63399522,3.6339953,86.522
8,92.34394096235859,7.118652678060169,3.48574,4.848525,5.463913,107.968
3,48.84804612117136,8.325064376818032,3.80915841,3.80915696,3.88739471,85.382
4,71.03867162877525,12.752550196132036,4.64875448,4.64875448,4.64875448,157.415
3,70.73259813231546,13.290170706303025,4.87373975,4.87373954,3.43846283,63.968
8,412.74130906189,4.390463040569427,10.94568156,10.946060770000003,3.97778728,2.881
4,97.47988477999309,8.677201110406433,4.6022655,4.6022655,4.6022655,55.314
4,82.79775228724709,9.937126466410295,4.89227778,4.89227803,4.89227953,77.054
9,185.08773148099075,9.23973122265326,7.39629903,7.396299450000001,3.90677181,80.4
4,70.36609423014127,9.600849010638036,4.63403771,4.63403781,4.6340359,86.981
9,188.83910375235868,12.45054923682152,7.42446314,7.42446446,3.95577084,111.539
9,192.24326518671197,12.304373073045738,7.60734468,7.60734333,3.83578625,103.02
6,111.75301472698348,15.751802615884618,5.40660633,5.40660633,5.40660633,163.795
9,187.5478123408125,10.163994077843078,7.43665979,7.436660280000001,3.91584511,98.675
2,38.956265260739656,15.223663619976412,3.38994333,3.38994333,3.38994333,137.797
4,98.92974866440022,9.478832267279172,5.19135388,5.19135388,5.19135388,59.674
4,104.82279879753963,6.154496834867443,5.29245186,5.29245186,5.29245186,43.429
2,53.70047586111097,5.851580214899743,3.77276173,3.77276173,3.77276173,41.356
4,95.72435500564134,4.125924339699166,5.13466935,5.13466935,5.13466935,40.634
4,89.08761358487631,11.004983367467144,5.01317613,5.01317643,5.01317632,62.805
4,68.625192730427,9.559023767990379,4.59550093,4.59550093,4.59550093,113.756
4,103.10339984647717,9.63116204633189,5.26335498,5.263354979999999,5.26335498,47.359
2,28.612982894428,10.384513690251492,3.43314945,3.43314923,3.4331494,167.77
12,147.10724954941963,7.265698060502255,6.51756693,6.517566930000001,5.09950485,141.033
4,69.08324460937796,11.056360850764209,4.60570278,4.60570278,4.60570278,173.786
6,88.18805713016307,10.63179352943545,4.99621901,4.99622441,4.9962239,124.103
6,64.6853789409002,8.110751278238398,5.76032203,5.76032203,5.76032203,157.954
12,144.06816032054306,9.463243807901476,4.91850163,4.91850157,6.87656807,150.211
6,78.53603294602568,9.692196440216845,4.81686337,4.81684688,3.90834211,149.455
3,65.98018987389689,10.887450369704863,4.53568466,4.53568466,4.53568466,81.591
4,47.492705866879234,8.658685359811512,3.55878357,3.72828804,3.72828776,166.911
3,62.23642721151957,9.215232726642931,4.4482233,4.4482236,4.44822254,92.38
2,44.701643067639274,7.277280198172521,3.98363382,3.98363529,3.98363458,88.424
12,140.63278205081474,6.137642884474553,5.69546829,5.69546787,5.69546915,138.301
2,41.82620555902285,10.77285882622317,3.47122546,3.47122546,3.47122546,94.522
4,67.87238162538816,11.846010466975102,4.0791001,4.0791001,4.0791001,127.535
4,68.14112604530499,18.28128068128507,4.08447716,4.08447716,4.08447613,174.749
2,38.83754334185923,11.451595669978168,3.38649613,3.38649613,3.38649613,113.966
6,104.27224929816421,11.808135922388896,5.28316971,5.28316972,5.2831705,156.517
2,40.947519776452,7.988723786941446,3.86884188,3.8688413,3.86884108,99.911
6,95.13320942562316,7.540290465980831,3.74383227,3.74383227,6.78733651,110.246
2,58.48642104603451,8.13967530457148,4.35702463,4.35702478,4.35702435,61.329
3,70.24254935264061,11.389180605420202,4.6313227,4.6313232,4.63132316,99.731
4,70.59063074458119,9.69230120823671,4.63896063,4.63896063,4.63896063,130.162
2,46.49163527599334,8.711016562166897,4.03611229,4.03611187,4.03611323,82.998
6,135.2755467123976,7.926126824874128,4.04713844,4.04713844,8.25891843,77.657
4,84.58432876604294,7.578479718533905,3.80241048,4.24912539,5.64985336,92.828
8,169.02727173722357,7.58481886941672,3.80606948,5.65754465,7.84968229,93.264
3,56.5999674185582,6.486706561767406,4.08429679,4.08429679,3.917879,87.904
8,127.30654905120113,7.299075613944598,3.92699312,3.9669113,8.4094399,128.804
6,94.6956521960278,9.29063974023644,5.47508492,5.47508497,3.64768799,175.942
10,151.07456186421157,8.950757899584723,5.88932108,5.88932108,7.149072,185.265
6,155.26172280825207,8.606350794877999,4.30331147,4.37543505,8.52919357,61.099
4,76.15180578154224,10.826072472594321,4.7577137,4.75771463,4.75771497,110.96
9,185.78555561017947,10.364763298141169,7.55915883,7.55915944,3.75434644,108.644
4,70.45536604518304,17.118823250106285,4.635995699999999,4.635995699999999,4.6359957,210.79
4,68.45664065231608,13.29316809746822,4.59173547,4.59173547,4.59173547,183.596
2,57.06508337577186,8.512351099269713,4.32143963,4.3214394,4.32144002,65.126
6,173.3181769344321,8.050428670984536,4.42915861,4.42915861,8.83490017,59.177
4,128.31519749895693,11.142858057326446,5.0438091,5.0438091,5.04383435,52.284
2,52.625917876019884,11.653187620195776,3.7474274,3.7474274,3.7474274,55.065
4,138.3942710935622,7.493296195632037,4.43231965,4.43232047,8.52741825,29.727
4,106.14612169307917,5.983392419821445,5.3146301,5.3146301,5.3146301,42.853
4,104.4713843092923,11.803883075870393,5.286530989999999,5.286530989999999,5.28653099,53.76
4,86.64031067850483,8.906056426469243,4.96681899,4.966818990000001,4.96681899,63.012
4,64.95198241406256,11.15046253192044,4.51200047,4.51200047,4.51200047,130.834
6,150.3284859747685,8.348936517190264,4.2612327,4.261232720000001,8.80945708,80.205
4,174.11598854816015,4.841136812597736,4.62909281,4.483261320000001,9.79618588,4.837
28,429.7067363833822,5.159777661135139,5.02925327,8.16854935,10.95612339,17.477
4,201.13162834213895,3.4148139409919085,5.00867527,5.00867527,8.81636,2.085
1,26.39251475116703,7.224009406183087,3.38941476,3.38941431,3.31993734,35.245
2,53.08020197911865,7.183837578095902,3.33548513,3.33548443,5.50914292,35.22
14,366.7894412650786,7.1117122713017515,4.59261056,9.60315992,9.60166224,32.991
6,134.36736542619934,8.341890283357646,5.57480263,5.6455493,5.64554936,42.934
7,208.33339279292682,5.207535647588781,7.20465706,7.20465706,7.20465706,21.185
3,71.09220870509809,9.964386331906729,4.649922599999999,4.649923049999999,4.64992131,53.29
6,174.1931161303176,8.362439166931896,5.55919262,5.55919262,6.50844099,23.091
3,90.24668666377333,8.070541926736585,5.61230104,5.612301039999999,3.308405,33.986
7,206.2736312268711,6.005962728363904,5.937918689999999,5.93791959,7.20103987,23.239
7,254.09628877677878,6.1470642871691,6.352131569999999,6.352131900000001,7.73509375,20.25
7,112.55316118559819,6.931817491976677,5.46225059,5.4622502399999995,5.46224968,60.931
10,128.16739434791674,7.194067388416754,5.813629899999999,5.81363101,5.81363082,149.39
40,526.979716137789,6.9987124263098694,8.81329933,8.813126840000002,8.81325327,144.766
20,248.14891296534003,7.431383526273867,5.52743787,5.62034609,7.9877681,156.673
3,65.88368512443506,10.704685872073854,4.5334714,4.53347281,4.5334723,91.458
10,223.14809396341417,4.849291748411529,7.03268077,7.032681150000001,7.03268033,70.535
11,132.2119301239126,4.996274470137964,4.71740417,5.452594680000001,5.45259485,151.63
27,334.2367514151888,6.755182704897867,8.9240149,8.9240073,4.84623236,141.455
5,88.24637843947737,8.690494789508437,4.38507201,4.3850709,5.29923176,105.586
5,100.24329660377134,9.231624370181443,4.56122104,4.5612198,5.56368455,88.536
4,113.16653706508781,6.840949467528605,4.836962,4.836962,4.836962,33.105
16,478.1793769140045,8.341469025547433,8.99298709,8.99298709,8.99298709,36.164
22,546.9174159192647,4.944836184421219,3.95744709,9.14793245,15.10718985,30.845
4,73.40451813104102,9.917888905664297,4.1870447,4.1870447,4.1870447,77.989
8,118.28147631066783,7.150982655257022,3.28800579,3.28800584,12.63342042,108.417
4,59.18484590148699,7.14565335646611,6.597755479999999,6.59775551,6.59775456,107.674
8,196.58837848025271,4.845347516277658,5.8739102899999995,5.87391033,7.05094022,51.173
8,224.47432897540568,5.631035565250981,6.1357158,6.135716780000001,7.37402035,42.952
8,272.3712406857527,5.826963989294821,6.50627606,6.506275560000001,7.90980833,36.204
2,56.944276070476306,5.5329532740272445,4.31838867,4.31838819,4.31838803,48.543
7,113.47734981965986,10.562837951348781,4.01646311,4.01646311,7.03431188,144.791
7,115.19719372368581,16.795487587727447,4.02785344,4.02785344,7.10059235,189.205
8,147.3674001409368,15.904084933050342,4.83732732,5.27183027,5.77875826,107.88
10,105.35335300569635,5.47329042316475,5.88206038,5.882060639999999,5.88206129,149.91
4,125.9413233653776,8.538577796167555,5.22228251,4.9108192,4.9108192,31.715
2,77.47173655432861,6.940336147967031,4.78504577,4.78504577,4.78504577,35.088
4,130.08732633379913,4.971175866103252,4.58875027,4.60241888,6.57306425,13.519
8,263.1236339565588,4.474785539039814,6.90773092,6.811261739999999,6.80933246,5.717
4,117.16912734308184,4.259327897783659,4.32687197,4.43369647,6.47948119,12.514
8,271.627530459115,2.704240244173631,9.58923572,9.588132949999999,3.41144674,5.376
4,74.58142996738465,7.942470146211196,4.17516952,4.1781065,4.93565492,68.624
4,54.90256323771019,6.362465201032259,6.08880554,6.088805559999999,6.08880706,121.57
8,109.88555428630414,6.357808363732153,3.31263407,3.31263384,11.56280068,120.572
4,61.401646382612235,10.579676021549423,4.42824531,4.42824531,4.42824531,148.622
4,61.8913649521969,15.253656122471968,3.77686609,4.0480814,4.0480814,168.56
8,169.53429051360615,4.750316408070491,5.52040493,5.520404889999999,6.79597938,66.112
8,196.494341273383,5.683753706431396,5.80599578,5.805995649999999,7.1296866,49.798
10,115.84663511997339,6.66640729366901,3.32960934,3.32960884,12.06608203,168.242
8,250.45570038733612,5.831028078631595,6.953589729999999,6.953589729999999,6.95358973,22.152
4,151.11957846016955,5.312211817433522,4.86024373,4.83363636,6.87635392,13.331
2,31.351199416612864,6.823293888990538,3.53934615,3.5393465899999996,3.53934633,121.5
4,62.58752946071683,6.835816950600824,3.55062177,3.55062071,5.73255892,121.971
6,102.22209888217536,8.45577800946267,5.22118912,5.22113828,4.32991331,102.664
2,31.174472123543723,9.242256210824769,3.147263,3.147263,3.147263,116.101
12,152.0409277749107,6.544948074074616,5.49087522,5.49087582,6.21985942,135.341
2,51.44801604889459,4.705583136531613,4.1747251,4.17472489,4.17472507,59.35
4,102.9116371480908,4.70486960341156,4.16810927,4.16810927,6.83999007,59.233
8,163.3701155397809,4.223039194320057,5.47879812,5.47879907,5.47879875,47.968
7,108.91877552443711,10.334910118847805,3.95300612,3.95300612,6.97024072,154.477
7,110.606650653467,16.832766604304307,3.96775314,3.96775314,7.02573805,203.239
6,148.90520921498006,3.05612987018042,5.7271848,5.72718437,6.08352201,15.077
16,632.1083969085465,6.114256120325575,10.06066613,10.06066613,10.06066613,13.937
2,35.026279147882796,10.488534650758908,3.27188478,3.27188478,3.27188478,110.79
12,199.34507454235225,10.917529043409473,4.22059205,5.68637337,8.30609245,129.519
4,67.13883409264277,12.975494810316938,4.56208036,4.56208036,4.56208036,135.641
4,64.23561318226342,11.221243827990453,4.00151542,4.00659572,4.0065988,143.036
4,64.19708334210793,11.227978600172145,4.13230794,4.13230794,4.76196334,143.481
2,33.06612633674988,10.93379896665391,3.20967535,3.20967535,3.20967535,149.828
8,198.27912350889554,4.920436518859915,3.95493252,4.70697081,10.65114771,20.396
2,72.96481583559567,5.3840608976814055,4.69039592,4.69039584,4.690396,36.737
8,246.56121557145832,5.22021987848162,4.04173413,4.041734199999999,17.4284434,10.288
4,122.08386003924555,5.271391969319128,8.91993667,8.91993543,8.9199346,11.006
7,111.5959504684098,16.640566755753685,3.96529659,3.96529659,7.09736405,198.864
16,515.4768604104228,4.8433736807477485,9.41748996,9.41748996,9.41748996,11.176
2,60.732601549088606,6.62814616436416,4.412102820000001,4.412102340000001,4.41210269,39.529
8,267.3900851706514,6.02183225683241,7.07784085,7.077840849999999,7.07784085,14.809
1,14.3103827964911,22.304353611621025,2.72514009,2.72513899,2.72513948,345.128
10,164.67315684448903,9.693179476842706,6.012023600000001,6.0120231,6.30272364,165.426
4,56.98102032269197,22.34842153581635,3.84807393,3.84807393,3.84807393,359.91
4,56.609289642307395,19.933656205874605,4.70448972,4.70448972,4.70448972,324.498
4,56.637962228718855,19.923564926853103,3.84033585,3.84033585,3.84033585,323.477
4,56.41324528877207,19.948900166385503,4.69861714,4.69861714,4.69861714,337.871
11,218.51411694012208,9.182385384450901,6.023243239999999,6.02328439,6.02322229,83.125
8,116.14632929364727,21.745414164046437,5.51517354,5.51517199,4.40916781,350.814
5,72.5520578190235,21.95140631153044,11.30385835,11.30385835,11.30385883,354.211
8,185.9272213610862,5.33323855874744,6.082058019999999,6.08205826,6.11670533,12.169
28,389.7484318336984,5.218436727326949,4.92921834,8.50097651,9.30116834,5.619
6,64.48031649722306,11.548302365581204,3.17670624,4.50531387,4.50531387,269.435
2,28.428462046480792,22.339167847100022,2.74362148,2.74362148,4.36088301,374.508
2,27.84727982229798,17.488764612347374,2.72491168,2.7249104899999996,4.33069764,329.122
2,27.864586294832133,17.477902479989933,4.69157475,4.69157475,4.69157395,326.804
8,109.78433891558599,14.987126532326082,5.4246046,5.42459636,4.30798914,321.281
24,476.9405361681865,9.752430315873399,3.76584221,5.98587002,21.1580108,105.86
4,59.80093263139563,20.884535179072,2.7729614,4.46946766,4.82512239,333.76
1,78.04564501593526,0.8318754321922596,4.79683247,4.79683215,4.79683285,3.578
4,309.1432245464178,0.8400540529214342,4.76843464,4.76843362,15.69920123,3.566
2,153.79487057242613,0.8442967497772331,4.76239653,4.76239551,7.82997132,3.576
5,95.3909760306522,5.340824773972347,3.73993788,3.7399385,7.31469003,37.779
5,92.13201913240572,3.984894438795845,3.67339867,3.6733985499999995,7.30509672,57.052
5,101.33060158592478,5.160122626000401,3.897612,3.897612,7.21721494,50.314
7,124.71902708117513,5.8998792919205965,8.93927992,8.93927992,8.9392804,51.763
5,107.01604583305746,5.029131954930924,3.9337960199999995,3.93460089,7.45436958,29.409
5,97.28995895589556,5.131160054495755,3.61553864,3.6155378399999996,7.87212265,48.787
5,91.15368677871484,4.018926778387159,6.8171778100000004,6.8171778100000004,6.81717781,30.804
5,102.09457063442348,5.1137092675295275,7.24602326,7.24602326,7.24602326,36.261
18,260.3733955947432,6.575930843931535,7.16754676,7.1675467600000005,7.16754676,129.08
5,100.0282814038431,5.094036783052552,3.89982271,3.89982333,7.13177874,54.245
9,249.80199988246656,6.573741819190451,11.556986639999998,11.55698664,11.55698664,36.136
44,968.3587775411819,5.687691991770395,9.62774272,9.62774272,11.92721644,35.777
8,225.00450187397996,3.2035004514271295,5.93323237,6.24883175,6.24883241,22.143
8,274.92413562452805,3.718517514814229,6.28888665,6.70144041,6.70144054,17.264
8,127.81901240632186,2.60047668877636,3.68302049,5.89109005,5.89109005,27.421
5,135.12800955998762,8.222281688759391,4.92962216,5.51272103,6.19521178,33.183
5,89.68931932530656,2.1887789157262585,4.04809794,4.04809783,5.77078314,31.342
24,372.18356082180446,2.4664779044284746,9.74207117,5.62452534,6.88402284,27.466
12,194.6243455947927,2.358344549221321,5.74212842,5.74212763,6.81586195,30.395
11,150.23687530960154,2.6337997193517477,6.73169622,6.73169622,6.7316963,46.261
38,553.479437528865,2.7459493036423104,8.25876263,8.258762629999998,8.2778393,34.223
8,222.25344597709181,3.2375594209988523,5.82699999,6.29682108,6.29682042,22.329
24,719.33625627236,3.522248521722898,4.31113338,12.62015212,13.22135301,15.253
7,105.79999518419636,3.417386621271662,4.08613819,4.08614927,6.96692216,43.612
8,208.9281440897185,2.7454632136067816,5.70443117,6.17682536,6.17682438,21.887
8,259.80239972947567,3.3683781405992645,6.2211532,6.598510020000001,6.59851079,17.39
18,258.25659042631986,3.40557126663289,5.68504522,5.68504696,9.22683612,22.604
7,129.09882139281012,2.426497536445605,5.60427794,5.60427794,5.60427794,14.628
9,133.84886476521876,3.465367124228251,5.74173613,5.74173613,5.74173613,15.531
9,168.0502795485485,3.6627351884564314,6.194193180000001,6.19419318,6.19419318,15.293
9,128.87972417339483,4.775954295993705,6.52044834,6.52044834,3.50025,51.219
10,126.97869617875654,2.9569035269865984,5.64176883,5.641768830000001,5.64176883,49.406
7,189.67874839297397,2.138838859417109,4.92835306,4.928353199999999,8.55162692,21.759
7,102.53903726591814,2.890589597607874,3.9535550300000004,3.95355329,7.13098032,45.872
7,108.90829898965463,1.6243280637421709,4.00893382,4.00893553,7.34548949,23.064
9,226.07319675393268,2.5403357733597796,6.837877790000001,6.83787898,6.83787772,11.197
12,326.02694714617087,2.8319641076876843,8.8108983,8.8108983,8.8108983,22.098
10,140.5593831828294,2.860807680534626,5.83612986,5.83612986,5.83612986,45.766
12,302.29622607891855,2.0886407107108416,8.59478732,8.594787320000002,8.59478732,24.93
10,146.63946489739348,3.1562450121678807,5.9190947,5.9190947,5.9190947,42.815
10,166.42521185492356,3.2925854965334698,6.174162260000001,6.174162260000001,6.17416226,39.509
10,154.6015466527669,3.4164474973774066,6.02434189,6.02434189,6.02434189,43.639
10,159.55322245053588,2.7073129932215516,6.08798433,6.08798433,6.08798433,41.223
10,175.73219504208825,3.964532045557797,6.28717348,6.287173480000001,6.28717348,37.066
10,177.22858571661698,2.8490951351589593,6.30496853,6.30496853,6.30496853,36.926
10,243.98047298568088,2.706589366999842,5.55337962,6.40759583,7.5680862,20.879
6,129.6009765025592,2.4138111047782043,6.37500949,4.51565428,4.50201309,27.218
8,150.31618492820138,2.4346515580164474,4.82932164,4.8293222700000005,6.45041428,32.413
9,275.9630396495628,4.500005292709604,7.307832780000001,7.30783185,7.30783546,12.514
10,286.7830760556089,1.9816227582334789,6.35325063,6.353250100000001,8.32627457,16.206
20,574.7815912064426,1.9774323982616349,8.31741688,8.477291300000001,10.23762194,16.217
8,224.43918726049148,4.52997839254119,6.13471059,6.13470866,6.19794041,21.569
12,223.1893678955745,4.960945012701448,6.01773551,6.36226967,6.3622696,39.098
24,444.0902650683893,4.986509584392835,6.02353639,6.96996876,10.57764246,38.231
7,239.305784744677,3.498862064769769,4.33208369,7.43238468,7.43238468,10.178
7,204.04052077882238,2.6565676339379287,4.09634545,7.05764687,7.05764687,11.845
9,230.96166310177225,2.856706251041183,6.88681302,6.8868134,6.88681317,12.406
7,119.31791906255016,3.62689396122549,4.26289199,5.57603289,5.57603269,24.004
9,129.11757823558386,3.840287499279414,5.69202993,5.69203029,4.60172173,23.767
5,80.73303557775084,4.455404557200402,3.1374797500000002,5.451753789999999,5.45175355,54.425
7,239.39554100530066,4.112557669184131,4.36522548,7.40550514,7.40550514,10.721
9,278.6300504139895,4.485859991765791,7.33130022,7.331299959999999,7.33129942,12.515
7,204.03195477243142,3.3782819965057564,4.14656115,7.01463468,7.01463468,12.029
9,233.96923993615354,3.449255393404048,6.916577320000001,6.916577320000001,6.91657785,12.754
9,131.16901750603643,4.90267191040348,5.75991883,5.75991845,4.56528553,24.229
5,120.8790002100403,4.635077081992616,3.61866559,6.16575339,6.16575415,35.048
5,135.2232268350702,5.295136490974816,3.7690503499999997,6.386874440000001,6.38687537,28.157
7,120.5672858491352,5.318943300197911,7.215571539999999,7.215571539999999,7.21557154,53.382
9,284.27595789049906,4.344914707197188,7.3804874,7.3804874,7.3804874,11.063
9,239.49947338927495,3.3080617932627976,6.9706518,6.970651040000001,6.97064291,11.602
9,133.31535859575573,4.713170777513615,5.84709063,5.84735545,4.50252381,26.136
9,125.64299270507173,4.810804379560102,8.44058983,3.85825071,3.85811378,84.38
3,101.87707714921662,1.7972020765128254,5.2424043,5.24240407,5.24240345,18.259
18,338.2340219341369,2.182968003229616,6.229082,7.168862999999999,7.73122472,20.378
10,272.4065992896478,2.1261163705036124,6.22221904,6.22222088,7.41468415,14.703
28,426.8890235083382,2.7113764354083187,5.73672509,7.42958663,10.0158151,28.688
8,270.9701578776042,4.864789795647908,6.5699272,6.569927200000001,6.53895759,16.33
3,112.88877275277413,2.3116973271570966,5.42486145,5.424861020000001,5.42486023,15.851
9,287.7241468942978,3.6738903155211124,7.41020917,7.41020856,7.4102088,11.09
9,127.12880467002825,2.8771695359711384,5.64399099,5.643991330000001,5.64399093,19.56
7,148.4545276338627,4.06721567244275,5.8721343,5.87213549,5.87213452,23.584
14,291.8111204888675,4.138269853636825,7.23726649,7.23726695,7.23726712,23.501
9,301.7736270804258,3.7215756581233452,7.52890979,7.528909790000001,7.52890979,10.429
9,251.70294635668736,2.7023825574406333,7.087086960000001,7.08708774,7.08708607,11.298
9,240.79877980239067,3.2539454055393966,6.9832328,6.983232229999999,6.98323043,12.244
9,237.1393451503317,2.723326605140078,6.94767649,6.947675949999999,6.94767509,11.33
3,136.95512728359003,2.4952208897099695,5.78581338,5.78581375,5.78581246,13.039
5,163.3031157394914,5.373826944405707,3.98825029,6.80854328,6.80854269,22.506
9,326.73450045586395,3.4824469884303046,7.73101764,7.731017640000001,7.73101764,10.176
9,261.16930046165595,2.6609553381081934,7.17210579,7.17210615,7.17621321,10.788
12,240.89895852874227,3.4988626224256163,6.29135701,6.29135811,7.02773718,23.313
9,235.94932494590464,2.3842411194022453,6.93603498,6.93603448,6.93603395,12.238
9,128.4778675917549,3.1026283748692385,5.68505675,5.685056409999999,4.59016253,27.845
9,144.07257451852948,4.958545100590544,3.745822,6.66425737,6.66425737,45.281
7,124.03025937423037,5.090494305556912,4.32753556,4.327536089999999,7.29562973,60.113
9,237.9674796538254,3.312841580691229,6.95575237,6.95574948,6.95575961,12.36
7,106.65298294797282,3.4190611671532993,4.04458975,4.04459044,7.11934876,45.168
62,677.152766575418,2.1767158138691096,12.307938,6.259470999999999,9.05810486,27.544
28,455.04660759161214,2.155010939294613,5.78022727,7.72728798,10.18788112,16.778
10,167.76202204432795,3.4763287104062908,5.380883680000001,5.97629693,6.58657553,42.145
11,148.56069335826004,3.208382130085329,6.73869079,6.73869079,6.73869009,64.928
30,945.9375163090332,4.258609448028234,8.314901,8.314901,13.681959,14.728
10,158.29227509693297,1.576950014533826,6.20344564,6.20344564,6.20344564,18.623
8,297.31817821273245,2.147080342411383,5.78949242,5.789491990000001,10.24261668,12.83
5,142.59546003697025,3.8459224141342596,5.22438571,5.22438571,5.22438571,18.66
12,385.3684019684015,2.3953460499804895,6.719061239999999,6.719061239999999,9.15415892,16.559
24,485.0517187636121,2.1378520024482808,8.817155,6.500289,9.08009497,29.455
12,348.7604639859973,1.8097873372865383,6.4634301700000005,6.463430290000001,8.95177689,18.515
4,160.36502244626246,3.378497845782709,6.09829242,6.09829231,6.09829119,11.606
28,948.0845159863859,3.9453924697691876,9.82386422,9.82386422,9.82386422,12.443
28,1133.5203186460324,4.155010612822915,10.42660937,10.42660937,10.42660937,9.122
5,139.8196942845503,2.532004581964284,5.19026401,5.19026401,5.19026401,19.399
4,210.9534521373957,1.808150648622704,5.952904,5.952904,5.952904,5.074
8,195.0745973891091,3.896740575358315,7.5817690099999995,7.58176889,7.58176872,23.904
8,184.70655390529325,3.3252793790718496,7.41985542,7.41985581,7.41985581,25.523
48,970.2777395941903,2.9140409830696954,8.5825484,8.5825484,13.1723586,27.774
5,148.3913038780024,2.911695038579545,5.29423015,5.29423015,5.29423015,18.587
8,279.4265574768119,1.7622226618021117,5.67402677,5.674026069999999,10.02199969,13.975
32,534.8641147709664,2.636007249920233,5.93523976,8.05900519,11.18210995,36.838
4,151.11262074226727,2.626914940108183,5.97867887,5.97867909,5.97867967,13.114
4,206.05017039488928,2.5923745546832624,5.90642,5.90642,5.90642,5.574
4,204.3561261549042,2.6138644765411283,6.61151346,6.61151346,6.61151346,5.319
7,240.85872224993034,2.173400995997277,9.21474402,9.21474411,9.21474438,16.006
7,225.73558027386755,1.6724363185788884,8.98142148,8.98142203,8.9814228,18.358
7,269.60134690297326,2.57854929801952,9.8470549,9.847054670000002,9.84705423,14.836
22,631.4048621324765,2.532721787893191,8.579028139999998,8.579028139999998,8.57902791,15.735
7,252.72082974793628,2.1732524397076523,9.60961372,9.60961372,9.60961304,16.356
7,267.1652034696357,3.150129685416637,9.86616261,9.86616249,9.86616259,14.347
7,251.2939357324314,2.7682754553760693,9.6006039,9.60060406,9.600604,16.008
7,243.84571621936172,2.9023446438862455,9.50207567,9.50207567,9.50207567,13.588
7,255.4746780149417,2.4156276906954637,9.52457289,9.52457272,9.52457402,14.495
7,239.24127717680562,1.969465754645066,9.285239870000002,9.28523905,9.28523879,17.068
4,138.50672653824836,6.249777287693928,5.80758116,5.80758116,5.80758116,37.606
8,130.08001781316895,5.026473285302896,5.571010069999999,5.571010069999999,5.57101007,55.676
8,188.36109709261893,3.6503124528974693,6.35157196,6.35157196,6.35157196,36.776
8,213.800709671338,3.9210859251430814,6.66930375,6.66930375,6.66930375,30.86
5,134.87911836873917,3.118769569309319,5.12817365,5.12817365,5.12884144,31.855
12,195.22078254800235,3.7929770927352386,5.80351079,5.8035113,7.10186347,23.276
6,157.03071632481115,4.778170650108386,4.51645146,4.51645146,7.6982129,27.612
12,155.40205493558778,3.036234196565703,5.01874923,5.01874923,6.16972441,47.118
6,80.34577036870579,2.9362904310131017,3.60721704,3.60721704,6.1747371,58.079
64,911.9685842080944,2.8573512560318233,5.41759802,10.87920433,15.47305134,65.943
26,376.25050946308613,2.456769531647687,7.325882,7.7227788,8.02731003,60.988
8,263.0227051660312,4.0566666951040995,6.978512870000001,7.06153427,7.06153603,17.465
8,110.81444461851434,3.416702979940413,4.85748141,4.85748177,4.85748214,16.776
12,204.246000521761,5.07412923134866,6.00508246,6.005081599999999,7.07886101,22.107
4,68.39922788323224,6.507824855749002,3.081632,3.774016,5.88121,46.429
6,166.1357358782488,5.359956070441003,5.04562125,5.04562123,6.6852625,13.02
6,180.41610382136463,5.798940245088683,5.1843562,5.18435615,6.86853415,13.45
8,222.51301548888836,5.880350559273222,3.6917726,7.76354793,7.76354793,20.785
7,74.74561388982117,2.30965769011403,4.21238998,4.21238998,4.21238998,133.72
28,439.5195421468979,4.101430923632086,5.67190848,7.72744597,10.02796935,55.459
9,102.69539456840124,2.4889584591435754,6.575093829999999,6.57509315,6.57509393,49.645
5,78.63401066432932,6.252348769967362,4.284204,4.284204,4.284204,86.685
2,71.51789681749395,2.7630562031992207,4.65918409,4.65918494,4.65918374,13.432
2,66.11074026321036,2.989044861010342,4.043499,4.043499,4.043499,15.624
5,83.95967623463707,3.3029052423235927,4.39401031,4.39401048,4.39400993,19.057
16,333.9513823739152,1.9328843372094218,6.65125018,6.70091884,7.49282525,15.519
6,247.1039017742372,3.872828028091842,5.40489026,5.40489026,8.45874323,16.088
7,104.10097122294879,2.52322384786967,5.16420276,5.16420276,4.507312,51.664
5,90.01935657512333,2.5118832256472943,4.481726,4.481726,4.481726,48.658
28,666.4354610291987,7.477217360022658,9.804474970000001,9.804475260000002,9.8044763,38.647
5,84.14795913800039,4.114536915494259,4.38208902,4.38208902,4.38208902,55.986
6,194.3766754457702,4.669020580229237,4.84469709,4.84469709,8.28153598,21.748
2,62.029055483750675,1.9957638452387103,4.44327706,4.44327701,4.44327718,16.489
2,56.587545058992596,2.187678333805058,3.839196,3.839196,3.839196,18.701
10,185.0278072438454,2.1996502650914973,5.701289,4.751184,7.23610403,15.769
20,370.2079746001091,2.1987449929616023,4.736659,5.719557,13.665051,15.73
24,353.52945668497256,2.603074307450427,5.61273066,7.19777613,8.75090701,16.231
6,100.13363606764165,2.297588207527763,5.21240583,5.2122490599999995,5.21240529,15.769
12,225.79217612205875,3.2958413919214946,3.479979,6.304569,10.291457,43.832
4,81.73973951224964,3.1533765850946693,7.3904294,7.39042904,7.39042695,55.286
8,138.13358668444494,4.682005938098936,3.84296955,3.84296955,9.35331158,47.956
8,158.50283206285548,5.554192316698632,4.007831,4.007831,9.867752,41.111
5,110.45741002736315,3.142008717180967,4.79805545,4.79804927,4.79805133,38.496
10,127.64948446818491,4.153368009881767,5.6505952,5.64702143,5.64702183,68.887
10,132.251133978224,4.008852471203427,5.68005515,5.68067971,5.68068068,78.848
12,234.55581440878785,3.3597546857289498,5.48476629,7.0912351,7.09123604,33.195
8,137.87103284894062,3.24332273851128,4.38823913,5.40709198,6.21103206,34.178
12,351.6022171810362,2.5448082482561736,5.29802956,6.18889608,10.7231909,16.721
6,143.81853081697565,4.193632538461079,4.15231169,4.15231223,9.63172965,35.575
6,171.67185066339445,4.454191576180883,4.43921955,4.43921948,10.05900949,29.374
4,62.11477899373783,6.372068335062502,6.479995490000001,6.479995490000001,6.47999459,83.58
2,37.40551870515322,2.579080541550116,3.75390751,3.7539066299999995,3.75390707,29.839
8,193.2017504992778,2.73442066429951,6.54471752,6.54471752,5.35945095,16.879
8,216.0491169074321,3.8869808380280793,5.54977449,6.81197849,6.81198381,19.144
24,801.8159686317954,4.936050201124541,4.24279791,10.50251466,17.99405562,21.147
12,157.19252237031034,4.783222289102776,5.82562369,5.96250492,5.26743231,135.298
2,45.63131353444314,1.4594797578468344,4.01106146,4.01106127,4.01106081,13.704
8,104.73266201967435,1.747885960084864,3.7393238,4.54755873,6.18554573,19.158
10,145.36894149253237,1.9216962185597537,4.56885574,4.56885574,7.05183,18.439
24,298.4093599957595,2.228416714043525,5.60651043,3.65240247,15.04573194,23.521
8,105.10416727193018,2.4678975784722903,5.1880089300000005,5.18800805,5.18800787,26.337
6,80.65388512460545,2.3102571454016223,5.53928278,3.97296462,5.53928278,30.922
6,139.12776798443534,1.7227784993403914,4.36570526,4.9274772,6.59116451,14.213
6,190.57900661156742,7.672401397681598,5.250984259999999,6.599500310000001,6.59949991,11.826
6,180.18357913489544,5.798775148404617,4.56766185,4.56766185,9.97232974,25.11
20,371.80415431650613,5.300151201384578,6.40393385,6.41619267,9.04877947,50.671
4,63.11882128206064,6.209443463700788,6.49985837,6.49985837,6.49985851,82.791
2,88.90698703707395,3.1004771876814803,5.00976034,5.00975985,5.00976072,10.558
2,79.01967778240925,3.4884232999910414,4.29119666,4.29119666,4.29119666,12.418
20,350.6688936139269,4.053475833679291,7.67246903,7.6906719400000005,7.68098005,21.031
12,204.52228129462904,3.7347969896821716,5.73391451,5.73070878,7.42095513,20.199
12,281.66987495438616,7.017377963629638,8.7601469,8.76014087,4.23825632,48.749
12,295.5431314188911,6.685276650164334,4.365317,8.84172931,8.84172931,39.521
4,58.23241491081323,5.301502393898526,3.31687247,3.3168721400000005,6.40589733,86.691
8,280.8192107599051,4.838369839753088,7.18700477,7.18700464,7.18700495,14.982
4,116.44263702290873,3.452967016804903,7.71021339,7.71021339,7.71021325,37.153
12,174.58537647259826,2.360282108763586,5.33938396,5.33938396,6.396734,31.925
14,207.59823206019362,2.2732925456643005,5.21371866,5.21371866,8.818564,36.141
6,146.04031586940903,2.842587952538529,4.50147408,4.50147408,7.20714494,24.635
6,180.18507341646608,3.200429825654706,4.83709739,4.83709739,7.7010359,19.903
10,133.9412594294663,3.556775781979418,5.73799353,5.73799353,8.33498711,58.328
6,160.2895460635227,2.8659872873234598,4.55263303,4.55263303,7.73356801,27.165
6,202.44358977636247,4.468442553173851,4.91295125,4.91295125,8.38724096,19.85
20,482.71505867649836,2.335928216970226,6.9558722,6.99846994,9.91599163,31.053
5,62.97202846293481,3.174844989283073,3.97846823,3.97846823,3.97846823,74.789
5,63.4304022052392,1.738989887513691,3.988098,3.988098,3.988098,34.622
6,191.6846050640215,3.2080916845404577,4.82602207,4.82602207,8.23016661,23.427
6,152.42088522029653,3.681401905932202,4.371867,4.371867,7.974631,9.764
6,153.0154745776919,2.713244098432293,3.79137495,3.79137495,10.64490723,11.679
8,130.91489528602753,2.057829586373378,5.56593443,5.565932880000001,5.56593369,20.517
4,72.14915384923385,1.9586949710991588,4.530500740000001,4.53050074,4.06038034,14.294
20,306.24942598800067,2.1927984100046674,5.4109266,6.18542073,9.15028024,17.312
12,131.7258654420101,1.1568998236078862,7.8566509700000005,7.8566509700000005,7.85665091,16.079
12,587.2814844518107,0.962230743303747,7.38878315,7.38878654,12.42137652,5.733
4,122.04630116650408,4.0009012071616255,5.56775188,5.56775188,5.56775188,16.554
4,114.33950773034947,3.0038813239413784,5.44800052,5.44799995,5.448,18.878
4,76.39728037342103,1.3933364084585858,3.783233,3.783233,5.33767,17.067
22,300.17167894453905,2.6355813319159105,5.8570629300000006,7.107302190000001,7.37603274,23.283
12,177.68018731936172,2.9523559003418476,6.28111671,6.281116710000001,5.51255805,58.009
11,148.2423807287422,5.709626897128253,4.19468009,4.19468009,8.42509277,139.204
5,66.19193300770227,4.515683425098605,4.01297268,4.01297268,4.11029183,109.845
5,66.39970563944834,4.501553310810758,4.00636436,4.071075480000001,4.07107684,103.853
5,66.42558667546236,4.499799395351564,4.04992385,4.04992387,4.04992474,103.322
5,65.41101790884895,4.569594302517074,4.02918278,4.02918278,4.02918278,172.61
8,162.74005598282326,4.002570810771966,3.47582583,3.47582684,15.55420047,69.488
8,187.5132410569922,5.134904132319957,3.63703191,3.6370319100000006,16.368432,56.925
4,70.82338813405127,5.048882834287192,6.574683519999999,6.574683519999999,6.57468365,69.683
8,141.86933977411363,5.0409621865501455,3.61481557,3.6148446500000007,12.53689238,69.273
3,49.2164577527646,2.3987811725495507,3.8547796999999995,3.8547803499999995,4.28952818,24.246
6,114.30920237976811,2.0656169368531567,4.07113792,5.158956529999999,6.26445138,16.347
4,78.2140362486996,1.8491200295087102,4.819191480000001,4.81919148,4.81919148,14.064
16,189.44471751745647,2.3856601774639707,6.27981441,6.279814679999999,6.26890168,24.639
16,200.601111566087,2.2529821239969254,6.39529727,6.39529727,6.39529727,26.171
8,102.14511384763549,2.9922424053573864,4.72322052,4.723220859999999,4.72322053,23.365
40,439.5689430753826,2.3586441016741735,6.37680425,7.4983013,9.37190606,19.525
10,264.3180620492604,2.0890963726428122,6.90758708,7.09647106,7.09647155,10.254
5,80.02153630160868,4.202388634572429,4.309256,4.309256,4.309256,68.848
4,72.31404927103387,4.868240317343581,6.5840398,6.5840398,6.58404073,67.63
12,432.57183019316597,5.300604308319752,6.9889884,6.9889884,8.8558366,24.932
12,279.0631147923504,6.2534170343848725,7.6089531,7.60895477,7.60895312,31.59
12,310.59163318699865,7.122934674164343,7.78727467,7.787274689999999,7.78727391,24.605
6,123.57537767108688,6.670059015690338,10.4816312,3.68538356,5.21672588,66.018
10,167.88822711457243,3.89445298250673,6.19220172,6.19220133,6.19220107,35.653
10,338.44094539356774,2.6375526761023593,7.82226694,7.82226694,7.82226694,16.539
10,194.60103784636775,3.148524264554277,6.50459184,6.50459184,6.50459184,33.983
10,188.79984716188025,3.2708716357927385,6.43930326,6.43930326,6.43930326,34.699
6,154.5133752885188,3.0212854266684084,4.790529,4.790529,6.732853,17.77
5,61.11912479420659,7.425354027085073,3.939058,3.939058,3.939058,201.94
12,202.30276478341827,4.749305020286422,7.44028021,7.44028021,7.44028021,18.263
8,118.13391603711044,3.572559829521679,4.96039112,4.96039089,4.96038823,11.553
10,185.90262054137574,2.1823499599068694,5.815997,4.709044,7.15126178,17.575
20,527.1175663508853,2.615920739569844,7.877652,6.760634,9.90608372,10.832
8,149.56743653525646,4.282305783760916,5.58275071,5.71173493,5.71173477,23.533
20,300.1796118664874,4.621424831505806,7.51563009,7.51563009,7.51563009,112.518
4,54.88562233641086,3.511130097253143,6.38467952,6.384679749999999,6.38468009,95.827
4,108.43211231494168,3.883473913594321,7.70565355,7.705653550000001,7.70565401,40.489
16,651.5931030478747,4.643445689105519,10.24725044,10.24725044,10.24725044,8.774000000000001
6,220.79288931634468,4.205154305638965,4.41537884,4.41537813,13.07731443,19.885
4,233.0501525000137,2.1515263944512393,7.65705263,7.65705263,7.65705263,9.273
5,63.7546200303669,6.981426051671773,3.99488137,3.99488137,3.99488137,188.716
5,58.14690296217846,5.285921590188086,3.87414195,3.87414195,3.87414195,180.938
12,200.15190571401104,3.336741634893699,5.63457647,5.63457451,7.45778148,17.135
6,188.69465644182918,6.400602267763079,4.71168112,4.71168065,9.8147042,27.321
10,135.5739408789251,3.2803312667909466,6.15475927,6.15475927,4.000616,83.985
12,206.43196864900403,2.621683483464982,7.64954955,7.649549549999999,4.04063503,35.497
5,78.59586598624729,2.8514497781270016,3.69172,3.69172,5.766897,52.449
4,84.76874728223154,2.9598131012227347,3.6625557999999994,3.6625558,7.59708807,51.441
4,85.05581729401501,2.949823501347305,3.65006489,3.65006489,7.66707967,51.499
4,133.03848326518735,8.198509605016593,5.73012325,5.73012916,5.73012547,22.656
4,63.029659329875116,7.2576303249173115,6.41973073,6.4197306,6.41973098,71.739
4,61.287070373622576,6.503514780347435,3.38522317,6.477286580000001,3.38522212,85.994
5,79.44393397949031,6.795779344751639,4.29886276,4.29886276,4.29886276,134.466
12,209.3886259467661,3.6223843946637806,3.734444,3.734444,15.014165,73.072
4,64.08857179581335,4.145686854497978,6.50763216,6.50763216,6.50763187,78.584
4,60.648896018549806,6.684362277572788,6.4670693,6.4670692999999995,6.46707028,61.719
6,156.92522717056758,3.7973333404129948,4.20899699,4.2089971,10.22833453,30.9
3,79.02824846344365,3.770154398413155,4.2015336,4.20153364,5.16935243,30.741
5,66.30309275332023,4.0447770350199495,4.04741679,4.04741679,4.04741679,71.15
6,145.0979564687524,3.1009616127601576,4.06375843,4.06375823,10.1455352,36.508
6,187.32121781940248,4.011565758997805,4.52584926,4.52585122,10.5598079,24.441
3,94.73426199778112,3.966101426723972,4.51668889,4.51669009,5.36211308,24.144
12,299.2280368231902,4.780797873185382,7.72837802,7.72837802,10.241768,30.478
10,200.18658273029266,5.392388180721512,6.59698922,6.59698922,6.59698922,31.533
4,150.28863572916052,6.139065903489079,3.79631058,3.79631241,12.04125753,25.86
1,37.69881311643663,6.11844089386274,3.76369287,3.7636932700000005,3.76369363,20.188
5,85.91824761693395,7.85863552701431,4.08669157,4.08669075,5.90052795,106.913
5,65.83573113074682,7.021777887745632,3.58450376,3.5845034499999997,5.71670912,125.812
5,80.90306264745844,6.423166544806776,4.03039025,4.03039015,5.73821872,117.558
5,81.08645401905538,6.2821554430036635,4.03915816,4.03915847,5.73231696,114.246
5,100.51978126178903,6.509709907101686,6.34457061,6.344570609999999,6.34457061,93.376
15,320.9857920786882,6.964358060939271,6.84882661,6.84882661,6.84882641,68.329
5,84.79597449928136,7.953252724454533,4.11067497,4.11067549,5.7992474,113.37
5,76.96836592404362,6.865802656425809,3.99707561,3.9970764699999997,5.58544866,124.941
5,88.23972465614575,10.905516535019794,4.12985563,4.12986219,5.94025786,145.667
5,89.77237265628294,10.645823049396881,4.23279937,4.23280184,5.83553063,136.757
5,91.4500336150587,7.406899795599361,4.29360972,4.29360951,5.80845334,120.576
4,100.06300164516122,8.077570634943031,5.21110121,5.21110121,5.21110121,71.667
4,119.17303837886955,7.028081890857167,5.5237117,5.5237117,5.5237117,49.213
20,343.80538861941164,6.063297978212056,7.64383834,7.6438398,7.64383948,106.014
22,349.1077835818042,6.374108844234436,7.90359801,7.90359801,7.90359801,133.226
10,201.14904574130847,7.505862482445815,4.7793482,5.7772583299999996,8.00803402,70.274
18,271.3637614231688,8.448748078283247,5.0314137,5.031414,12.71403454,340.64
7,96.17876727237959,6.998499455995795,3.8138040000000006,3.8138040000000006,7.14122249,142.568
14,194.54181969560256,6.919921397746746,7.0781962,7.0781962,5.543392,120.072
7,100.14132163007791,6.72157146997273,6.897407589999999,6.897407589999999,6.89740759,124.285
22,309.6062952660943,8.010615913708165,7.59349294,7.59349294,7.59349294,160.548
6,198.12128861747996,6.581581404080605,5.653769699999999,5.653769699999999,7.15689242,39.889
4,100.36979239669824,11.034898194987667,5.21642148,5.216421480000001,5.21642148,86.527
7,97.00109845523428,6.2674118799919585,6.86065192,6.86065192,6.86065192,132.923
10,124.45121185376252,5.95065413160753,5.574739130000001,5.574739130000001,5.57473909,145.937
4,125.02936243084578,6.726914062794505,5.61274965,5.6127496500000005,5.61274965,40.649
11,138.85651265826073,7.34886445398429,5.12091638,5.50718588,6.20242949,136.781
5,81.7838661720594,6.615226588126977,3.93077848,3.93077728,6.11195352,116.022
40,733.0476773121411,5.904323254552548,9.838254179999998,9.83825357,9.8382546,114.974
18,252.71003165540637,7.499371455588542,5.62290793,6.70394982,6.70394982,128.177
7,106.01801968347709,7.020514104084611,6.94899446,6.94899446,6.94899446,120.843
20,504.1879526114183,4.927142524222895,4.15834987,7.62781072,15.89540251,69.384
6,198.18220202584996,6.695890447201155,4.6360504,4.63603946,9.78615588,49.613
52,654.4647315708074,4.934478102990514,6.041062,10.228816,10.591259,151.815
32,467.4578833999243,5.483198861889507,7.57010749,7.01231481,9.29980509,99.469
11,182.6119335822973,7.76458483022492,3.992801,3.992801,11.454439,128.506
4,122.49600871040717,9.25572937517697,5.57458205,5.57458205,5.57458205,48.249
4,117.50117716947676,7.738786931263085,5.49775951,5.49775951,5.49775951,45.039
4,108.95165194057658,6.875063082154956,5.36104689,5.36104689,5.36104689,48.916
4,106.53555802715424,6.436422709964228,5.32112173,5.32112173,5.32112173,47.145
20,259.4466989081008,8.082737108634744,5.822854,5.590162,9.72790091,151.657
4,97.38556224953443,7.575669188084905,5.16420164,5.16420164,5.16420164,69.985
11,167.2578540630986,8.564428685908092,4.07463522,4.07463536,10.47807865,165.266
4,123.31651670285939,5.974688534426256,4.97745203,4.97744991,4.97745414,33.748
5,141.02463755879623,5.365885196688,5.205131,5.205131,5.205131,58.829
5,132.4574297540407,5.737967680921381,5.09751599,5.09752329,5.09751495,66.117
16,478.740741608554,6.599269154031432,6.77714875,7.03737413,10.03789761,32.741
4,143.43069360944634,6.705757700534747,6.41229735,6.41229735,6.41229735,29.518
4,141.89992223747672,6.833787984539621,6.410191790000001,6.410191790000001,6.41019179,29.595
4,119.87293327778471,6.738398926933487,4.93068257,4.93068257,4.93068257,40.212
7,231.08923867167297,5.217909726941138,6.13658839,6.13657896,6.13658001,41.385
20,315.12381422161775,6.138269302382149,7.54533114,7.54533114,5.68137309,114.302
5,135.62589515374242,6.679346343337195,5.13785256,5.13783273,5.13784525,65.083
5,143.80930043641396,7.342931284248157,5.23916418,5.23915898,5.23918083,60.77
10,282.2500211872147,5.56420166916154,4.45903412,7.95603333,7.95603333,58.118
4,127.91604817880415,6.950624921540551,5.03858216,5.03858216,5.03858216,44.031
14,457.14039788874436,6.735405697470336,8.40537671,8.40537623,8.40537677,50.175
5,143.94147790506207,7.303694432249451,5.24077264,5.24077264,5.24077264,54.494
12,188.91477331879304,6.803701933290435,7.00387798,7.00387798,9.4231671,113.246
40,450.9933855735442,6.29027731888508,7.668729,7.668729,7.668729,183.604
2,55.368048972335835,7.400970917731144,3.80798897,3.80798897,3.81828074,48.529
4,97.37546379188008,11.049522559242668,5.16572788,5.16319857,5.16316704,59.426
4,77.42572970279612,5.978795157000775,3.8151897999999997,6.52520054,3.81519026,90.615
8,152.39454329083125,6.425297437397491,4.091723,4.091723,9.102422,70.603
8,211.965461596227,5.198240444120945,5.74227809,6.133193459999999,6.1331939,52.592
6,134.28883604675005,4.769804657178602,5.74801998,5.74802021,5.74802,64.416
6,124.61338600511698,6.882276988592972,5.80820964,5.80820964,4.265299,78.309
8,179.4120133658229,4.069623320395311,6.69457614,6.69457669,4.62247581,61.963
6,111.51393427762034,6.4431301510401635,5.51386802,5.51386783,4.23531601,102.67
15,317.19841361185405,3.8765032059340947,8.8729747,8.8729747,8.8729747,70.525
6,141.18139869504108,5.610985872557855,4.37630995,4.37630985,7.99426841,70.446
10,108.69536338675303,6.535048673247982,5.35090685,5.35090733,5.35090587,180.191
5,54.13665153348018,6.560522955963694,3.7829488,3.7829488,3.7829488,194.911
2,59.52923354792789,5.964602306559528,4.38276747,4.38276724,4.38276688,66.566
4,110.61375853257732,10.084254442055917,6.11533589,6.11533589,4.79286377,64.033
8,181.67442537133024,13.34111839497051,6.680871200000001,6.6808694,4.69999003,77.617
4,89.6265422683695,13.521329490541573,5.02323944,5.023239440000001,5.02323944,80.791
6,78.96681121717624,7.956045948855533,5.86971845,5.869718450000001,5.86971845,185.956
20,224.35940157228782,5.3925319678768675,4.18757793,7.31965624,7.31965624,170.08
7,71.60823078341546,4.725301594026068,4.15260843,4.15260843,4.15260843,181.75
5,77.41115892774451,9.833800032325781,4.26187973,4.26187973,4.26187973,165.301
4,125.8836918617252,10.102327772005443,5.01175659,5.01175659,5.01175659,53.973
4,101.14902920538724,12.178262653912554,5.2298862,5.2298862,5.2298862,73.505
10,174.44004831521934,7.53704176703906,6.27184036,6.27184036,6.27183942,57.541
3,83.43633369593378,10.80611578245022,4.90482372,4.90482372,4.90482372,78.997
4,157.24963494362177,4.62120848439421,10.89886465,10.89886465,10.89886418,12.532
8,253.37225332376607,4.962730471574281,8.05395617,8.05395486,4.51034726,25.473
3,51.263938844289,5.277519424202218,3.95039945,3.9503984500000002,4.31205131,92.301
2,60.80426068838528,6.863348264964217,3.93228214,3.93228214,3.93228214,45.631
3,80.69596666397211,7.48468231243191,5.08159716,5.08159803,3.60844997,45.263
4,93.35667583638036,8.307488788969755,5.09198121,5.09198121,5.09198121,59.779
4,92.61132188652321,11.569451352850558,5.07839363,5.07839363,5.07839363,73.024
4,100.96542907608493,10.731355184465091,5.22671995,5.22671995,5.22671995,52.817
8,215.4685338630926,3.780331423350519,7.54401208,7.54401276,4.37168074,31.744
6,117.2875893291415,5.390113003761027,4.11542769,4.11542769,6.92503718,67.468
12,174.46750137151582,8.253254249999163,5.03909562,5.03909631,7.900586,180.839
6,126.5289342584714,7.099409999365476,4.32924526,4.32924526,6.75095899,61.994
5,92.60921972937238,7.45480318797629,4.33881559,4.33881494,5.79768374,86.372
10,197.0717984820515,6.889511278946801,6.17481849,6.17481974,5.96819897,87.663
3,61.672937062494725,7.161961343292127,4.30028631,4.300286,3.85096258,67.31
8,135.84241264338414,6.124617215266214,3.989429,3.989429,8.535204,79.381
16,373.3121530068446,6.411909180445671,6.84105001,7.2491452800000005,7.58872147,56.604
6,128.89997596161348,5.939731837179561,4.23738297,4.23738218,8.28947151,82.111
8,164.19791995991815,6.999248097771606,4.182825,4.182825,9.38487,67.396
4,116.41044331894436,4.992802587899867,5.48069516,5.48069516,5.48069516,38.201
24,325.9138681770347,5.988712304695377,7.16461976,7.16464713,7.33133775,101.191
24,326.1652752829894,5.984096225231945,7.16720035,7.16720039,7.33175557,102.112
8,109.26797739355628,5.954182366387661,4.14985611,4.14985587,7.32649511,109.184
6,125.25238975983905,5.908515356156993,4.14043192,4.14043192,7.3062533,72.64
6,110.10192318658758,8.459619639695985,5.44368062,5.44368109,4.2902142,100.405
14,282.72552936710156,6.545744594815654,6.06056003,6.060550650000001,7.69733138,59.389
10,121.62970281014104,7.007147132917438,5.5285934899999996,5.5285934899999996,5.52859264,161.922
8,215.77837620179767,6.511857656385815,4.14737906,6.109155369999999,8.51634055,63.487
6,146.39009047332993,6.447172403932161,8.41484573,8.41484573,8.41484573,62.983
4,43.2710595309784,5.446576386703691,3.94067703,3.9406770300000002,3.94067703,82.577
4,93.42060294658427,13.036598131827201,5.09314321,5.09314321,5.09314321,69.273
3,113.31816073959757,5.754749428305828,3.9565060499999998,3.9565059,7.76076233,10.546
8,331.13842781355555,5.211400300989961,4.45522596,7.646359089999999,10.16118872,6.847
2,61.82091747212889,6.815132351067045,3.95407724,3.95407724,3.95407724,49.919
4,108.8080421873248,7.37663566159602,4.77405039,4.77405039,4.77405039,49.718
7,169.6253247281116,7.98722383716204,4.71134027,4.71134027,7.64190701,64.429
4,93.30539625272793,8.354891428932895,5.09104872,5.09104872,5.09104872,63.889
4,81.49755751696577,7.75923825511569,4.86653514,4.86653514,4.86653514,70.523
4,103.7796154650898,10.478867101527237,5.27483669,5.27483669,5.27483669,52.025
6,114.55580013317766,15.172093167392559,5.45143271,5.45143343,5.45143376,174.499
20,287.5241780269563,8.359650163054045,5.78622784,5.97112351,8.32190561,146.049
2,62.92686333935386,4.306862721414304,3.97751685,3.97751685,3.97751685,33.855
6,169.4180639952016,3.675839005818354,6.21095394,6.21095383,6.2109538,33.099
8,208.89395298467733,3.3676050551621,5.28088015,5.28088015,7.49054204,37.949
4,94.27838789930534,6.674446781504466,5.1086841,5.1086841,5.1086841,54.712
9,229.60017171309778,5.053939522450795,7.56390803,7.563909550000001,4.63392501,49.819
4,112.6968815835133,8.427830991557236,5.42178509,5.42178509,5.42178509,44.465
4,87.99271971649964,5.548706340511265,4.99252881,4.99252881,4.99252881,51.066
10,131.37920373777854,5.96229443475584,6.430161,6.430161,5.327197,135.546
2,37.23191778169345,6.819864447680557,3.74809091,3.7480918299999995,3.74809031,121.33
4,87.75064951190767,5.787230836710343,4.13622277,4.13622229,5.9225931,86.477
4,102.0980267384177,6.732802367277987,5.24619121,5.246191209999999,5.24619121,47.768
4,90.6397418298356,7.240105432459155,3.8099628800000005,4.36346257,5.77535562,67.304
6,97.50594695762241,8.729381964407942,5.166329069999999,5.166328209999999,5.16632872,103.215
6,70.08546961910154,6.869209015177182,5.58913044,5.58913044,5.58913044,175.52
6,93.86886739988027,9.212886460154941,5.0773302,5.0773302,4.204556,109.911
12,154.56467852824252,8.261406020135757,5.07482875,5.07483014,6.93005547,141.277
6,83.52514165357186,8.595871429207413,4.94644358,4.94641166,3.94190367,114.252
26,211.90397991742492,6.886963097990673,5.32021479,5.320216310000001,8.6443317,120.516
4,55.50574111851041,6.630109055095076,3.80948262,3.8094826200000003,3.99680262,135.707
12,268.79648292448127,7.816221860737739,4.74172563,7.21869104,7.8528754,73.286
6,115.61720421563462,14.918656091605683,5.46821888,5.46821774,5.46821728,182.831
5,61.655856812767205,9.996103476493241,3.950555,3.950555,3.950555,243.043
2,55.81549214333665,5.053992913109182,4.28966287,4.289663,4.28966449,71.271
24,306.5886561703912,5.0668752288786765,7.07797003,6.50496121,8.28287841,104.626
4,121.16365324951049,10.422672238693567,4.94831631,4.94831631,4.94831631,45.604
4,97.7465351993335,12.571934325724843,5.17057438,5.170574380000001,5.17057438,71.48
4,74.2289639351511,10.249390839265327,4.20266203,4.20266203,4.20266203,109.965
6,110.87285758017082,10.049626416351181,5.34115546,5.34115568,4.48770342,126.008
4,115.73602649775013,9.770645456259105,5.47009063,5.4700906300000005,5.47009063,51.146
4,121.15939157281777,6.982208778082913,5.55423214,5.55423214,5.55423214,51.388
6,119.73705811528113,14.674607529077937,5.53241176,5.53241169,5.53241225,143.888
6,112.12210961623813,16.503265812255627,5.42854568,5.42854539,4.39332866,178.329
6,112.22195366291804,10.201482819565893,5.4141591,5.4141585899999995,5.41415734,131.545
20,250.62051880749198,7.680766947672471,5.50481427,5.76156261,7.90193892,173.36
6,113.26761097957124,9.99966931968441,5.430924380000001,5.43091976,5.43092444,128.334
2,50.90726870327164,5.576868535639376,4.160046760000001,4.16004653,4.16004817,83.314
6,136.18444087029349,4.951348746699273,4.046343,4.046343,8.317678,79.438
6,114.13195763048722,5.527824850750575,4.04866893,4.04866893,6.96278102,90.315
2,70.65190095563464,6.126447993596042,4.64030202,4.6403022,4.64030247,49.747
6,153.39147066944193,7.947766090351394,4.62183226,4.621740399999999,8.291895,78.626
20,267.3212593398151,5.761036669740338,5.68506091,5.80353077,8.10225831,153.924
8,206.56244354641305,5.369708550713217,4.00733505,6.06953956,8.49258615,69.385
8,205.83916380716363,5.388576687022028,4.60491837,6.64603379,7.10898102,65.047
6,131.049307958642,4.94366746239103,4.38834295,4.38834411,7.4791683,79.133
8,163.44917430545283,6.1554481678320005,4.29787087,4.35276466,9.00402478,87.646
8,157.20950925750728,8.24220756928864,4.27334817,4.34966006,8.73289947,117.105
6,99.71343958326743,8.389720711957295,5.62010782,5.62010821,3.64530382,164.797
8,153.07050385054688,6.425310836343571,4.12301836,4.538753819999999,8.38662087,118.955
6,101.71467376951959,8.134756965589208,5.79926851,5.799268510000001,3.49226,169.788
5,90.77789741952891,7.598248336872835,4.28782048,4.28782015,5.79409969,122.782
4,100.25398387264764,6.957977999443868,5.21441444,5.21441444,5.21441444,49.862
4,110.85831165488231,7.4151024507324035,4.8038498,4.8038498,4.8038498,56.392
4,94.02019550974599,11.507335344482362,5.10401626,5.10401626,5.10401626,77.314
12,164.4509444201284,7.751849663917663,7.63161357,7.63161357,5.64557782,122.275
24,327.65107315452815,7.781442532513168,5.57182852,7.67076445,7.81529125,126.822
8,277.60888483998156,7.36549349680474,7.37384291,7.37383625,5.89543062,34.964
2,68.4745663187593,6.462877661112661,4.59213638,4.59213606,4.59213643,54.332
24,775.577567610455,6.750350268395327,9.14142881,9.13761061,9.28492748,52.576
5,62.049187819988944,6.28285209634826,3.958938,3.958938,3.958938,183.62
2,62.68327815032215,9.094042802602887,3.97237799,3.97237799,3.97237799,46.826
4,114.9291230199994,10.865978013760472,4.86194488,4.86194488,4.86194488,44.459
4,61.40768205018087,9.189649475797562,6.3259886,6.325988599999999,6.32598897,119.536
6,83.38350085534267,8.78093114363809,3.847458,3.847458,5.632904,178.775
10,129.99677795641082,9.318807581292091,5.685491360000001,5.685491360000001,5.68549108,167.515
4,100.43120294652384,8.724742265233346,5.21748514,5.21748514,5.21748514,46.367
4,110.34047835140682,8.077936294799283,5.38373019,5.38373019,5.38373019,40.401
10,236.8525382547525,5.722828229211701,6.61995565,6.619955649999999,9.54758564,54.948
2,52.99732001447015,6.401685211404085,3.75622244,3.75622244,3.75622244,49.02
6,107.21414244192034,7.216668827396328,5.40449917,5.40449859,4.23848422,70.032
1,20.34725930592395,0.5664547497076458,3.0643639399999993,3.06436321,3.064364,13.874
1,20.341590184595102,0.5666126184226407,2.97853209,2.9785316300000004,2.978532,13.87
2,40.20915444112861,0.5732924174891058,3.01479638,3.01479643,5.1083222,14.344
4,81.46327559062023,0.5659385333481882,3.03438553,3.03438582,10.21620767,13.866
3,61.20566011076459,0.564938029743426,3.07867429,3.07867244,7.66540779,13.804
3,61.27228982922787,0.5643236955643719,2.888843,4.94883212,4.94890126,13.65
66,651.8740977581233,1.0092886970407067,7.08784267,7.08784267,14.983214,16.486
11,120.44601523386112,6.678706674420794,6.48017137,6.480128779999999,3.31200345,202.474
14,143.93242127065506,5.666416661874371,3.964869,3.964869,9.155898,89.756
5,70.17888743150543,4.63719686589555,3.85082434,3.85082445,5.46002359,92.396
11,144.56184431294835,7.266155632961222,7.169437050000001,7.169437050000001,7.16943821,127.273
11,125.74098683417239,6.152768597008193,6.70236667,6.70236667,3.232138,175.385
5,64.01375308593839,4.6842698584997695,5.24704759,5.24704759,5.24704759,126.556
5,63.53396039608321,4.868537253925074,3.73450213,3.73450163,5.26557285,111.137
5,70.11408663717341,4.463319066853459,3.68412899,3.68412899,5.964924,72.246
10,133.8639604329469,6.671805414794308,6.98876953,6.98876953,2.74070462,162.926
18,389.2942406690999,7.951263248463016,6.68511544,6.68511544,8.7108424,61.911
10,249.06802982478357,4.162227735667979,3.59777536,3.59777482,22.21873628,23.112
10,214.7172982292806,3.7264181300526946,7.161031,7.161031,4.187125,67.911
32,577.0567771381544,2.5017113561385886,9.344968210000001,9.34496789,9.34496979,22.544
34,523.6081630414494,1.2848680583302532,4.41386677,7.90356186,15.00943456,32.333
18,320.19851473558987,3.5460763679711085,4.66428601,4.66428541,16.9948908,29.762
25,227.01578298545405,2.12973046520187,5.69863776,5.6986377599999996,8.07204,83.023
38,612.7198270529882,4.834737484070419,9.26747131,9.26747167,9.26747222,28.91
38,594.4895909653269,2.2048266848938822,9.174634070000002,9.17463227,9.174633,28.204
38,588.1283021077287,1.2223023580163561,9.14179142,9.1417922,9.14179127,29.691
4,98.3539922269175,6.005386598361118,5.18126331,5.18126331,5.18126331,35.03
4,97.42796114776289,7.588996197539353,5.16495098,5.16495098,5.16495098,33.082
4,59.605562939956116,8.879064650015707,4.38463989,4.38463989,4.38463989,49.503
4,64.71875157774521,8.27053184022705,4.5065934,4.5065934,4.5065934,37.398
4,74.60024582460522,7.32215628502506,4.7251802,4.72517947,4.72518156,39.481
4,55.604655165924825,6.813917473864231,4.2842557,4.2842557,4.2842557,56.116
4,72.09594418903437,5.60861231972082,4.67170351,4.67170292,4.67170369,46.551
4,69.8225369708589,5.718691613668604,4.62207342,4.622073340000001,4.62207369,46.665
4,60.76806907619633,4.064221004357043,4.41296152,4.41296145,4.41296135,50.135
4,55.385734435371646,4.415759266304757,4.27862496,4.27862538,4.27862658,68.314
4,54.06457286243572,7.246891731813421,4.24433025,4.24433111,4.24433089,84.603
4,54.241739768072904,4.401298824800751,4.24896222,4.24896222,4.24896222,80.792
52,466.6486785339942,2.407235843361476,8.482786279999997,8.48278339,8.48270116,41.92
5,57.53869296464182,1.5557041790663417,3.63601344,3.63601425,5.0548939,49.164
12,114.44868906865149,2.144170060594762,4.82924323,4.82924369,6.07631725,53.936
12,100.94826563090928,2.4309229191965778,4.65344648,4.65344648,5.382931,75.034
6,169.7964379880642,1.055413048950082,6.21557401,6.215572540000001,6.21557332,16.117
12,338.2804237628279,1.0595078149925057,6.19327088,6.19326877,10.18371546,16.063
4,70.85656994024092,2.9668984302030297,4.64477885,4.64477885,4.64477885,37.315
4,69.93899456075255,1.9479799364391934,4.62464209,4.62464209,4.62464209,40.875
4,82.36138052082612,3.481307370241496,4.883668819999999,4.883668819999999,4.88366882,34.099
4,62.497004728338126,8.588973920590867,4.45442243,4.45442243,4.45442243,44.869
4,67.13615200714455,4.920389517741624,4.56201961,4.56201961,4.56201961,40.135
4,70.01775534697839,7.752347812006813,4.62637743,4.62637743,4.62637743,30.724
4,80.15973009100956,6.908433387719792,4.83975909,4.83975993,4.83975861,32.005
4,59.43326481715435,6.501898045386261,4.38041101,4.38041101,4.38041101,50.434
4,79.23410320046924,5.198540540310845,4.82105828,4.82105828,4.82105828,36.538
4,74.25641948296585,5.478813230362306,4.71791071,4.71791029,4.71791022,35.899
5,60.05182486961803,5.032936823236094,3.57350791,3.5735076000000006,5.43007881,110.495
6,75.06942088138977,4.468165305329158,4.48346527,5.24589404,3.53033169,95.497
5,99.30424589876507,3.610983358415098,4.15420912,4.15420979,6.64447003,57.891
4,87.30493694124301,6.869982519080513,4.97948697,4.979486970000001,4.97948697,46.894
7,127.71750743934426,2.7905089106086076,6.10422589,6.10422589,3.58948008,8.956
8,117.57641381725134,4.303285917999578,4.14820791,4.14820896,7.88984436,51.282
7,76.19663986594699,3.3434884073539375,5.0496643,5.0496643,3.126495,42.328
4,51.140497514831374,4.872728837305839,4.166390420000001,4.1663912,4.16639116,58.787
5,48.18271966561722,3.7712166902973707,5.16547418,5.16547418,5.16547418,84.8
8,106.35312893194452,3.3850505903959442,3.98879378,3.9887930600000003,7.71856519,58.571
5,83.87158641366742,2.802648662907279,4.42482818,4.42482818,6.16711344,45.823
10,182.0103970009344,2.5829578242936364,5.59905942,5.59905942,5.805958,21.596
4,62.27072934422922,5.311636133754215,4.44903967,4.44904058,4.44904005,52.716
4,60.71580854639786,5.364250591358609,4.41169671,4.41169683,4.41169566,52.666
4,76.64496721644278,5.166879637016756,4.767963039999999,4.767963039999999,4.76796304,34.651
7,165.1981586289654,3.9135984812191515,6.76978624,6.76978624,3.806198,25.291
6,90.33180312920854,3.0737650317569383,4.31001929,4.4874989,5.18144325,33.134
4,58.30748176557828,7.990399136526021,4.35257725,4.35257624,4.35257639,59.891
4,52.39707199161488,8.741198499430428,4.20023843,4.20023908,4.20023884,95.635
4,54.837461967249354,5.754167411321399,4.26446109,4.26446116,4.26446001,67.604
4,54.137290527488204,8.548155403958985,4.24623395,4.24623335,4.24623232,82.351
4,52.489890631113866,5.900335632062097,4.20271813,4.20271852,4.20271723,81.563
4,76.58769311107099,4.452629293771753,4.7667751,4.7667751,4.7667751,35.3
4,58.67218325476637,8.023288350676488,4.36163289,4.36163284,4.36163315,61.01
20,207.74239172449535,3.6620451877074247,6.684071,5.549288000000001,5.60542128,83.069
8,170.71237370153537,4.104667881931613,6.10099473,6.10099473,6.10099473,41.491
5,48.52275955798294,4.18594532581674,5.56251059,5.56251059,5.56251059,42.316
5,50.62458063774394,6.920425812139705,5.53319641,5.53319641,5.53319641,49.367
12,117.50161616093963,6.793848819192654,5.2004116400000004,5.20041164,5.32889506,106.444
12,124.6735351946027,6.403028637650978,5.38461425,5.38461425,5.27993046,95.328
6,64.8232791163991,6.157419271977833,5.25674859,5.25674859,3.20795302,124.693
4,63.92841071536865,10.68710782326379,4.48817348,4.48817348,4.48817348,40.536
4,67.843525120827,7.027357324175954,4.57798608,4.57798608,4.57798608,41.262
4,59.109380261595554,9.014706304577537,4.37244281,4.3724428,4.37244426,52.245
6,110.4665649861205,3.8692499978949386,4.67951371,4.69327212,5.5503166,28.365
4,69.90693976356512,5.619338221536914,4.62393591,4.6239356,4.62393524,43.023
4,67.91278717731898,7.962890108657434,4.57954334,4.57954356,4.5795438,53.673
4,61.52954960008933,8.66080151478674,4.43131762,4.43131746,4.43131791,82.523
4,63.92530313482154,6.107533742328029,4.48810067,4.48810078,4.48810138,59.663
4,63.415954142388365,8.47824477550223,4.47614865,4.47614814,4.47614858,71.969
4,61.40882306257087,6.262780528050233,4.428418260000001,4.428417950000001,4.42841782,70.882
4,78.1978047414083,5.253778829214971,4.80004581,4.80004567,4.80004579,35.36
4,89.71275822446889,4.953245745491955,5.02484962,5.02484962,5.02484962,37.747
12,148.63642526727966,7.001143973401036,4.000996,4.000996,9.70659735,107.176
6,121.26361070072579,1.0458373300683599,3.30973899,5.74375527,7.01731907,20.847
6,119.7639156201487,1.0589334040474536,3.29063091,7.603146389999999,4.90306855,21.725
6,126.6541644873705,1.0013252336629033,3.07827066,3.07826882,15.43389647,20.429
6,124.69763898644527,1.0170361835277546,3.08128808,8.16509378,5.04703991,21.078
7,164.097142422941,3.6206959591376786,3.86481958,6.710161,6.71016221,19.912
4,72.36628047230127,3.4556683177454692,4.6775354,4.6775354,4.6775354,28.998
4,63.35765966833081,2.904661636092361,4.47477677,4.47477677,4.47477677,38.78
4,72.53792812998832,5.466085777208627,4.68123074,4.68123074,4.68123074,30.915
4,73.13802244014933,3.4738535684091953,4.6941046,4.69410408,4.694104,29.856
4,76.54087530123775,5.32362216791219,4.76580371,4.76580342,4.765804,36.254
4,63.84725571886933,1.723614808591957,4.48627348,4.48627348,4.48627348,44.934
4,72.38183786023644,3.599433310872967,4.67787057,4.677870569999999,4.67787057,34.883
4,73.5944672542431,5.473203015630521,4.70384928,4.70384872,4.70384969,27.001
7,165.26364630271812,3.9029347526181164,3.86419556,6.73690265,6.73690109,19.113
9,103.43361111523025,3.5444167298038107,4.97324034,5.07555191,4.70859982,58.448
12,204.86704790936767,3.2905421957419843,6.254754,6.20834565,6.47947459,52.707
4,80.59743356321218,3.8137067786123278,4.84855214,4.84855214,4.84855214,42.611
4,85.17892142896704,5.3209273720039265,4.93883567,4.93883503,4.93883494,40.663
4,84.4550928063354,7.127545709991181,4.92470568,4.92470568,4.92470568,39.457
3,25.196348773971618,1.9693024802579264,3.29066929,3.29066917,3.290669,78.6
12,90.39877805466602,2.195570922607838,5.0445717,3.08088234,5.81651896,71.014
8,63.10789546996573,2.414495376400676,3.10263483,3.10263383,7.56992946,72.65
12,118.72525385207386,2.5416441828014777,5.33040158,5.33040158,4.748969,87.664
4,73.54213418942872,9.439296114830233,4.70273384,4.70273362,4.7027346,44.376
3,41.039217129005465,4.867689616038611,4.20511615,4.20511593,2.67986227,50.698
4,54.32768621076811,9.69739171517336,4.25107821,4.25107812,4.25107809,68.175
5,51.32696585713975,4.9272623932550585,5.190011269999999,5.19001127,5.19001127,91.447
12,107.41088666932697,5.203738020847322,5.10082048,5.10082048,5.05887629,103.12
4,63.99780528237626,8.49763306335128,4.48979687,4.48979687,4.48979687,50.293
4,70.63828392432418,5.44253491104575,4.64000426,4.64000426,4.64000426,50.35
4,83.76242644031983,5.425935738468902,4.91120887,4.91120741,4.91121105,38.084
4,83.70595862745128,7.262248391824919,4.910101359999999,4.910101359999999,4.91010136,40.01
4,82.67971499370118,7.2958188484188575,4.88994928,4.88994967,4.88994984,39.836
4,86.73871708067459,5.161409474022015,4.96757688,4.967294039999999,4.96884537,38.333
10,236.7453142767395,5.587512786670897,4.617002,4.617002,11.106092,41.299
3,39.83539112038689,8.71075185448227,4.17213072,4.17212951,2.64254732,66.968
12,105.83813960910133,5.113188391022309,5.01576303,5.0157630300000005,5.11008031,109.493
12,170.8923316814056,1.7858446391124732,3.79112043,6.26620298,7.19367041,40.216
3,45.579160218260625,1.6739402006160704,4.00953374,4.00953231,4.009533,40.49
28,322.25489542769844,2.26612295182641,4.92078882,8.20029857,8.38784496,45.0
18,350.79778867128954,3.852455990208713,7.95384231,7.95384189,6.40283447,33.938
4,70.12889082201104,7.8756346636630745,4.628823679999999,4.62882366,4.62882388,54.242
4,63.6463215739796,6.315422449570798,4.481562,4.48156134,4.48156245,68.437
4,62.530199795540916,8.782691337998868,4.45521083,4.45521142,4.45521118,79.179
3,52.716692604572984,2.924458281043547,4.20876216,4.2087622,4.208762,33.677
6,100.12225475064447,1.3920715938421575,6.62501533,6.62501533,6.6250159,32.884
18,201.80564762958667,2.469345037843392,4.76947858,5.790757040000001,7.85954847,78.037
12,116.1350926158233,2.572720378446257,4.6502353,5.35596672,5.37714504,76.805
10,207.65626685100585,7.169227141384053,4.568268589999999,4.56826881,10.46162271,47.106
14,329.15522583536637,6.128807860499939,3.10717593,10.29241894,10.29241894,41.724
4,67.83079136948514,8.067794408308421,4.57770074,4.57770013,4.57769927,55.812
4,74.55211046571478,7.421141059653016,4.72409022,4.725256700000001,4.72303427,36.577
5,49.91607682872237,5.342798519495552,3.2583009699999996,3.25830491,5.42909009,112.952
3,69.09284363388754,3.4002998891438247,4.60591646,4.60591622,4.60591536,26.076
11,112.50813525638002,3.7411734352119344,5.095153209999999,5.09515321,5.27457118,106.055
18,187.13201091238082,3.118890991531607,4.60075757,4.60075757,8.84075562,52.093
24,210.4967019909536,3.4630378828910864,5.05360598,5.05360598,9.6817331,110.301
12,102.79241310606766,3.5457775101851303,4.99356197,4.99356197,5.03409089,122.947
4,69.30458161951651,7.814164746088236,4.6106163,4.6106163,4.6106163,32.933
4,74.3290774106699,9.276433465272536,4.71944845,4.71944845,4.71944845,45.771
4,91.51226987485045,7.752601676783977,5.05822459,5.05822459,5.05822459,30.009
4,85.02384741465083,8.309454048512368,4.93573594,4.93573594,4.93573594,29.094
4,61.65835011451054,8.744194821183314,4.43440783,4.43440783,4.43440783,48.609
4,63.970062636420245,10.729748158319818,4.48914801,4.48914801,4.48914801,56.12
12,239.14452465577799,4.834260491717121,6.72700245,6.727002449999999,6.50320351,42.596
7,193.85701139461096,2.7922943971462004,6.778646040000001,6.778646040000001,6.77864604,6.489
7,200.79564854626798,2.6958046684958403,6.069813,6.069813,5.45009,4.842
4,78.81901393277657,6.471404169749136,4.81262473,4.8126247300000005,4.81262473,41.319
4,74.56892680937611,6.805969972043957,4.72451933,4.72451933,4.72451933,34.107
4,56.122452613828344,8.173849592174303,4.29751314,4.29751314,4.29751314,46.741
14,271.98366148481614,2.699795772665671,7.27243883,7.27242725,7.27243029,31.855
4,55.82751657004015,4.519050403461338,4.28997146,4.28997168,4.28997232,48.483
16,249.82223406286334,2.8548759721526085,4.18544392,4.18544375,16.46711015,52.049
4,68.85886893427231,4.774815521571614,4.60071108,4.60071108,4.60071108,37.548
8,80.57686286324703,4.79447494529874,5.40560858,5.40560858,5.40560858,114.265
9,97.57890333897295,3.728451043134087,4.93340236,4.933402050000001,4.62948023,58.042
5,50.57481031522678,4.370752221380779,3.27830705,3.27830589,5.43381109,132.436
12,120.75560573307003,4.2107445724338195,5.24719916,5.247199710000001,5.38495908,100.625
11,136.9806826412246,4.109560355440818,6.34305649,6.343056490000001,6.34305649,61.32
9,100.04673006196963,3.5172479028395407,5.2782243200000005,5.2782243200000005,4.702741,69.336
9,85.97368533826963,4.09298670996693,5.14344976,5.143449759999999,7.15945632,56.183
4,65.65588119505712,3.2548000504528387,4.52824112,4.52824112,4.52824112,25.274
4,65.27741193179845,3.273670923863631,4.72814152,4.72814152,4.72814152,25.865
8,132.3069175209103,3.230318859063798,5.75689163,5.75690215,4.60972795,26.62
4,66.53509398784078,1.1930741997824643,5.16654603,5.16654603,5.16654603,26.875
24,240.07328434631435,2.288395005623385,4.919069,6.32850474,8.04566506,66.385
5,80.12847305120475,1.5498261513420921,5.357518849999999,5.35751918,5.35751909,38.92
60,567.0593650609532,2.842737799266752,8.155393020000002,8.15539298,9.73804542,47.682
20,171.55657762069762,1.0424974402260274,5.558199299999999,5.55819961,5.55819896,36.478
48,418.0071030906704,2.4095025800165675,8.15829923,8.158296770000002,8.1583013,102.784
8,126.43290165985059,2.5149727143944074,4.341471,4.34147196,7.745609,34.809
4,59.97046543894787,6.030436573748439,4.3935682599999994,4.39356955,4.39356901,33.973
12,203.46958051812553,4.601557219762242,5.76341785,6.29217201,7.0485673,40.186
44,409.98662554755094,2.3369228928496457,6.49012342,7.81525086,8.51118422,64.468
28,238.31477369514653,2.2194575215585,9.12437898,3.2248219400000004,8.24692384,72.847
4,74.88789416539308,5.095583580276353,4.73124612,4.73124607,4.73124571,28.2
4,106.42290134759575,0.9502512011582321,5.89894324,5.89894324,5.89894324,14.299
4,72.27946472961175,3.0609006740174243,4.67566415,4.67566415,4.67566415,22.509
4,72.49557831711745,3.0517759488822316,4.98425675,4.98425675,4.98425675,22.645
8,209.45504931646255,1.5941353650003793,5.938776,5.938776,5.938776,11.688
4,58.82674047396062,2.381536348554365,4.5926066,4.5926066,4.5926066,31.489
28,265.3866298411937,3.3129160602412457,8.63940865,8.63940865,3.55558451,81.806
12,196.10729307399737,2.514831420395014,6.410343480000001,6.410343480000001,6.41034288,38.568
4,62.26023826009277,2.4149469185504886,4.4487902,4.4487902,4.4487902,23.233
5,73.49958395741857,3.6208767683762884,5.19995133,5.19995137,5.19995135,38.44
48,438.10959718028244,3.594945501396092,8.28699076,8.28700506,8.2869912,98.991
4,58.51110353805032,2.652470276817503,4.35763746,4.35763746,4.35763746,32.98
4,68.20151172022211,5.390861985215634,4.57152383,4.57152383,4.57152383,25.438
4,67.90875445343187,5.414102199723137,4.8571619,4.8571619,4.8571619,25.641
6,126.41311897693605,5.638853980298131,4.52521742,4.524856609999999,7.12862476,44.465
4,71.4481085867933,3.152458256802773,4.65766853,4.65766853,4.65766853,24.555
4,73.2209111210879,3.0761318918156495,5.151265639999999,5.151265639999999,5.15126564,24.671
48,513.7247314972313,4.231908776649982,8.73877964,8.73877964,8.73877964,85.511
6,106.53924332003496,3.4550803742141185,4.22756992,4.22757055,6.88330997,56.817
4,81.39637365353093,0.9206406101234341,3.05125523,5.05526712,5.2769431,19.333
4,79.69807820418913,0.9402586460144139,4.3034403,4.3034403,4.30344527,18.827
4,80.62802007603956,0.9294139559863868,4.8491654,4.8491653999999995,4.8491654,18.913
4,43.497379020640324,1.3296451168085002,3.60972717,3.60972763,3.85463861,51.984
8,67.32309527690863,1.718164542817754,3.52407593,3.52407723,6.25954487,65.179
8,74.68033140556867,3.9518115189986567,5.21393977,5.21393977,5.21393977,104.609
8,221.46450439289072,1.8144344207903107,6.05017648,6.05017648,6.05017648,11.108
8,116.35462953903665,1.4784207089189267,4.21927393,4.21927368,7.54705753,39.519
40,782.9438513326726,2.01602910731058,7.61936257,9.79844322,10.48708764,24.186
32,309.38741088311605,2.4859584494768927,4.8926448,6.07079561,10.41629663,70.849
16,151.67443017472192,2.5354446605161662,4.81341133,5.20197613,6.05746678,70.982
32,644.980015636747,1.8542669892124035,6.17176593,8.01859859,13.03281824,22.427
4,72.98174058596854,5.188162094686223,4.70060405,4.700604049999999,4.70060405,25.566
4,57.592753254190036,3.6687249837498506,4.33471941,4.33471909,4.3347185,36.429
6,144.19061074244615,6.675887533088302,4.7078488,4.70182633,7.51853191,37.325
4,54.40092388095913,6.590366177196426,4.25311466,4.25311466,4.25311466,46.404
4,70.0895977273562,3.3780282629787486,4.62795921,4.627958729999999,4.62795882,32.535
8,156.97803312960477,3.0165321522195634,4.67231893,4.672317860000001,8.30315915,28.627
16,292.2533880511593,3.0777770348022173,7.508078,6.374152,6.46716083,38.534
8,173.29404035911332,2.5952732252736572,5.62778013,5.62778013,6.76562429,28.938
8,233.98004780368365,1.9221527103065188,6.162065,6.162065,6.162065,9.928
48,497.44720255896516,2.504720865075086,8.645490299999999,8.645490299999999,8.6454903,92.251
6,140.00370618361242,6.987645711528322,4.6707130900000005,4.67086421,7.41031132,38.262
8,74.33590745478966,5.936820568120315,5.24666129,5.24666129,5.24666129,103.312
4,72.39410476445336,5.165667300309516,4.67813483,4.67813465,4.67813462,23.258
8,82.9266734337162,6.464798388002256,4.45716892,4.45717351,5.23382254,94.691
8,208.85125029945607,1.590359150423786,5.93306391,5.93306391,5.93306391,13.233
48,582.7583499256536,3.1399139982481716,9.11388334,9.11388334,9.11388334,80.904
4,63.822307115461285,2.2435980688078336,4.48568906,4.48568906,4.48568906,23.55
4,63.88990880903131,2.241224125379691,4.61495879,4.614958790000001,4.61495879,23.562
72,618.9782796571351,0.9730134626900934,9.29891833,9.29891833,9.29891833,20.395
12,145.40520344274157,2.5615105160567135,5.90244092,5.902440920000001,5.90244092,53.165
6,74.11045537586266,1.7302952767757802,6.8523888,6.852388949999999,6.85238869,40.286
9,99.66669760943418,3.076738799656091,5.71635896,5.71635896,5.71635896,73.687
18,162.63257658677637,2.4473668931952917,4.981818779999999,4.98430893,7.45868188,78.989
42,435.53183511891444,3.500730870397398,5.89605065,5.89604765,13.16867998,108.701
18,176.6800353564376,2.624617376500371,5.38594575,5.38594588,6.10530546,79.937
9,183.6195386556854,1.843861354733256,6.76356347,6.76356347,6.76356347,24.697
10,98.44954417803821,5.832405421349026,4.42489325,5.20998494,5.20998478,85.449
11,124.19519633730837,3.380107201086125,6.4470537,6.447053769999999,3.45025793,77.127
80,722.9102622621566,2.3095914763835164,8.88488207,9.00464381,9.03579114,80.916
6,121.73006852565683,0.8049647194301573,5.05319898,5.27412392,5.27412562,17.412
6,120.61517021171325,0.8124053573441236,5.28420511,5.28297961,5.85511998,17.319
8,107.35600597745072,1.850197968673243,9.71101904,9.71101904,9.71101862,38.043
11,111.63087060644736,3.088230201487639,5.33421009,5.334210089999999,5.8850541,99.64
20,221.68409256419955,4.20912515983956,4.97183,6.630327,6.724861,70.247
20,214.6694946407185,4.284425207871097,4.86811796,6.6026249,6.67871045,71.86
11,105.67097748617977,3.7158205465291014,4.00344892,5.22401996,5.7823088,94.256
7,118.75085040347324,2.6362879053060744,4.301497,4.301497,6.417967,34.76
10,188.4669172212003,2.508647105652678,7.873926980000001,7.87392698,7.87392698,38.444
18,305.7924264775286,1.6911177763476177,7.0335451,7.0335451,8.60333058,35.658
7,125.67038166620772,3.5957095708523825,7.0907549,7.09075535,7.09075584,29.691
11,105.96739822693398,4.632917148821029,5.23360441,5.23360441,5.78706598,101.668
7,128.59208252373085,5.726650531696336,7.27970749,7.279707649999999,7.27970734,24.305
22,205.8451791991688,2.414737686052976,6.4853,6.4853,4.894187,84.311
11,169.68022065915164,2.284627903073178,7.6875809,7.6875809,7.6875809,33.107
22,205.5877089425823,2.4799372101164163,6.477045,6.477045,4.900533,76.66
22,221.91838796680167,4.3382915944163845,6.745371,6.745371,4.877324,83.44
22,369.72475387777445,2.01967716373102,8.0141621,8.0141621,5.75655003,42.149
22,213.58799380942872,3.010483996865948,6.62185174,6.62185174,4.87099777,83.422
22,213.25349486377024,4.483620282583055,6.68871745,6.68871745,4.76661918,84.062
13,273.5973024717805,1.8987672293217759,7.286890940000001,7.286890940000001,7.28689094,27.629
13,271.55370168980795,1.6412406350504896,7.26870274,7.26870274,7.26870274,27.54
26,538.0848746356696,2.221001692572928,7.29061802,7.29061802,12.39791184,26.78
9,158.68639703272,2.3810006695651085,10.11803665,10.11803665,10.11803665,34.924
22,215.16780690873796,4.3451017093773086,6.64356555,6.64356555,4.87500252,84.394
26,238.550770102785,1.8041686558762613,4.11766649,8.17749978,8.17256101,129.576
96,930.6351312936738,2.8194936104264414,9.76322162,9.76322162,9.76322162,81.654
96,980.837915019784,3.065970703812363,9.935714,9.935714,9.935714,75.104
36,530.1944234102621,1.3123846204418934,4.46092654,8.00545356,14.84650201,32.647
18,315.8676151319596,3.0071192786648497,4.70062133,8.4430415,8.44304139,27.747
20,360.56254070006275,3.7277770954867164,4.69720012,8.50470968,9.38949916,30.336
96,925.7281288424068,4.097845243781329,9.74603171,9.74603171,9.74603171,82.815
96,857.2197856848157,2.4106364070560127,9.49942669,9.49942669,9.49942669,82.448
30,263.7065133961458,2.2619786843624716,5.37511751,5.37511549,10.53908325,77.448
15,132.07531165175254,3.051995085808839,6.0182354,6.01823592,6.01823596,93.569
13,214.50525856633737,1.319071676503221,4.448272470000001,5.36280797,9.58790135,31.163
26,409.5904145156236,2.8624617480612335,4.46395749,4.46395749,23.73947476,33.833
4,124.6392542099242,7.069909957782781,5.60690606,5.606906060000001,5.60690606,33.104
4,121.2406071076883,7.308047345444344,5.5554729,5.5554729,5.5554729,38.715
4,118.53364447008941,6.850777368885481,5.51381527,5.51381527,5.51381527,39.953
4,124.46911189410285,6.525616904872284,5.60435361,5.60435361,5.60435361,41.104
4,117.5003930121137,9.082872425641847,5.4977472800000005,5.4977472800000005,5.49774728,34.711
2,30.4514247136979,6.2606319363997605,3.12274033,3.12274033,3.12274033,41.392
4,65.61940263928555,5.81063387972121,4.6562736,4.6562736,4.47222152,44.019
9,125.03969949609676,4.470980570831794,5.47439736,5.47439736,4.817754,50.447
4,64.2628025576364,7.63094762311455,4.49598549,4.49598552,4.49598559,64.676
4,78.65079298387604,9.075918887328827,4.80919848,4.80919848,4.80919848,47.164
4,72.57537404845061,7.811011968861107,4.68203629,4.682036330000001,4.68203553,59.483
4,66.23307127800165,8.287157341017137,4.95795191,4.95795191,4.95795191,66.506
12,167.58077536981986,7.1848234272650275,5.655061379999999,5.96789489,6.44634529,66.519
8,93.13115411447967,5.449096943025833,3.04445443,3.0444544300000005,11.602336,68.307
8,102.77388388324933,4.937837006940156,5.94205252,5.942052520000001,5.727083,54.712
8,113.52474525872462,4.470220884698951,5.60989145,5.60989145,5.60989145,36.273
4,51.507998003409206,4.732865362266108,3.049805,3.158819,5.346602,75.626
4,45.93828009133366,5.306694528949004,3.3383835599999996,3.3383835599999996,5.83813225,70.805
4,63.31241036387289,1.7794205066117466,4.47100639,4.47100668,4.47506851,48.228
32,444.25288014469095,2.2894810197741893,5.227949,7.733840999999999,11.94802308,63.864
20,201.22707515665462,3.071252843462152,6.409976949999999,6.409976949999999,5.27498514,132.634
4,53.851092257447824,7.80517943532675,4.23873732,4.23873786,4.238737,135.916
4,49.68324479848125,3.997248654760562,4.12643476,4.12643476,4.12643476,103.846
4,55.30326816717248,7.540566056009495,4.2765012,4.2765012,4.2765012,136.0
4,55.46973258237398,5.009004991126908,4.28078786,4.28078846,4.280787,104.819
4,55.00699395292734,7.7277119293607095,4.26885039,4.26885022,4.268851,124.378
4,53.71604256896505,5.063891340368854,4.235190750000001,4.2351906800000005,4.235191,119.342
4,56.484492053578016,4.671484487299468,4.30673426,4.30673426,4.30673426,115.85
4,63.800383894680834,2.287407844957496,3.995837,3.995837,3.995837,63.994
4,63.86679703813993,2.2850292389775233,4.88817397,4.88817397,4.88817397,62.466
56,492.71254483057214,3.6377099104716346,7.89825601,7.89825601,7.89825601,196.082
4,61.89132957753171,6.698327928648981,4.43998561,4.43998639,4.43998542,71.27
4,60.60120654536829,11.723711578607196,4.40891869,4.40891869,4.40891869,97.735
32,244.48639065525214,2.5167775602969344,7.18287629,7.182870439999999,7.1829035,194.262
4,49.434888533993075,5.408547281856906,4.11954754,4.11954754,4.11954754,87.133
3,52.817192096313185,3.350258724581978,4.21143501,4.21143436,4.211435,55.853
12,106.97116322301349,1.1783473930700736,6.04741809,6.04741809,6.04741809,24.716
4,44.58720014799136,5.635138950277054,3.9802337799999994,3.98023378,3.98023235,117.454
16,165.67246456582174,2.642924604464094,5.15441713,5.15441713,6.2357861,92.356
4,31.795526139767716,3.4427786393473947,4.97433835,4.974337959999999,4.97433926,142.701
4,53.606327995579065,7.643851974434296,4.2323056,4.2323056,4.2323056,119.104
4,52.97418104717601,13.293625199745609,4.21560343,4.21560201,4.21560201,151.998
4,50.68041841828566,7.854846494955332,4.153856659999999,4.15385737,4.15385809,147.585
3,51.55085435490051,1.9973824288832802,4.17750557,4.1775048,4.17750432,63.069
84,1066.830743985952,2.353557435186954,10.45943523,10.45943613,11.26025947,114.023
8,240.85102572719316,3.9866906906548025,6.37660546,6.37660471,7.44425736,27.57
34,353.4500077247123,2.348093421479502,8.54261559,8.54261559,5.592624,16.616
4,56.57407983656018,8.649989225208007,4.30900997,4.30900997,4.30900997,108.466
4,50.90166327474725,9.384629522191902,4.15989457,4.15989457,4.15989457,160.442
4,65.36935019138177,15.186595064167182,4.02832705,4.02832705,4.02832705,98.057
4,65.74315071971446,15.100247555774066,5.02958822,5.02958822,5.02958822,102.226
12,421.08040327205725,5.611829937533212,4.39605371,7.185158210000001,13.34591259,6.138
8,110.05404666352878,7.118897563652701,5.8510686,5.8510686,5.40146728,56.84
4,43.10125207983941,1.3678437692187648,4.00969883,4.00970882,3.09538022,70.778
4,54.28535416558174,1.086034714319228,4.48080169,4.48080169,4.48080169,43.817
80,627.6409751178699,1.8156022989205343,7.844409,8.634831,9.266105,41.323
36,318.68110831890215,2.488007026732085,5.21748754,7.32144299,8.34253838,83.932
16,118.75126322456848,2.3441024834204938,4.69220026,5.30065006,5.3006502,196.324
6,45.27148443552002,2.1833667158379573,2.73782834,2.73782827,6.97399677,153.134
18,210.3198804978414,2.2204499007764196,4.7333317,4.73333257,10.83966193,14.836
24,199.62280893020113,0.724822674158937,4.33803649,6.62037165,6.95079678,15.533
12,113.50507091766609,0.637377418568649,4.20278237,4.20278237,7.42011763,17.533
12,147.65551328360903,9.445274883637353,5.5265644,5.526563020000001,6.06672534,163.719
16,146.97972885304512,2.248286828522436,4.35917928,5.77106619,6.37397218,62.738
4,41.06339128998133,8.782513795697959,3.87248672,3.87248672,3.87248672,139.753
6,86.07705830986724,3.5061868714742017,3.73657199,3.73657199,6.16510828,54.336
4,53.27212268787984,12.77651825822023,4.22349191,4.22349191,4.22349191,105.456
6,63.09807241705856,1.408695009411104,3.70384387,2.99866847,5.74522609,69.944
12,100.42691387489238,1.9815227867385812,4.5089702,4.71703476,4.86239512,92.715
4,46.95815472669372,8.09060789600311,4.04910937,4.04910937,4.04910937,124.471
4,46.642800859728446,14.458396086784568,4.04048228,4.04048228,4.04048228,165.822
6,102.23224794506483,4.4736983410395545,4.17242521,4.17242521,6.780787,56.099
12,153.74670981435472,6.305647569876307,5.24862891,5.24779801,6.70320024,75.053
4,68.57243841209936,10.382816659750137,4.59432306,4.59432306,4.59432306,82.613
8,171.8524439617419,5.412041636245448,6.8210593,6.8210593,6.8210593,49.655
4,87.34176313795079,5.324329098683833,4.004341,4.004341,5.447031,60.947
2,40.36685003806086,3.5724738319781193,3.85046614,3.8504669500000004,3.85046572,25.963
4,99.3445025571683,2.9032208472204344,4.13986892,4.13986892,6.69329149,19.461
4,45.968337411110205,1.3692049808547169,3.5915297800000006,4.01170411,4.01170449,40.769
13,111.43217193565833,2.251204804328406,4.27913546,4.27913546,7.02696526,140.283
26,226.46157545523334,2.2154455148872882,4.27940485,4.27940485,14.2778547,128.198
7,58.62738464959816,2.23771232559557,3.6495039,4.306932089999999,4.30693209,150.185
4,110.59128988050361,1.7129004506167136,5.3878063,5.3878063,5.3878063,29.043
4,116.09039301762775,2.853731647818493,5.47566781,5.47566781,5.47566781,23.718
4,104.26408548289477,2.4975593041647657,5.28303205,5.283032050000001,5.28303205,28.548
4,111.74284243515334,4.275132909721855,5.40644228,5.40644228,5.40644228,26.023
4,114.86449976683224,2.918984949933138,5.45632555,5.456325549999999,5.45632555,27.505
4,87.57606251023243,5.296102567321165,4.98463673,4.984633080000001,4.98463673,48.032
4,127.45709435974541,1.4513697670974846,5.64884516,5.64884516,5.64884516,20.611
4,113.48329220376984,4.265072122700046,5.43436713,5.43436713,5.43436713,26.242
4,150.26254439498672,1.4054005070936801,6.66526832,6.665268320000001,6.66526832,15.36
18,218.16552898214894,2.8617383459889614,5.08317862,5.08317862,9.749555,66.385
3,74.57591401828039,2.715181343106456,4.72466689,4.72466689,4.72466689,37.314
12,170.87791425417905,2.3721160104390244,3.647969,5.52501055,8.47816147,69.668
9,232.5129697081222,5.446671410524249,4.94900786,4.94900786,10.96176079,29.742
16,321.8073896268768,2.129858195245667,3.79957847,7.95136547,10.65169884,47.84
9,227.46804871046433,3.629513871242645,4.92411754,4.92411754,10.8326052,33.128
11,154.80184835822453,4.688018423883328,6.65871291,6.65871291,6.65871291,44.136
4,74.01322797782355,5.355492913053939,4.7127539,4.71275401,4.71275459,35.162
4,72.2592735913268,9.852329866365885,4.67522873,4.67522873,4.67522873,64.741
4,68.54604744520068,8.192537788462824,4.59373359,4.59373359,4.59373359,71.539
4,68.82068318996158,10.299172968028344,4.59986048,4.59986048,4.59986048,84.2
4,78.3800929395173,7.2915756038652075,4.80367471,4.803674710000001,4.80367471,41.518
4,69.67793998329718,7.985703651331772,4.61888093,4.61888093,4.61888093,58.234
3,61.831967499969586,5.217348176085373,4.43856606,4.43856606,4.43856606,46.596
4,69.10958762093597,12.333021429964223,4.60629748,4.60629747,4.60629747,73.965
4,62.016812038133025,8.894649309666105,4.44298464,4.44298464,4.44298464,93.448
7,82.37666868148114,6.776659035392897,6.78071217,6.780712169999999,6.78071217,123.514
8,197.1494683757981,6.47670100113269,9.76164378,9.76164378,4.580974,47.381
8,131.42540639011227,2.1425657404119924,5.08424468,5.08424468,5.08424468,32.161
24,276.3525149147863,2.5571311838343096,4.7924656,6.71713302,8.58460799,30.023
4,42.53165070488914,7.70882624392461,3.91810191,3.91810185,3.91810203,154.032
4,39.580241048919724,6.414428272210264,3.82529099,3.8252909899999996,3.82529099,171.867
6,84.16676142664001,5.555564081931065,3.70797367,3.70797367,6.12163362,48.848
8,112.82601871138354,3.8267244982422337,3.37949169,5.70321873,5.85380038,76.01
4,62.82389445585791,3.436225130434666,6.51510519,6.51510519,6.51510549,69.93
8,119.41563813892799,3.6155573639332395,4.37898227,3.3742341099999997,8.08207113,80.565
4,63.143175568936,3.236418279685328,3.49430367,3.49430294,5.97137878,64.206
4,49.49379893299363,6.933971495207376,4.12118344,4.12118369,4.12118333,88.21
8,104.98551880862588,5.219770841661475,4.02522156,4.02522156,7.482025,77.333
4,46.433442874900926,5.797633911618089,4.03442853,4.03442734,4.03442802,105.396
8,119.46939696197974,7.025893434945696,4.25720604,4.25720464,7.61161454,75.321
4,46.30296389362676,7.085672732567846,4.4125427,4.4125427,4.4125427,92.453
4,40.82307721209328,4.412739341927633,2.8506227300000004,2.85062326,6.67012661,57.622
10,100.69027700938793,4.204759305872427,5.43585286,5.43585286,5.43585173,72.986
12,129.44909766016127,3.7580297551753503,5.43005218,4.77778998,5.67486993,27.725
12,133.85008593068017,3.6344658085570933,6.129581280000001,6.129581280000001,6.12958128,39.822
12,133.92240311277683,4.289470403523282,3.81378293,6.225078870000002,6.22507822,69.627
6,76.77597941203939,3.741119220622335,4.88984113,4.88984113,4.810924,28.615
4,36.938414825284134,4.607173202057195,2.6971458499999996,3.1555873200000004,4.98840851,81.11
4,35.86032205264894,4.745681721978575,5.0718038,5.0718038,5.07180398,118.564
8,87.45998032641644,3.8916467685991356,5.20986381,5.20986381,7.38749139,57.048
8,75.76153627285667,4.492561351887285,2.756181,5.149394,5.338078,78.449
4,52.580242461070675,8.947763090446514,4.20525438,4.20524217,4.20523669,144.978
12,246.2435155146211,2.766230854688597,7.57352667,7.57352667,7.57352667,32.045
12,196.0181395857239,3.4750172194428113,3.954113,6.58622,7.52681,38.109
12,211.2883253776976,3.223871499600778,4.929055,5.150337,8.322929,26.248
6,89.08215320412522,3.82324846157845,3.87426619,3.8742661899999997,6.853007,53.764
12,198.65191680529094,3.428944564633533,6.990095489999999,6.94531527,5.99368466,42.412
12,170.88253903765812,3.9861674236559863,3.72920693,3.72872994,12.28910559,62.759
6,95.32851682622486,3.5727316078211886,3.93732315,4.23862431,5.7121138,25.653
4,71.06005653707588,3.145744581897037,4.22759213,4.22759213,6.05899285,41.616
8,133.9817143435324,3.336825311365248,3.374993,5.965543,6.654611,46.834
4,96.28936968003461,6.18972686228755,5.144752030000001,5.144752030000001,5.14475203,49.683
4,84.71796545344233,8.4271833490015,4.92980989,4.92980989,4.92980989,68.896
4,80.81103280347426,4.799515083663656,6.538556090000001,6.538556090000001,6.53855662,49.046
8,163.2494142685241,4.751671209413885,7.65671742,10.212399530000003,6.75772353,53.412
4,91.78697938277259,5.922362123649391,6.86910718,6.86910718,6.86910788,41.119
8,185.45072039932106,5.862427807993677,7.03459202,7.03459202,7.03459202,46.015
4,91.07125123317367,7.497248211606342,5.05008592,5.050085920000001,5.05008592,54.254
4,101.74542572700423,8.908434537893783,5.24014491,5.24014491,5.24014491,50.836
9,176.61155484091256,6.962525144089741,6.97215353,6.97215303,4.19521924,59.851
4,92.23589398551184,7.2703307406735895,5.07152207,5.07152207,5.07152207,43.83
4,78.99878351072617,5.0096502592596135,6.51071174,6.51071171,6.51071202,50.021
8,158.97509203520636,4.978846324027414,7.58659712,10.122009890000001,6.70015262,53.745
4,94.65882622844671,10.226609115553817,5.11554651,5.11554651,5.11554651,43.284
5,51.341548704283774,5.237261804135623,3.71667895,3.71671165,3.71667895,47.287
2,17.022151182750694,2.530431787124335,2.88741907,2.8874194399999995,2.887419,69.649
6,88.70908381357775,5.155477659261043,3.67266484,3.67266484,6.57666165,67.093
6,78.3828081056339,3.9725993915354536,3.6669254,3.6669254,5.82930352,71.576
4,53.75089066123791,8.514979673447572,4.23610667,4.23610667,4.23610667,119.616
4,50.944779794689076,8.754887430904189,4.16279425,4.16152291,4.16123858,145.894
4,58.48821849164197,4.353135399324041,4.35706887,4.35707026,4.357069,42.172
40,421.42767199492107,3.6066305574754893,8.726479,5.314799,9.28348084,96.585
20,211.67284946717186,3.590290212959894,6.53237565,6.5323756500000005,5.34004554,110.559
4,54.706754484194974,10.277801638827405,4.26106957,4.26106953,4.26107036,121.949
4,49.685413064629444,6.854003931229688,4.1264451,4.12644508,4.12644517,90.52
4,57.17198272761956,7.342685706676684,4.32413708,4.32413693,4.32413654,83.371
4,56.75852060507974,9.99014650766697,4.31368801,4.31368703,4.31368814,103.688
4,54.1907559727179,7.638940044444948,4.2476305,4.24763022,4.24763063,103.896
4,54.0637819200216,7.600504474245115,4.24430976,4.24431032,4.24431004,115.246
4,67.49609965818132,5.316738300459753,4.071548,4.071548,4.071548,39.269
4,62.300803778980175,7.793515629274332,4.44975619,4.44975619,4.44975619,66.916
4,61.73652477230441,12.657740879536842,4.43628112,4.43628112,4.43628112,85.118
4,49.332234103224835,6.858493329511423,4.1165414,4.11654136,4.1165414,86.815
4,44.509155082891965,7.239610236480012,3.97790773,3.9779112799999994,3.97791128,117.728
4,36.824352260169206,4.899986385732316,2.95041614,2.95041614,5.17319588,118.336
4,54.12885124630403,8.881265564294429,4.24601251,4.24601251,4.24601251,117.477
4,54.051850777604926,14.341650905009223,4.24399818,4.24399818,4.24399818,151.641
4,51.25185461477609,9.152074144804606,4.16941774,4.16941487,4.16940624,148.873
16,374.1015745850539,4.1650281464395835,6.58957376,6.86953237,8.26428029,34.67
3,50.99762651666654,3.410759462364193,4.1625071,4.1625071,4.1625071,58.688
8,239.65377535654102,4.598910547085825,6.35740665,6.357407020000001,7.44098708,26.207
16,271.9984394666142,3.886709347387785,5.74386891,7.4567137599999995,7.45671242,39.993
12,132.89428300598033,4.8541581781284275,5.04899466,5.51326646,5.512817,122.768
4,64.8511090693562,12.124522419409443,4.50966348,4.50966348,4.50966348,77.804
7,72.72802244935464,3.525050647616036,4.75614451,4.75614451,4.75614451,89.133
4,51.1645730698289,15.059541980606825,4.1670443,4.1670443,4.1670443,206.944
4,54.6468905023855,8.885711348049316,4.25951539,4.25951513,4.25951455,121.813
4,50.443253564911174,9.394805696809161,4.14736918,4.14736903,4.1473703,168.2
2,16.207758202347904,0.8143955050235646,2.84061633,2.84061655,2.840617,36.35
16,124.22279081724024,1.2278559031368272,4.93582519,4.93582403,6.17904506,28.876
30,290.1198924814325,1.8365692538960154,7.72899474,7.72899474,5.607908,20.3
28,267.1010762805588,1.5292532120681381,7.22974352,7.22974352,6.06861,24.827
6,52.04577262998569,1.5281607783402607,3.48737153,3.4873715300000003,4.27946589,14.251
3,30.162535606545383,6.296357031063239,2.7794667,2.7794667,3.90431543,82.256
6,93.65658105932131,1.4189010514773157,6.09541482,3.9202363699999996,3.92023637,21.446
12,187.4955234425425,1.4175210042661637,6.10113486,3.92342269,7.83276648,21.647
4,68.96899050723782,13.389914364689982,4.60315774,4.60316424,4.60316135,142.948
4,68.78775988761497,13.377225644278669,4.59912685,4.59912685,4.59912685,145.945
4,69.8739183647556,13.073676963958489,4.62320728,4.62320728,4.62320728,137.66
4,69.57159774264234,11.025158141286392,4.61652996,4.61652996,4.61652996,127.886
4,59.945510035742615,15.785720998050941,4.3929597,4.3929597,4.3929597,174.685
4,63.667942731444384,10.387402625956245,4.48206969,4.48206969,4.48206969,117.376
4,63.61747465620827,15.024246603570711,4.4808851,4.4808851,4.4808851,146.996
4,59.02083294121323,11.007513686726426,4.37025499,4.37025499,4.37025499,145.866
2,35.98053073754308,9.577772379895924,3.3013319,3.3013319,3.3013319,32.253
4,70.76256338964195,12.074399119156736,4.64272384,4.64272384,4.64272384,69.136
4,87.82078567764144,11.509671535980138,4.98927496,4.9892749599999995,4.98927496,22.639
4,63.73189998949907,10.952795523999498,4.48357,4.48357,4.48357,97.049
4,94.76999412221505,6.37412913524282,5.11872981,5.11388769,5.11943807,51.616
4,92.43374879268255,7.303069019873808,5.075145780000001,5.075145780000001,5.07514578,54.046
4,86.03129770268791,10.266227628807735,4.95515401,4.95515401,4.95515401,74.476
9,179.0983548081688,6.801077543477488,7.00699368,7.00699364,4.21208878,61.118
4,90.88040631612205,6.025846424429427,6.85186506,6.85186506,6.85186585,40.461
8,182.94509070601595,5.986838666588929,6.99746754,6.99746754,6.99746754,46.754
4,95.333590978491,10.113664461396192,5.12767294,5.12767294,5.12767294,42.546
2,53.15007879437164,4.181661385542398,4.22026477,4.22026434,4.22026429,19.889
4,107.04617765741592,4.1525187913622315,4.21458945,4.21458795,6.9587321,20.169
4,130.3914969025836,3.4090510104199274,4.54406925,4.54406935,7.29169756,14.86
4,79.12900928492144,5.110276959606976,4.81892515,4.81892576,4.81892651,32.743
18,284.18107535365476,4.799462603091938,4.9780489999999995,6.59234209,8.69573854,29.761
4,68.16878642920364,10.445091174653031,4.58529046,4.58529002,4.58529103,103.987
4,70.52715510675817,8.075753490413735,4.63756975,4.63756975,4.63756975,67.719
4,70.0271020527825,10.23589344720848,4.62658328,4.62658328,4.62658328,81.018
4,67.7724050231253,8.317898033458896,4.57638536,4.576385440000001,4.57638672,90.326
4,69.60883870027862,8.054667273186197,4.61735354,4.61735354,4.61735354,95.132
4,70.88289603645532,7.906340296713536,4.6453548,4.6453536,4.64535437,60.474
4,70.06995411121412,12.22102902086582,4.6275358,4.62753569,4.62753606,76.048
3,62.887224862095785,5.1331114573247065,4.46367448,4.46367387,4.46367444,37.377
4,62.41002803307644,8.902651215395943,4.45235604,4.45235676,4.45235749,100.631
4,62.10805318243056,13.687029948243204,4.44516246,4.44516246,4.44516246,128.499
4,59.244747388272,9.181282844220588,4.37577467,4.37577467,4.37577467,125.117
16,421.885684967961,4.403258255057841,6.86256651,7.24550841,8.48475601,29.929
3,78.01956781292827,5.118051542166526,4.79629823,4.79629823,4.79629823,34.609
8,266.10316587392856,4.704605034106,6.48678951,6.48678994,7.81229397,23.297
2,26.548452493831736,12.456833028772818,2.6530827,2.65308296,4.3551475,141.786
4,54.66763795003329,17.726709121672787,2.68349041,4.666114389999999,5.1287933,242.519
4,113.4117073570196,4.5643049766995425,5.43322423,5.43322423,5.43322423,36.572
7,87.95825581003909,6.300924527251383,3.581696,3.798394,6.97237655,125.243
4,99.91282913442772,9.091513402610618,5.208493,5.208493,5.208493,44.988
14,176.01187304653092,4.862618558863308,3.775938,3.775938,12.345033,122.869
4,89.35648688498367,7.13332407557771,5.01775704,5.02527517,5.01050963,54.59
4,87.50414456624284,8.095418214012373,4.9832714,4.9832714,4.9832714,56.068
4,83.3733510681094,11.613307996069981,4.90358926,4.90358926,4.90358926,54.534
4,46.71221075193996,7.604020293407009,5.37577809,5.37577809,5.37577783,96.985
8,92.45560129095749,7.683701009954852,4.30961506,5.83669663,4.30961506,114.047
4,67.8913708415807,9.65504847306115,4.57544942,4.57320726,4.5862882,84.798
4,67.37579329316257,14.099344912468451,4.56744118,4.56744118,4.56744118,106.05
6,122.20410249957582,1.2737347442403841,5.656821,5.656821,7.15659339,25.743
6,122.40572986670385,1.2716366416174079,7.54030687,7.54030687,4.89957718,25.554
3,61.635417114782335,1.4966168825594173,3.45383493,5.705300079999999,3.4649173,30.17
6,127.89328779243627,1.4425245829520434,8.26247725,8.26247725,5.02762197,28.486
6,124.19363124492898,1.4854965571568532,5.63522981,5.63522981,7.14123775,29.769
4,72.52611888905393,3.741603306069188,4.68097669,4.68097669,4.68097669,44.769
4,74.49022870236546,2.7926128694148877,4.7228567,4.7228567,4.7228567,38.321
4,75.59350076964519,5.626570185555305,4.74605921,4.74605921,4.74605921,42.537
4,66.57110768432155,4.04017873350461,4.54918495,4.54918495,4.54918495,57.675
4,64.73877923868358,6.428746640469197,4.51097234,4.51074329,4.51064179,70.501
4,63.54534287652718,4.140715858368846,4.47919093,4.47919093,4.47919093,66.418
4,85.93248268101249,5.022909231013577,4.95325613,4.95325613,4.95325613,32.073
4,70.64587476001265,2.8431781255294797,4.640170460000001,4.640170460000001,4.64017046,40.259
3,58.32838926024907,3.022463844610513,4.35309725,4.3530975,4.35309675,46.549
4,64.65358630619919,10.920145505850027,4.50508033,4.50508033,4.50508033,68.967
3,77.94396834793095,5.117847231043536,4.794747920000001,4.79474852,4.79474891,31.336
10,92.74378480519754,1.227173877244372,5.2513906299999995,5.25139019,5.25139027,40.623
12,123.52797585247195,2.433258565294052,3.48231532,4.9830527,7.11871738,96.016
3,30.452298831656385,2.467592897978559,3.505191,3.5051903600000003,3.50519105,98.683
3,53.39350067773099,1.9350359940530235,4.226697,4.22669677,4.22669723,53.996
4,57.567960512699315,7.040623561555493,4.33409687,4.33409687,4.33409687,84.673
4,75.60116062822667,7.619968727034435,4.74621951,4.746219510000001,4.74621951,61.1
4,69.36026757387486,6.137842012792144,4.61185084,4.61185084,4.61185084,73.754
4,66.65331960223993,8.596006976986365,4.55105685,4.55105685,4.55105685,86.934
4,90.83519614545126,8.043777567751278,5.0457189,5.0457189,5.0457189,30.009
4,56.555807460183516,8.066045339730195,4.30854601,4.30854601,4.30854601,102.805
4,55.67522057860785,13.482511095802591,4.28548244,4.28702331,4.2861856,134.07
4,42.08770844183261,1.9317235938293555,3.2000885599999997,3.2000891,4.84021176,35.899
10,92.80084343774409,2.467377587330999,5.628298700000001,5.628299000000001,5.62829896,39.77
4,58.03422031552346,13.856792552193332,4.34576622,4.34576766,4.3457619,209.556
16,191.65237873669187,4.431310938525526,6.13353759,7.36250723,4.24402026,110.992
8,77.26563854372723,5.6670917914942365,2.92178487,2.92178461,10.45103486,156.667
40,429.0623623558661,4.577485853741993,5.153943290000001,5.531529310000001,17.21247029,103.121
10,111.44215847034982,4.405933358199548,5.543736,5.543736,5.54373555,144.515
4,57.31413709740037,8.85571531627957,4.32771765,4.32771765,4.32771765,175.191
8,127.42250262703031,4.273826683598341,3.37951122,3.3795118400000006,12.88272117,82.755
4,102.76252949839348,5.9004242392406185,5.25754818,5.257548179999999,5.25754818,43.608
7,82.74895829641466,6.911765130310226,6.84735122,6.847351220000001,6.84735122,133.492
4,90.66235888899523,8.89508183328584,5.04251661,5.04251661,5.04251661,73.027
9,201.3130992578684,5.538638628976663,7.30446178,7.30446257,4.35677266,54.525
4,94.46245213852468,9.709893412260756,5.11201166,5.11201094,5.11201167,48.714
8,180.26302665586962,3.966821762389731,6.934916910000001,6.934916910000001,6.93491691,47.891
4,44.19471975457972,7.400719566398596,3.96851871,3.96851874,3.96851891,132.644
4,52.42696028667674,7.69782874913168,4.20103699,4.20103721,4.20103816,112.914
6,81.01957999292003,3.960070575324411,3.73738,3.73738,5.800367,59.926
8,117.64482763739798,3.663210024313284,3.42731155,5.7831577,5.93545795,71.293
16,248.52719543921998,2.0266254879201155,4.92983196,5.58204866,9.06607822,41.365
8,73.7925650598414,2.9671360157844657,4.5238356,4.52383513,4.82018417,135.35
4,64.27655053209716,11.370107264331601,4.49630871,4.49630871,4.49630869,146.833
2,25.92588083601494,7.260712589959372,2.95967829,2.95967829,2.95967829,72.655
2,27.408308361533148,6.868003924533721,2.77622617,2.77622608,4.10621682,79.812
4,66.73413092330323,10.624527844700598,4.55289536,4.55289536,4.55289536,81.931
4,57.0664970122542,9.491900382538937,3.8508382399999994,3.85066373,3.84848984,120.749
4,63.467514728847256,13.272644110644753,4.47736153,4.47736153,4.47736153,102.194
4,100.66286565583285,6.048505505974563,5.22149375,5.22149375,5.22149375,41.038
4,96.43353455612555,6.364007007057683,5.14731415,5.14731784,5.14731563,52.428
4,90.04115831789758,9.021051983882732,5.0309734299999995,5.0309734299999995,5.03097343,73.728
4,88.60625189606085,9.129902929352879,5.00410547,5.004105470000001,5.00410547,74.575
4,93.82463631775134,8.708019209564297,5.10047507,5.10047507,5.10047507,63.715
4,91.20022781670122,7.280253029141354,5.0524688,5.0524688,5.0524688,62.498
4,89.23242243918274,7.406644326061748,5.01586563,5.01586563,5.01586563,65.347
4,94.468403717686,5.713224532694016,5.1121139399999995,5.1121139399999995,5.11211394,55.755
4,84.52206261054846,10.724363614251196,4.92600704,4.92600704,4.92600704,65.291
4,92.70406712010922,9.907645466623373,5.08008831,5.08008831,5.08008831,49.81
4,100.64060345545246,9.251503310515213,5.2211088,5.2211088,5.2211088,41.737
4,92.63923504676112,8.585730055153814,5.078903790000001,5.078903790000001,5.07890379,70.817
4,93.92515398515704,6.891889699162212,5.10229586,5.10229586,5.10229586,61.849
9,205.9459846744335,5.333389016890306,7.3536905,7.35369002,4.39756228,53.023
4,96.32855520755615,9.464312231373428,5.14543596,5.14543684,5.14543764,47.688
2,27.239775719474153,12.315461362581253,2.74627658,2.74627672,4.17046502,113.442
6,100.37756828038766,13.138692646504214,5.21655633,5.21655554,5.21655614,135.254
4,57.212378196855774,17.187882130286688,3.85327292,3.85327598,3.85327598,182.434
8,118.64801801216241,19.209238096940375,5.5155884,5.51559028,5.51559167,217.916
2,26.358645309406047,6.9200978537781666,2.65230065,2.65230027,4.32660441,106.321
4,61.82198103842525,11.279915191291883,4.43832709,4.43832709,4.43832709,125.906
4,37.46631951235271,6.286704044015324,4.99886407,4.99886452,4.99886358,114.358
16,151.9261892406857,6.201423561530384,5.989389369999999,5.989389369999999,5.98938937,124.841
4,54.333228684608365,12.008501745524752,4.25134977,4.25134977,4.25134977,221.989
12,136.3622068466154,5.943440272352525,2.953141,4.747631,9.725969,104.541
3,66.9269587479061,8.080207616211439,4.55727633,4.55727633,4.55727633,53.85
4,63.1660266522331,8.978595048576725,4.47026071,4.47026071,4.47026071,107.809
4,57.710308939026405,9.625147659657252,4.33766576,4.33766648,4.33766648,149.879
4,80.89359274375671,3.958328445284999,3.906549,3.906549,5.300631,62.775
40,455.3895891828552,2.976412027831556,9.062025,5.398631,9.50047412,92.293
20,228.42519131570614,2.9668948568807094,6.730172769999999,6.730172769999999,5.41369888,105.957
4,76.60869512302665,6.368710242347011,4.76807247,4.768218049999999,4.76624249,74.156
4,69.50852722118584,6.905796390568941,4.61510143,4.615101450000001,4.61510136,99.243
4,69.2589532294042,6.8830414414275864,4.60960424,4.60960424,4.60960424,98.86
4,71.49861386809312,6.780166435153168,4.65862561,4.658874829999999,4.65887681,89.908
4,70.35479655758297,4.71476740143068,4.63378881,4.63378881,4.63378881,85.14
4,69.53559709953582,4.726479610328547,4.61573353,4.61573353,4.61573353,87.654
4,71.18276072995576,4.54549280785662,4.65189541,4.65189541,4.65189541,82.734
11,143.0244769010891,3.6425285411778345,4.92034217,5.54529464,5.54529464,88.172
4,69.80555552382509,10.605434059913488,4.62170387,4.621703870000001,4.62169953,82.368
12,130.196442808423,3.262258298217393,6.22070897,6.22070897,6.22070897,86.711
4,78.4339768076751,9.592168397204205,4.804775249999999,4.804775249999999,4.80477525,57.209
10,325.35521723213947,4.4158894847935395,7.48567053,7.48567053,6.70449,16.739
8,81.21445461161045,3.430721985564977,5.49377124,5.49377124,5.49377124,118.79
4,63.11894180066265,6.964723628440501,4.46914111,4.469141,4.46914084,91.829
4,62.384322142650866,11.7668355151176,4.4517437,4.4517437,4.4517437,116.125
4,71.36198046572291,2.6998580920086153,3.69088344,3.69088517,6.41325906,55.65
28,308.9999860523231,3.0949442829953537,4.864246,6.032788,10.529915,109.06
4,87.49582317026339,8.742700297971199,4.98311343,4.98311343,4.98311343,44.718
16,247.91663052541352,1.8768526040148545,5.72687887,7.175778780000001,7.17599665,52.319
12,116.0850607026124,3.0077248250717523,4.77771838,5.28261569,5.30391717,158.088
7,68.31213025868853,2.6698841625647836,4.66873832,4.66873832,4.66873832,94.759
4,48.261709068317714,14.432363908471027,4.08669727,4.08669727,4.08669726,230.966
4,41.23893628027559,6.13711851229479,3.8779973400000003,3.8779969299999997,3.87799647,149.838
4,51.54553819436165,7.9850171623871296,4.17737376,4.17737378,4.17737382,139.601
4,47.512505472432025,8.417154053116906,4.06544082,4.06544082,4.06544082,186.513
4,88.55119100568831,9.373865436098653,5.00306872,5.00306872,5.00306872,74.686
4,87.18817193627017,9.482564425917426,4.97726606,4.97726606,4.97726606,74.266
4,87.73402750082656,7.7360382683029805,4.98763145,4.987631449999999,4.98763145,66.47
4,91.66189833977549,10.117393775894405,5.06097993,5.06097993,5.06097993,50.518
8,173.6890213437345,4.23394436476613,6.873715149999999,6.87371515,6.87371515,50.115
8,195.77890178983594,5.347223639102117,8.18134761,10.85903812,7.13965376,43.726
4,99.770862146794,9.42136156011942,5.2060249,5.2060249,5.2060249,41.722
12,251.6625645070181,4.974479894320117,4.42796245,4.42849859,13.22088552,37.597
6,122.90407929227818,5.0929569404937345,3.13853384,5.18086578,7.84491741,34.696
12,174.3307136250243,5.455688160299287,6.04332664,6.043326640000001,5.546416,83.514
16,367.70675733781337,9.688308343019145,4.52840099,4.528402529999999,20.70527622,62.451
12,250.2507552627441,8.944628440372677,6.62479097,6.624790860000001,7.37951947,69.115
12,251.34795634203107,7.725503644031321,7.382345530000001,7.382345530000001,7.38234553,63.729
12,248.92400187781004,7.776243749561602,6.6782297,6.67822922,7.31105542,68.495
6,115.92829025561086,9.242249263976621,4.70135482,4.70135414,6.05637505,58.955
4,72.32591184721696,11.929192991893402,4.67666547,4.67666547,4.67666547,67.96
4,62.51208109045329,8.991502445175174,4.45477968,4.45478022,4.4547813,108.005
4,58.15979393976046,9.463678661455516,4.34889864,4.34889864,4.34889864,142.707
4,78.93473251193545,3.99239669293939,6.67641765,6.67641765,6.67641781,47.326
4,57.407563642379884,16.554691437475093,4.33006788,4.33006788,4.33006788,222.448
10,105.12489488979573,7.45208283164674,5.476847659999999,5.47684776,5.47684736,121.383
4,56.5853462707447,11.553415773778063,4.30929599,4.30929599,4.30929599,185.431
4,56.29759496506016,11.504189364555709,4.30197894,4.30197894,4.30197894,190.046
4,84.02155242366268,10.217772947024951,4.91672858,4.91672858,4.91672858,81.503
4,88.114473156057,10.686128899571798,4.99483043,4.99483043,4.99483043,52.714
4,92.85510157917663,5.790310656216855,6.88226803,6.88226803,6.88226755,40.551
8,187.27086132344817,5.742055975589029,7.05044509,7.05044509,7.05044509,46.042
4,97.01726368227405,9.835367722683914,5.157683319999999,5.157683319999999,5.15768332,42.072
5,57.23804068843266,4.436935885904514,3.853851,3.853851,3.853851,194.213
4,65.72504665144965,8.776558582903272,4.52983066,4.52983066,4.52983066,94.385
4,87.09585780584749,12.066881921271685,4.97550881,4.97550881,4.97550881,83.821
12,133.92080031161504,3.5882680819141926,6.04675013,6.24128628,4.14291439,134.345
8,75.08995496496284,4.744328156764736,5.15909965,5.15909965,2.963858,193.852
4,54.02621483355787,13.500455361487067,4.24332712,4.24332712,4.24332712,190.484
4,36.9170593083882,3.904592769532218,5.2870804399999995,5.28708044,5.28708034,132.322
8,68.88277268527179,4.185257858493413,5.72183673,7.65708905,5.08816778,170.849
8,74.69627184854923,3.8595254965385326,2.90057866,2.90057866,10.251775,129.822
8,73.3192729299066,3.9320107002623605,2.87694882,2.87694882,10.228768,140.834
32,337.337503578416,3.2641744031190925,6.37336714,7.21456543,7.33644242,97.252
4,57.32147245630211,12.890457991898788,4.32790227,4.32790227,4.32790227,148.971
4,53.48724100329115,8.09105168793867,4.22916924,4.22916924,4.22916924,154.975
4,63.21915110355386,3.1240722523416546,3.43830024,3.4382998100000006,6.17490758,65.258
4,64.79383345266207,3.048148029758108,3.51214395,3.51214334,6.39536064,60.842
4,95.41424151761322,5.395215509654542,4.00214489,4.00214617,6.87854798,35.309
2,40.69982827781539,8.62195913866903,3.43978152,3.43978152,3.43978152,26.903
10,268.5274785809582,4.596121938979347,7.24160075,7.24160075,7.24160075,22.841
10,157.2461070112483,6.80617187139542,6.05849797,6.05849797,6.05849797,41.494
4,103.68029664076982,9.931348569530089,4.69762631,4.69762631,4.69828436,26.317
4,64.80045755388612,10.869389173763075,4.76894928,4.76894928,4.76894928,94.163
4,91.94407847580322,6.714662025668041,5.066168,5.066168,5.066168,53.804
4,90.27519898014265,9.96552991852348,5.0353286,5.0353286,5.0353286,64.88
4,84.59690719990938,11.32692379479638,4.92746061,4.92746061,4.92746061,54.296
4,91.69768550901361,7.343339184104406,5.06163849,5.06163849,5.06163849,38.577
4,47.9672955908559,7.19621381122578,5.39470475,5.39470475,5.39470373,93.296
4,69.33301104966539,9.309804710862291,4.6112505,4.611246899999999,4.61125051,82.224
4,69.87794428701359,13.451123591175387,4.62329607,4.62329607,4.62329607,103.456
4,62.66129657680651,10.114774165199773,4.45832227,4.45832227,4.45832227,103.934
12,120.67809613071307,4.151250796909556,5.80755174,5.90380186,4.08703214,147.437
4,51.12577478766198,14.366214147921402,4.16599194,4.16599122,4.16599122,223.046
16,179.76813243281472,3.173721524049369,5.43008986,6.59235818,5.02186339,80.75
4,50.5941403410197,8.654625931359995,4.15150005,4.15150365,4.15150795,179.191
4,63.48084709686784,3.1916165648740704,3.48119139,3.48119139,6.048619,64.697
4,63.625479847556,3.1843614167160426,6.31470855,6.31470855,6.31470827,61.175
4,97.73923720198098,3.597255160655202,5.17044863,5.17044349,5.17045011,50.306
4,83.96128897094697,7.455494339369376,4.91508876,4.915088760000001,4.91508876,80.823
4,83.30096931549117,7.474984128465732,4.90216712,4.9021693200000005,4.90216639,80.346
4,88.1190040061708,7.1577486295178305,4.99491604,4.99491604,4.99491604,71.412
4,85.22146550889704,5.605016021994306,4.93955697,4.93955697,4.93955697,94.264
4,84.08688071035034,5.644397272496029,4.91753825,4.91753825,4.91753825,70.948
4,79.5897582552687,10.218636456221798,4.82826088,4.82826088,4.82826088,70.268
12,141.88045363356267,4.0223694637693646,5.13609687,5.150944679999999,6.46978858,79.743
9,183.89608722242178,4.564191678845321,7.08506173,7.08506121,4.23013885,59.504
4,87.99254775377764,9.379572745600012,4.992556650000001,4.99255665,4.99255667,52.184
4,81.09398002401188,3.2758018470556793,6.53637511,6.53637511,6.53637485,48.397
8,163.7664805773043,3.2442268846628615,6.7514175000000005,6.7514175,6.7514175,53.265
4,81.91062995632569,3.2431420645818063,3.923659,3.923659,5.320565,69.089
8,185.85838208911335,4.534525309918148,7.02634936,7.02634936,7.02634936,45.569
9,180.75884561668633,3.4155093496415323,7.03490782,7.03490725,4.21747125,62.422
4,97.33204339251134,8.608987536081859,5.16325546,5.16325546,5.16325546,41.8
4,83.40562464525215,9.14710169258474,4.9042219,4.9042219,4.9042219,33.235
4,78.90615921423185,9.59473599203398,4.81439775,4.81439775,4.81439775,41.92
4,97.09824397354397,9.532526845554454,5.159117959999999,5.159117959999999,5.15911796,25.992
9,204.72026250591276,9.421576096674041,4.6741152,4.6741152,10.82010174,30.798
4,55.736715485280044,4.310982467852477,4.28764475,4.28764418,4.28764443,41.652
4,58.25248064463393,9.541651763840862,4.35120763,4.35120763,4.35120763,80.793
4,53.550684805764234,10.232138800715493,4.23084072,4.23084072,4.23084072,116.817
4,48.6955782028928,6.699106929666156,4.09890804,4.09890804,4.09890804,41.35
4,55.00588760843602,7.371370355773181,4.26882212,4.26882212,4.26882212,87.893
4,55.052972266724474,10.039399919023188,4.2700398,4.2700398,4.2700398,104.433
4,52.99880488593435,7.540411630265989,4.21625651,4.21625651,4.21625651,102.513
4,54.602229153021156,6.1786561975129874,4.25835428,4.25835428,4.25835428,56.751
4,60.75524395966196,7.873867196420625,4.41265109,4.41265109,4.41265109,65.489
3,51.473403546329294,4.751002045595218,4.1754108,4.17541132,4.17541176,53.606
4,60.23032941683495,12.855340080726783,4.39990614,4.39990614,4.39990614,86.57
9,144.396011012409,5.002109641007058,4.22611472,4.22611521,9.33559424,52.042
3,28.78282863093392,4.982091095066595,3.4399301400000004,3.4399298900000006,3.43992825,112.773
4,37.74307975541261,4.5909146873492865,5.139917990000001,5.139917990000001,5.13991777,101.841
8,75.28436583220353,4.603220264380557,5.2107664,5.2107664,5.2107664,94.162
3,46.298836341116626,3.7057765833397984,4.03052612,4.03052617,4.0305247,63.12
7,153.98989710263356,2.4972669750676393,6.13202561,6.1320256099999995,6.13202561,31.32
4,53.71993009838718,8.815520351533602,4.23529318,4.23529318,4.23529318,109.393
6,121.38612603714841,5.3107756082341355,4.42299786,4.42299786,7.16481418,46.251
4,71.55702200843646,8.855478528153064,4.660034,4.6600340000000005,4.660034,131.667
4,71.44719924215423,8.822909610044146,4.65764877,4.65764877,4.65764877,134.753
4,72.40205367992692,8.614283717521003,4.67830603,4.67830603,4.67830603,126.874
4,72.04957099796366,6.623504565923613,4.67070171,4.67070171,4.67070171,117.351
4,71.0913906856301,11.494333927229784,4.649904170000001,4.649904170000001,4.64990417,103.353
4,61.19343155792571,13.095760014097946,4.4241289,4.4241289,4.4241289,164.912
8,84.86503462789089,5.09378394074334,5.432239,5.432239,5.432239,158.131
4,65.24640337711577,12.428210340668683,4.51880768,4.51880768,4.51880768,139.016
4,60.41536611984705,8.354894730137302,4.40440726,4.40440726,4.40440726,137.351
3,89.06653368041692,9.786151787860806,8.7199729,8.7199729,8.71997314,44.851
5,74.93504797039968,9.708466470847638,3.88137815,3.8813774700000003,5.68102702,133.386
5,75.04621333789699,7.926514666114679,3.8833030200000005,3.88330297,5.68382194,121.177
5,55.001378681944644,9.307208944484762,3.43845201,3.43845205,5.24913037,187.743
13,185.6000151234152,8.41395140289681,5.13106811,5.131067229999999,8.14010512,141.054
5,76.82162502414776,9.459680429195439,3.9858540600000003,3.9858539599999996,5.59691969,113.636
5,71.23871210700868,8.123940337638292,3.88696805,3.8869685,5.45772488,128.686
5,81.43838867288248,12.470560751793268,4.15612312,4.15612323,5.5556185,179.764
5,82.48076142499683,8.93836092203597,4.0663554,4.0663549,5.75756505,136.258
5,79.01474106800065,9.18272813171777,4.00530469,4.005304019999999,5.68157556,158.887
5,80.53466828980153,8.93373080167799,4.14426689,4.14426719,5.52946003,160.669
7,119.97112733277093,7.607002357938675,5.42855817,5.4285581700000005,5.42855817,98.232
11,110.42266508156382,8.885672668980721,3.4057525,5.7135941699999995,5.71359683,202.613
4,91.12194173564576,11.99805392584726,5.05102271,5.05102271,5.05102271,73.413
4,82.00580521799338,13.220320680673451,4.87663234,4.87663154,4.87663216,99.763
4,78.94572463651167,11.755280313230122,4.8152023,4.8152023,4.8152023,98.781
4,84.67960963929468,8.673837546205183,4.92905142,4.92905221,4.92905173,67.89
4,92.26037443043124,10.262924923720883,5.07197071,5.07197071,5.07197071,66.319
4,97.3252300800274,9.847412740221737,5.163134979999999,5.16313498,5.16313498,59.863
4,69.85449690218012,12.121920170418537,4.6227789,4.6227789,4.6227789,118.848
4,76.80268172890271,13.157669435362155,4.77120053,4.771199479999999,4.77121293,101.128
68,891.3275589521551,8.514447500767162,8.700447,8.700447,11.774818,128.894
4,89.54295192186648,13.861920640686733,5.02167731,5.02167731,5.02167731,82.566
6,156.16802760388254,9.883442407510065,5.24222883,5.24222847,6.56189965,58.376
4,94.00638111949677,10.11482627486846,5.10376627,5.10376627,5.10376627,69.509
4,97.28420310906901,11.356688443597648,5.16240938,5.16240938,5.16240938,65.863
4,72.74036939848007,14.683642787111129,4.68558154,4.68558154,4.68558154,137.722
4,99.2590507478325,9.61651361016122,5.19710756,5.19710756,5.19710756,57.128
4,98.35665855089256,8.25666779853654,5.18131013,5.18131013,5.18131013,55.4
4,85.66609057052943,9.153812251092496,4.94813244,4.948132440000001,4.94813244,79.162
7,98.19298199646677,9.771940981561999,5.84277083,5.84277083,5.57852736,167.213
9,209.79075826853648,8.872065361323905,4.2965180400000005,4.35090524,11.42627665,65.165
40,540.2615681278796,9.78462291398644,8.88673007,8.88673119,8.88672962,156.458
5,61.556370221868285,10.734582992785695,3.53161322,3.53161377,5.69896531,155.662
4,75.21400498691344,12.306542247214628,4.7381038,4.7381038,4.7381038,115.779
10,234.79907718707088,6.310200560864923,7.172347449999999,7.172348340000001,7.17234772,76.765
4,94.23436684649546,11.668618683600966,5.10788885,5.10788885,5.10788885,65.545
4,98.86886262541618,11.197948080976557,5.19028866,5.19028866,5.19028866,60.239
4,97.77566260037369,12.82070641838964,5.1706901,5.1706901,5.1706901,63.57
4,85.65040404217208,10.14370741869162,4.9478304,4.9478304,4.9478304,69.957
4,84.16462854769227,12.080656436592154,4.91905339,4.919053389999999,4.91905339,80.916
4,82.71816042635419,9.737535746118017,4.89071049,4.89071049,4.89071049,68.94
4,88.98280129333618,11.494140389730537,5.01118409,5.01118409,5.01118409,70.073
8,197.98167470307632,9.257649913048342,6.60912331,6.6091222499999995,5.23367467,53.348
5,97.53574743683536,9.634223493137569,4.60314447,4.60314447,4.60314447,99.463
5,100.43207455697862,10.808669142756898,4.64826427,4.64826427,4.64826427,95.187
9,161.3634171591395,8.821649629009965,3.853486,6.95361008,6.95361008,92.061
22,291.0269188939568,8.946030272387121,3.5834429,6.2574248500000005,13.45768037,128.084
38,652.3729253099793,9.797475110985113,12.48991695,12.489887859999998,4.1819404,141.033
9,233.45973946843387,9.881463215964294,7.93307609,7.93308412,4.2834911,64.762
11,271.6409215573526,9.76462492344304,9.14560189,9.145601890000002,9.14560189,66.909
9,257.1302613648046,9.863487424258286,8.96265292,8.96265079,3.69614945,49.878
4,61.076568853114196,8.559651713272409,3.3736053199999994,3.3736042599999996,6.49553494,115.236
6,136.41243157451655,9.775963742322991,4.64517257,4.6451735,7.29994294,74.223
24,234.41752594520696,6.947463302690828,3.4929671,5.88374911,11.40621195,182.221
12,117.17911036092521,6.949221384236499,3.48712399,5.88162239,5.88162239,181.461
6,114.54272046928826,7.961483616851983,3.97962631,5.47676493,5.64080916,84.386
6,110.47835262584792,6.91502903868213,3.94494845,5.38789836,5.58551987,93.387
12,148.50448989595182,7.0195897600136465,5.79207699,5.7920766,5.79207585,136.399
2,42.751947344780625,14.446364685718894,3.49664842,3.49664842,3.49664842,96.113
8,151.31293769664617,16.809555189632594,4.93174915,6.03500805,5.08390271,112.13
13,103.07201982983689,4.908845238466845,5.26282095,5.26282095,5.26282095,213.636
6,79.26304907033051,16.19916524422881,3.13407479,5.40421225,5.403895,251.607
6,79.98424057166943,15.929347420886259,5.51970547,5.51970547,3.031391,264.273
6,77.12344021643263,10.761135185075847,5.43878729,5.43878638,3.01059029,227.908
20,194.54182599949704,7.450282506735365,3.9583842,7.01047624,7.01047624,181.742
5,70.83095591674123,11.59277643494267,4.13754512,4.13753698,4.13750443,188.744
8,323.5111646868691,4.25698248298276,10.14080839,10.14081061,3.6325645,3.474
4,68.85098237172927,11.894668378731177,4.60053543,4.60053543,4.60053543,128.593
8,269.3588553990911,3.468627852689963,9.46366212,9.46416949,3.47256959,3.289
6,87.5569004718946,11.107320660245962,4.98423965,4.98434142,4.98427449,191.768
4,64.0117873889964,10.675906821627882,4.49012382,4.49012382,4.49012382,127.341
24,216.47273574470353,8.50377322462684,3.30037454,5.82012594,11.26957648,218.149
6,127.58641301365736,11.601922689782239,4.51487457,4.51487457,7.22740498,72.224
6,103.99420866755068,8.513882275515662,4.0622906,4.0622896,7.27673599,100.492
6,122.03756898371917,9.721313735706167,4.45043124,4.450453229999999,7.11460011,78.999
6,93.45647190264623,10.18667061121793,5.09379281,5.093774179999999,5.09381271,113.817
8,133.5093004849044,9.281117522357851,5.33445873,5.33445873,6.586072,103.459
4,72.90460607992519,8.749417493311109,4.17751793,4.17751793,4.17751793,68.978
7,119.38826686933753,8.102046079584062,4.205297,4.205297,6.751003,87.39
4,63.6665040566544,9.696755700169298,4.48203593,4.48203593,4.48203593,94.234
10,121.21093894456745,8.019411372337258,3.45791145,3.45791145,11.705323,172.4
4,67.94742036614059,11.181387550977028,4.58032179,4.58032179,4.58032179,115.558
4,62.91115371652699,11.890967926900485,4.46423519,4.464235319999999,4.46423542,149.694
6,118.84995134080913,12.422921036236334,4.38630369,4.38630454,7.13297831,95.16
4,69.1601233543771,13.33992017838636,4.60741062,4.60741062,4.60741062,163.884
8,419.68813704644504,4.397212831090193,11.125407590000002,11.125222600000003,3.9153464,2.849
4,95.68967898457427,9.013708404816974,4.57391791,4.57391791,4.57391791,54.557
4,68.12348388447806,10.161555251754963,4.584275,4.584275,4.58427427,89.584
9,186.3311439000142,12.96311342735405,7.55683787,7.55683924,3.76768429,118.324
4,68.96887203222883,11.93228910595946,4.60315824,4.60316112,4.60316039,138.075
2,36.87485556230985,16.53493602034676,3.32846077,3.32846077,3.32846077,147.522
6,103.91323651378532,17.878515709010493,5.27709998,5.277099920000001,5.2770987,365.57
8,192.23609920288888,4.282418829645516,6.55262967,6.55262993,5.16998467,41.172
12,205.21049695408743,8.350515899394987,4.012262,6.792237,7.530043,103.621
2,26.35460625071788,11.906769118958843,3.3403385,3.3403390599999994,3.34033857,178.449
4,67.30581307421406,11.595960954287241,4.5658593,4.5658593,4.5658593,182.535
6,85.24131069391981,11.390367015598963,4.93987957,4.939863170000001,4.93986859,72.924
4,63.44788736641671,10.75823842292366,4.47689993,4.47689938,4.4769005,100.82
3,63.887466261306855,11.504953708630117,4.48721519,4.48721514,4.48721493,82.386
9,177.84151410562887,12.349184977781203,7.36751484,7.36751365,3.78321071,86.727
3,59.97897883319779,9.839938451311372,4.39377752,4.39377768,4.39377719,96.168
12,207.94226510084675,17.741621367560505,5.23506658,5.23506814,8.7612803,218.705
2,42.13410652725704,8.116291274930184,3.90585617,3.9058558100000003,3.90585654,86.563
12,234.94654661680966,4.6623817776488865,4.90578248,5.28647518,9.27920104,68.608
4,78.42289068633241,16.652693200493612,4.804550169999999,4.804549879999999,4.80454955,159.674
4,77.12400583501473,12.961584282601047,4.77787583,4.77787583,4.77787583,138.404
2,39.63881825220542,11.787791048997656,3.40962722,3.40962722,3.40962722,102.592
4,66.11233831376448,12.413465675956276,4.04353158,4.04353158,4.04353158,134.504
4,66.22294623114654,19.062476411560844,4.04578667,4.0457836,4.04578565,182.998
2,36.76448423795266,12.550649138500415,3.32513661,3.32513661,3.32513661,122.628
4,72.35532011187233,13.493968918330289,4.67729924,4.67729924,4.67729924,129.632
5,69.7069388222414,11.808287657503778,4.11552588,4.11552588,4.11552588,205.343
12,203.83377174226638,12.288462334985425,5.17159066,5.171589639999999,8.80029776,178.59
2,38.33477930650909,8.967958880573812,3.78473832,3.7847395300000004,3.78473948,104.585
6,170.0124448395273,5.605100717531142,5.25243301,3.94105128,8.2131188,11.68
2,56.151831960089226,8.774901176040666,4.29826268,4.29826256,4.29826182,63.1
3,68.12774883810572,11.98735308229981,4.58437081,4.58437061,4.58437054,104.751
4,67.3694961502063,12.296190279469334,4.56729888,4.56729888,4.56729888,168.296
4,69.99198708474265,10.100410393895713,4.62580982,4.62580982,4.62580982,130.571
4,79.80830898511724,8.449661785335044,3.74435116,4.15457397,5.53492346,97.309
8,123.25763438011585,7.809274703675807,8.49554004,8.49554004,3.85326589,128.819
12,204.0561791626465,12.866269479236115,4.14875409,6.66960246,7.37449199,158.407
12,204.40703074380082,9.942030087710833,4.16116007,6.70392467,7.32744018,137.113
6,139.33998281059593,11.694171318311522,4.6669659,4.666965900000001,7.387132,79.222
4,69.47899703585543,11.93769878440648,4.61448083,4.61448083,4.61448083,142.714
4,68.40763131173193,12.035550475104772,4.59064083,4.59064166,4.59064237,156.439
12,141.16309522683196,9.879084578680311,5.02917513,5.20097356,5.42305868,138.592
12,139.823080095065,9.973762244302016,6.38930251,6.389302510000001,5.0103483,161.12
4,67.5147606832985,18.111287742648578,4.57020507,4.57008145,4.57064926,218.717
4,66.7629784296798,13.880026814823854,4.5535513,4.5535513,4.5535513,190.885
6,169.9545381859311,8.405884506345476,4.415898,4.415898,8.715548,60.626
4,127.17257751573909,11.374027009965397,5.02881203,5.02881203,5.02878037,51.667
4,134.80898006899824,7.8162119749411465,4.37498651,4.3749861,8.51592536,30.603
2,41.270660194817765,9.671610227374904,3.45578837,3.45578837,3.45578837,67.899
4,67.35664730163927,11.173104731436519,4.5670085,4.5670085,4.5670085,111.102
4,62.896576506770074,11.779829470757562,4.46389532,4.46389532,4.46389532,138.683
4,70.48073578048388,11.03396430350139,4.63655208,4.63655208,4.63655208,156.979
1,22.28502508398385,1.8110548190096818,3.07051787,3.0705184199999995,3.070518,36.66
2,44.79899629759269,1.8017993886291304,3.17202372,3.17202285,5.1412049,36.448
4,90.18811801831822,1.790009724425257,3.17682632,3.1768260100000005,10.31886201,35.997
62,485.0670385376393,2.6084050667375642,7.15724024,7.15960954,10.93054543,189.975
5,57.98234585223817,2.9294377578799695,3.39064637,3.39064637,5.823716,132.844
11,143.28606601314016,1.0004949819734583,5.23272854,5.23272854,6.042504,17.913
7,154.93360304858493,2.2135155593843785,3.71523172,3.71523172,13.13743066,21.873
7,182.84111878741933,3.5792378864647842,3.9222497899999995,3.9222497899999995,13.90932297,18.423
5,96.45194795243103,2.3145342817778234,4.08337656,4.08337656,6.679463,62.188
11,167.2506504196506,9.346881418470689,7.28400104,7.284001209999999,3.63996487,172.795
30,217.59510065508027,2.7176432636511354,6.89707829,6.89717503,6.8971559,228.181
40,380.0877966132525,2.4447414948526935,7.19993164,7.19993164,7.40738216,157.751
10,91.61113294768761,2.5357627893275723,2.76529629,4.6147737,7.17887141,145.308
22,341.64305475427915,0.5248364722402348,7.69764508,7.69764508,7.69764508,14.053
5,79.58497646981374,4.009677010051843,3.78496997,3.7849859,6.41449385,76.107
5,37.9278764763791,3.0797112490746703,2.94091868,2.94091717,5.06363173,184.695
11,122.74746026074115,6.788386533395413,6.50416725,6.50424906,3.35038078,203.708
14,156.8343812966672,4.561131884185861,6.5750106,6.5750106,6.5750106,60.487
14,145.74805458337178,5.189577991595096,5.90707686,5.90707688,5.90707663,162.924
5,39.38235960454296,2.4590224684186035,3.14134,3.14134,4.61308521,51.731
7,252.4048213957766,5.028501775277969,6.28688923,6.28688923,7.78313777,21.234
11,155.0642860795569,8.198945229774049,7.11157112,7.11157112,3.540381,204.177
10,112.63224444285156,10.401985609936034,3.19415951,6.103436739999999,6.10343689,187.744
11,178.6137282099467,4.878171671625076,5.74830642,5.748322380000001,6.24193643,16.491
28,427.5114740346541,5.155458271568627,8.47705802,8.47705802,5.94918486,49.538
10,198.82576416898783,4.237046756441213,3.79669139,7.23658523,7.23658523,69.339
14,349.5777726945892,4.085649683062389,7.90714318,7.90714318,7.90714318,57.484
27,530.1861806624462,2.1726835868491405,8.8311399,8.8311399,8.8311399,48.999
32,619.3515001133475,4.786373299400527,9.639324520000002,9.63932506,9.63932504,60.24
29,568.3690028194237,2.1531023277829693,9.03824463,9.03824463,9.03824463,49.768
4,70.23155563578183,8.356768440009947,4.63108155,4.63108155,4.63108155,73.054
4,64.09257534116813,9.034150986486479,4.49201199,4.49201199,4.49201199,99.15
4,66.03316381088683,8.840751140250816,4.5368982,4.5368982,4.5368982,84.193
4,64.26527646643275,6.702169373160605,4.49604828,4.49605115,4.49604041,88.2
9,213.7808019844114,3.8633376751004374,3.88728656,3.88728628,16.33597408,16.399
58,801.1882929554336,2.424741042144766,9.9346453,9.9346453,9.44016,123.273
39,548.6147362179605,5.128527896852752,8.18632828,8.18632828,8.18632828,101.138
11,130.06396320508654,3.9635321014651677,4.78271541,5.3790814199999994,5.37908066,103.919
54,406.5429782996535,2.6147943911690006,8.94822219,8.94822219,5.07730141,208.857
12,141.32701216919355,3.3516080714713246,5.76141339,5.800245049999999,4.89437305,124.288
12,211.91798588627324,3.515311247130061,5.1713203,5.1713194,9.46386812,56.418
6,106.17945007629719,3.508012514285311,5.21466743,5.21466743,5.21466743,59.925
12,167.07781515263713,5.313903833080116,4.9717611,4.97176049,7.8049063,96.222
9,64.16513448929237,2.8597142731684393,4.49370638,4.493706689999999,4.49370709,76.609
18,353.790714215632,3.332420469171741,7.64864885,7.64864804,6.98307274,45.747
14,259.54918620812975,5.082717779148146,7.01949303,7.01949332,7.01225108,51.099
3,64.57586854495348,3.11788856492716,4.503273790000001,4.50327473,4.50327413,49.429
7,59.086255094521015,2.7716960182077544,3.05456753,3.05456753,7.31234046,62.075
9,73.03246278976333,5.56801014483403,4.69184491,4.69184491,4.69184491,76.044
9,71.71444167800433,3.6058543339398548,4.66344873,4.66344873,4.66344873,75.094
12,250.21321410033997,6.615259509178761,4.63206195,6.16307759,8.76472405,44.345
9,202.51962463755737,4.020033803259337,8.35892804,8.35892987,3.34684205,6.144
10,120.05997854528036,3.6392296922438128,5.457030850000001,5.457030850000001,6.1834503,109.74
8,87.66575292024562,3.0918588607989785,4.17460388,4.17460472,5.8325128,104.566
12,162.4713880861272,3.7516697456969306,5.9178524,5.9178524,5.304617,118.753
18,300.36648342975303,3.5592816993435634,5.15114353,5.1511439,13.07114086,71.061
6,75.49821637257483,5.623179166522599,4.57975792,4.57975774,4.57975821,125.782
28,265.92164758672516,2.7809151244697423,7.78707425,7.787074249999999,6.41968976,52.729
11,116.55789897734914,3.170600128025882,4.4980246,5.24366486,5.24366489,117.085
12,129.06964418028844,3.128976841378705,4.70687708,5.61704675,5.61704662,149.391
3,79.58774365387632,5.337285362276206,4.82822023,4.828220150000001,4.82822022,34.401
24,434.24837730684163,4.742601429186488,8.49997623,8.499976830000001,8.49997709,68.21
4,65.91591225873337,8.867419639980056,4.5342113,4.5342113,4.5342113,88.039
4,62.054689495600655,9.368800010143849,4.44388899,4.44388899,4.44388899,106.503
4,60.15119434173318,7.120589702310363,4.39717597,4.39717597,4.39717597,106.207
6,111.90333166393563,7.232374619133989,5.27242333,5.27242171,5.27242297,70.693
4,59.66959974234481,9.645481342314106,4.38620953,4.38620953,4.38620953,120.332
3,50.851026678684036,4.947735055316277,3.17190128,3.17190059,5.52959098,63.8
4,63.184603288684855,9.158371822779229,4.47069889,4.47069889,4.47069889,100.755
12,162.5637202139602,4.3390008353356935,5.92263493,5.902695339999999,5.36341864,114.786
3,63.69904843996826,1.9993371530561797,4.48279871,4.48279896,4.48279971,54.228
6,77.51772961891041,5.414811909315837,4.63921646,4.63921607,4.6392167,124.71
28,288.8118045870756,3.2356903085937536,4.75094062,5.96986766,10.18288019,119.124
28,278.40016104101096,3.356699053676955,7.69256142,7.69256142,7.69256142,156.143
14,135.50429479867356,3.4482506938186774,5.76531029,5.7653102899999995,5.76531029,173.178
8,134.29975384914178,6.72079382049332,4.26854967,4.26854838,8.51106774,98.07
3,77.23947969026567,3.5971422661811387,4.78025919,4.780259029999999,4.78026042,40.919
12,158.6254147653973,5.685921725914358,5.8737671,5.9390058,5.27029013,122.385
28,300.33032294401676,3.549083425971365,5.98006395,5.98006395,8.3982254,146.153
9,207.81098697070306,6.064721576307572,8.05503885,8.05503738,3.69830434,35.591
4,100.21588310175152,7.625227960415652,5.21375379,5.213753789999999,5.21375379,35.144
12,144.36430080730062,3.2568324930040617,5.72470112,5.799426759999999,5.04314691,128.676
39,595.1853299061726,6.428963918970298,8.41170576,8.41170576,8.41170576,68.686
4,65.25387273680137,5.609591530147071,4.51898011,4.51898011,4.51898011,72.28
4,64.61500057215657,5.574736579220216,4.50418393,4.50418393,4.50418393,84.27
46,785.017948477736,2.768136543295401,10.35482037,10.354819910000002,10.35482064,79.394
8,157.9566298420932,3.801012555211907,6.1117359,6.11173671,4.88295597,47.879
4,82.18839218079874,2.018315491928177,4.34780604,4.34780604,4.34780604,44.909
80,774.655452923314,3.456549654769508,10.02097913,10.02097913,10.02097913,158.13
40,944.614747895284,3.1326946342641726,10.70595814,10.705958859999999,10.70595736,49.199
5,105.95108052335416,3.4912215354024676,4.26097949,4.26097895,6.73838534,53.676
24,465.40434661382596,5.77754237879241,7.98189552,7.98189511,8.43505116,57.636
24,474.94720357782904,5.661457348479673,8.02805334,8.02805351,8.50930735,57.457
96,879.147113170449,2.961930158525308,8.53478917,8.52864255,12.0778281,133.058
4,96.25786680985252,4.862961756398683,4.58295308,4.58295308,4.58295308,40.241
8,193.4963015135484,4.8383180596974364,6.38063716,6.38063716,5.48799833,39.454
5,140.25460959440275,5.811705199883067,4.67597049,4.6759711,7.40701023,36.731
8,170.0525847092733,3.619363551724787,6.30025307,6.300261640000001,4.94693497,39.972
4,85.5377788198974,3.5977210038926395,4.40608282,4.40608282,4.40608282,37.897
4,87.93448574595946,3.4996629692669616,3.182086,3.18208567,10.02786073,38.741
4,86.49094464902045,3.558072636800055,5.35298423,5.35298423,5.35298423,38.235
4,76.20032893053957,2.973724983398015,5.64711411,5.64711411,5.64711411,44.71
4,80.49130871988876,2.942627912000711,5.26692802,5.26692802,5.26692802,40.626
4,79.76565925190006,2.9693977826299838,4.304658,4.304658,4.304658,41.632
12,98.00402934806118,2.659189084743071,3.08191121,3.0819109999999994,11.91430715,54.791
8,173.2205090858076,5.2437871293864635,4.82885601,4.82885601,8.57788458,42.628
24,516.1427684071064,5.279536196311588,9.9608901,9.96089055,9.96088894,40.607
4,82.58818698872784,5.499161013268784,4.35484442,4.35484442,4.35484442,40.931
4,88.55145864759722,3.520416103659712,4.457232,4.457232,4.457232,39.204
4,89.25539982822139,3.4926512191477608,5.44197793,5.44197793,5.44197793,38.832
8,146.23499135834354,6.021295455094617,4.54296733,4.54296856,8.18165857,76.899
24,436.9964210511122,6.044837301348103,7.85811571,7.85811591,8.17167559,75.799
40,489.8270105488271,2.7372202472183425,8.60101094,8.601010649999997,8.6010068,110.105
7,74.14889849206621,3.22296967222781,4.20115045,4.20115045,4.20115045,108.207
4,93.82430558879032,4.9575842674405965,5.587358049999999,5.58735805,5.58735805,36.348
24,459.86526922204865,3.8853915769095906,8.01039003,8.010390670000001,8.2753602,76.484
24,449.8876004238116,5.935119921228265,7.89616861,7.89616978,8.33183248,69.596
8,151.11362737172374,5.889909701350512,4.58684741,4.58684802,8.29362388,69.824
24,441.7083620303542,3.96583131944854,7.88328608,7.88328598,8.20711283,65.593
20,329.27423095861525,5.5484399404361,6.90535348,6.90535348,6.90535348,105.762
5,131.17915689272803,4.005611049195794,4.57251605,4.57251781,7.24475274,42.369
8,180.97300835972106,2.163076761990706,6.406378,6.406379759999999,5.09164368,43.21
18,184.3390185613739,2.496247966663765,5.3713876,5.371387599999999,7.377575,63.515
21,233.75151869377166,2.694251924692591,5.328321,5.341321979999999,9.62336436,54.317
4,87.87564842706227,3.6210350054589355,4.44586173,4.44586575,4.44586475,41.535
8,178.50861129602154,5.159019024931053,6.31400941,6.31396724,5.17040739,34.56
8,78.29692376803489,4.290882771866488,5.23724774,5.237247740000001,3.028076,155.464
11,94.21224688153113,3.1590712410171213,3.01744719,3.01744666,11.94787779,88.485
30,323.29019427005426,6.19559970206725,5.15875743,5.15875758,14.02729245,148.83
6,136.6539807967171,2.842653140157928,3.14899864,3.1489986399999994,15.912806,38.04
16,344.00307987152274,6.982842167012337,8.22667506,8.22667412,5.86925634,42.841
28,527.3614039402476,4.211352151530189,8.63939111,8.6393904,8.15856745,62.662
28,504.72815359007893,4.307698810123845,8.51484029,8.51484177,8.03847817,112.559
24,208.8190608528157,1.8618052226696,6.65929691,6.65929691,6.65929691,63.812
28,541.950981237415,2.2010107532968637,7.1346004,7.13460105,12.29390938,58.465
2,36.06579560447974,6.085510073619876,3.30393762,3.30393762,3.30393762,63.271
4,69.85153515696045,8.270648339426826,4.11836959,4.11836959,4.11836959,77.693
8,139.67657430108812,8.272217243916597,5.79715843,5.79715851,4.7991312,76.915
10,118.96793813779726,5.280776311049838,5.52601478,5.52601478,5.52601384,80.974
3,69.07578142631527,6.104397095321706,4.60553692,4.60553692,4.60553692,58.085
2,38.60823461347134,2.2058325615659746,3.379818,3.379818,3.379818,48.424
2,37.65834474504176,2.2614722349469845,2.99383628,2.99383597,4.85148299,48.143
8,129.3496275923715,3.6411054302459394,3.98317563,5.01862835,7.04954201,76.205
14,131.8976833257346,3.5821359284006293,5.7136991,5.7136987,5.71369965,182.861
4,68.9579574363692,2.5344587560614644,5.03442744,5.03442744,5.03442744,65.112
8,138.2371845752997,2.5285685550043806,5.84872623,5.84872623,4.66628945,61.207
4,67.22032847322401,6.59624896090395,4.56392546,4.56392546,4.56392546,80.359
4,55.67004895529896,12.996772789927563,4.28593454,4.285934540000001,4.28593454,188.646
4,59.11726661821505,7.41902428128787,4.37263387,4.37263387,4.37263387,124.171
4,55.2190308335359,7.731401673011402,4.27432879,4.27432879,4.27432879,155.745
12,215.15644836236993,2.450316912708021,3.973346,6.668385,8.120398,67.736
20,469.7396236555229,4.581264603631754,5.42958383,5.42958383,15.93397421,43.341
7,111.20040654992806,16.047537234324956,3.94990924,3.94990924,7.12741656,182.409
2,35.07943275065701,10.474231090833296,3.27353901,3.27353901,3.27353901,81.405
32,552.409034756592,14.7944206134444,5.75816823,9.51989267,10.48051471,111.519
8,138.5912931981126,14.742216885106506,5.78874682,5.788746650000001,4.77569131,109.614
3,28.60271013835364,2.6663060055986194,3.06276222,3.0627619100000003,3.52087048,147.434
20,177.51255307952263,2.5275452720513303,4.37815396,5.46947776,7.41296893,158.697
32,251.90496081634518,2.6362961118467454,5.95848611,7.24717799,7.24717799,183.359
22,173.35858133020002,2.597931568033207,7.37646905,7.37646905,7.37646809,208.317
28,257.3556619704947,1.8255315951887665,7.13974847,7.13974725,7.1397074,99.848
2,56.328836743729624,6.877108481238993,4.808042199999999,4.808042199999999,4.80804242,39.702
8,113.37582319852324,5.086314252934212,5.662155909999999,5.662155900000001,5.66215548,15.823
3,82.49849009956094,3.7058475764478866,3.85746916,3.8574695099999996,6.40192218,7.41
4,43.40437665134187,2.461064806356552,5.07743298,5.07743341,5.07743343,96.751
10,92.55709185865071,3.025300864396777,5.63954672,5.63954672,5.63954732,103.452
4,83.61061992497271,5.430464683796943,3.23283422,4.96032949,5.21395746,42.673
6,126.27026286327663,5.3937226596007655,3.24261455,8.074999560000002,4.92264423,42.072
4,84.96395932941702,5.3439661037045125,5.93505824,5.93505824,5.26673818,41.755
2,41.8938659284123,5.41898567523941,3.4730962,3.4730962,3.4730962,42.487
2,43.387029249868654,5.232491444367649,5.16441677,5.16441677,5.16441745,40.284
2,42.13148497642119,5.388422921089044,3.31428776,3.31428776,3.83553845,41.638
6,127.08395258123426,6.510422570597937,5.00791481,5.41316776,5.41316953,42.98
8,168.54431365764674,7.123918462400899,6.33170808,6.33170803,4.85446823,43.169
4,73.38896764874474,7.974781481268454,4.69946655,4.69946733,4.69946709,69.74
4,73.09937830703156,12.054324481894529,4.693277429999999,4.69327743,4.69327743,86.378
9,208.46763972211997,2.275196076019558,3.6381343,3.6381343,18.18656018,8.66
3,68.51845765447268,2.307430591742482,3.6443355,3.6443362699999997,5.95717175,9.627
3,87.64022534459218,1.803984239763228,3.933483,3.933483,5.664335,5.603
12,157.305596825179,6.0031213724717,4.80715459,4.807193880000001,7.86034796,111.473
4,62.84638701188511,4.642431321186466,3.18558148,4.44122183,4.44210819,80.417
6,84.37330907551411,5.959245552222625,4.923120430000001,4.92311095,4.92311092,91.482
12,124.18801291054862,5.332294349433027,3.233895,4.061859,9.45429,98.437
6,85.15831515824966,7.745156258790306,4.938337,4.938336670000001,4.93833666,97.854
6,98.39852287097918,5.493786974914125,3.97212863,3.97212863,6.236515,65.78
3,66.53618930668283,7.408000694333626,4.54838942,4.54838942,4.54838942,56.495
8,77.75828392441623,5.11881860704894,5.15623387,5.156233869999999,3.065109,136.108
8,78.99320611804798,5.038794728874238,5.61254899,5.61254899,5.61254899,126.208
12,175.6042302669712,4.494496729518309,3.82388056,6.49505256,7.07046514,91.308
3,59.10397665707263,5.889066598596439,4.372305990000001,4.37230632,4.37230623,66.779
3,59.062406326113624,5.807460819007135,4.37128077,4.37128087,4.37128116,78.29
6,64.91790990921109,3.187243204107256,3.04778351,4.61519661,4.61519661,92.21
12,125.92771064243911,3.2861578460753704,5.012339,5.012339,5.012339,104.298
4,55.51817435919944,8.553044442981559,4.28203524,4.28203526,4.28203496,154.144
6,110.22496851487716,4.933817387083549,4.29098547,4.29098492,6.91250255,49.454
4,68.01482688463031,7.562702309498912,4.58189253,4.58189245,4.58189267,68.65
4,56.33811585696605,14.10243903098798,4.30299097,4.30299099,4.30299106,187.256
4,49.953453348395094,7.027793107704872,4.13390195,4.13390195,4.13390195,116.982
4,59.55118008444906,8.556779265813548,4.383306,4.383306,4.383306,120.303
4,55.53471846179777,8.965461384816496,4.28246409,4.2824641,4.28246409,155.284
8,197.19359090496667,4.1563363795726795,5.95900319,5.95900319,6.97088248,52.437
4,56.449459178215314,14.160430376029554,4.3058437,4.3058437,4.3058437,184.958
16,188.12025622947417,4.4120353511877175,5.17443786,5.50099505,6.60892969,146.174
10,101.02990574618374,4.764605976748162,5.47043304,5.470433039999999,5.47043359,167.305
20,217.50525196603076,4.426262707658653,6.553720040000001,6.553720040000001,5.16855013,111.428
8,176.19666183897786,2.9949176233819084,8.14513941,10.54301059,6.69364306,63.914
4,55.47398511519952,9.062593309385235,4.28090335,4.28090328,4.28090328,162.451
6,59.97280309933501,1.457555668890843,2.992537,4.476694,4.476694,49.554
12,118.24571939855096,1.4785093207827575,4.47907187,4.89550378,5.39262234,48.435
12,98.96531619370096,1.7665522124057815,3.113329,5.300768,5.996795,61.574
78,679.1397814701627,1.5576791580077314,6.628271209999999,6.70061703,17.19838774,27.639
2,40.958757912653155,9.117633271525465,3.44706066,3.44706066,3.44706066,45.593
3,65.43881600970914,10.796871166412876,3.85770185,3.8577014700000003,5.17459835,40.223
6,142.2840978715218,11.988669758328841,3.50612942,7.891892529999999,5.27394426,22.072
3,108.32899784479923,4.263115806193569,4.19568454,4.19568452,7.10572693,9.165
2,45.276804801938646,5.102373674466211,3.21571158,3.21571158,4.37846207,38.92
4,96.59998795067693,6.338911003058557,4.58837626,4.58837626,4.58837626,37.336
4,75.03351813364186,7.85326227971858,4.73434798,4.7343480399999995,4.73434798,68.284
6,84.89636084046477,7.692928567421299,4.93326779,4.93326779,4.93326779,100.153
4,64.87212207727917,13.401547929492544,4.5101505,4.5101505,4.5101505,165.085
4,57.27807031762433,7.436433212551735,4.32681004,4.32680959,4.3268099,106.537
4,66.57391650353993,8.778938404250452,4.54924893,4.54924893,4.54924893,109.21
4,62.632089822597855,9.14509454851675,4.45762948,4.45762948,4.45762948,136.968
12,194.78818360967966,13.937746446701064,5.17449227,5.17449047,8.40033559,197.34
6,105.1755522110447,4.7959383112713425,4.01163634,4.01163634,6.53539268,77.255
4,60.768485308492664,12.826967393510612,4.41338101,4.41399088,4.41208042,140.637
4,57.1164236837554,8.287342728196831,4.32273726,4.32273507,4.32273873,136.68
8,77.2385908155856,6.374763260074693,2.91087386,2.9108738600000006,10.52584666,246.262
15,212.47089637654528,7.625554941589592,4.28962336,5.74064162,9.09337101,76.292
4,61.82704162501154,8.675674397924455,4.43844819,4.43844819,4.43844819,175.381
4,61.00920396017416,8.6920564239731,4.41880187,4.41880189,4.41880206,188.842
4,54.42333834719906,5.064815575207829,3.00496091,4.25894949,4.25249549,92.625
2,27.304510539894014,5.047594083639804,2.95585809,2.95585809,3.12512387,88.25
4,58.66510632175753,7.457107539836669,4.36145725,4.36145725,4.36145725,113.99
4,57.06937248190341,7.576872562497644,4.32154794,4.32154804,4.32154818,116.057
18,176.6676197755958,6.260088232067644,4.84395227,4.84395153,8.69414151,191.72
5,54.164247253077946,6.511522044800192,3.78357767,3.78360493,3.7835918,168.29
3,59.74922874099461,8.114618630444733,4.38815929,4.38816044,4.38815979,69.981
3,31.060500609927608,4.491099849253269,3.088117,3.088117,3.257024,94.365
4,33.626981274081494,4.198103071027452,3.21975679,3.21975679,3.24370796,90.601
5,36.39482964119878,3.9248227980035235,3.31395467,3.31395467,3.31395467,109.663
3,54.92261557640924,6.190697936017309,4.26666704,4.26666633,4.26666719,83.144
2,18.442770043761257,3.6289033963213697,2.96560846,2.96560841,2.96560719,151.45
12,112.58150624819807,3.321847885834422,4.82861247,4.82861247,4.82861247,129.089
10,196.77075408264722,2.5013063640184687,5.10306593,5.16977048,7.5460999,57.463
7,105.78388964209742,9.220358467199988,3.90943714,3.90943714,6.92135401,144.919
7,106.49442043841334,16.071410648018507,3.91074259,3.91074259,6.96319235,197.337
10,249.7122490279074,3.88560065048376,7.910538790000001,7.91053861,7.91053921,10.068
8,107.87364305288003,5.3183393596270685,5.59028791,5.5902876,5.59028797,20.958
2,31.416415216673595,6.9095715818448795,3.15538393,3.15538393,3.15538393,93.324
12,183.74420996353328,8.572537607082943,4.13586205,5.48632926,8.09777583,115.038
4,60.978421262509606,9.355819540776682,3.93603295,3.93603295,3.93603295,128.765
8,121.99387467336264,9.3529795121438,3.9306051700000006,3.93060579,8.37108571,129.074
6,91.01136805741038,10.151833340859262,4.80605972,4.80606158,5.33117182,140.811
6,91.01972945292606,10.150900757404198,4.51070153,4.82767038,4.8273866,140.05
4,69.25899019072371,12.579093827049588,4.60960506,4.60960506,4.60960506,113.186
8,94.97931253934851,4.27840024826866,5.33347188,5.333471669999999,5.33347146,30.483
8,128.1956188991481,11.367128109982884,5.04225023,5.04225023,5.04225023,113.116
4,60.73654899473046,16.66530663968884,3.93036214,3.93105185,3.93105185,183.899
2,29.413519419538204,7.18166371775731,3.08685098,3.08685098,3.08685098,115.355
4,65.68200975689078,11.056000054682158,4.52884173,4.52884173,4.52884173,130.825
4,56.61224016345159,9.768120991922007,2.75707182,5.14104414,4.71380369,181.297
6,84.59588633593786,10.576784009339336,2.73284258,5.085532150000001,6.52781338,198.411
8,97.04327321015609,4.127267522434509,5.356973750000001,5.35697482,5.35697166,22.148
2,35.33066677959134,2.6493863786655396,3.68317461,3.6831746699999997,3.68317402,74.305
2,45.48046813475257,2.0581271731346837,4.00663729,4.00663673,4.00663559,55.408
12,131.50109476241485,3.0399002045306545,4.71387117,4.71387176,6.44744954,72.292
3,62.32902324625218,6.7265807320584985,4.45042773,4.45042825,4.45042795,79.924
3,62.08673656499673,9.124190997379069,4.44465356,4.44465392,4.44465369,88.916
2,46.51816017844139,2.472377451813561,3.59645124,3.59645124,3.59645124,49.321
6,143.76168145714786,2.638554260879222,3.33299208,8.4093899,5.23302645,49.044
4,83.16972050724979,2.819119700473136,4.89959384,4.89959384,4.89959384,64.52
4,89.52909191070664,4.203375102158514,5.02118289,5.022323699999999,5.02082146,57.839
4,74.04833752417893,6.827240996403674,4.71349919,4.71349919,4.71349919,105.142
4,76.07483446997732,4.632206297776312,4.75611125,4.75611125,4.75611125,88.439
4,90.56012675953355,5.841952437517562,5.04062056,5.04062056,5.04062056,58.309
4,75.65093602821746,6.255694852693729,4.74726091,4.74726091,4.74726091,72.567
4,67.69668460096777,6.919682825165503,4.57468083,4.57468083,4.57468083,101.961
4,62.65730184700043,7.289934982420419,4.45823957,4.45823955,4.45823958,127.869
2,40.85956733550228,4.196705401797809,3.8660691399999996,3.86606843,3.86606907,60.707
2,52.3394142599506,3.2762225060518966,4.19869809,4.19869714,4.19869809,45.241
4,105.1995686472921,3.2600051341833636,4.22160025,4.22133418,6.81671783,44.971
12,144.6373498443003,3.840585884187277,4.91748147,4.9174817299999996,6.4850999,60.907
8,187.0366789888749,3.5909209008380776,5.912311979999999,5.91231198,6.79028012,57.986
4,53.525299825495516,13.551799819455365,4.23017209,4.23017209,4.23017209,213.993
16,169.7046730175214,3.1469685511783623,4.98462404,5.2693519,6.4610662,173.274
8,83.99653044450625,3.1790317180242336,4.5823413,4.582341340000001,5.14790009,174.541
40,414.5371508845034,3.2170696029998864,8.7965239,5.164353740000001,9.3777977,97.725
20,201.481541661645,3.309471568527766,6.435026359999999,6.435026359999999,4.99083737,101.455
20,215.11685802881914,3.0996986466910283,6.65957922,6.6595792199999995,5.30712991,102.987
8,166.44385521818225,2.2814030072330604,5.71725605,5.71725588,6.50172776,72.206
4,52.813034648851314,8.118330659362568,4.2113245,4.2113245,4.2113245,179.203
12,260.21963632197196,7.660301669306896,6.78633221,6.7863325,7.41301536,73.432
3,66.7316905456808,8.460038602659992,4.552839889999999,4.55283983,4.55283901,65.619
4,63.0024327704325,13.901838910795641,4.46639748,4.46640176,4.46639891,175.938
16,223.1496246597458,5.0907428686544085,5.91547184,6.88375755,5.48000814,119.793
8,199.97326923091526,3.4039377370326673,5.9004912,5.9004912,7.09919621,55.805
4,66.85487548763784,8.838714096173765,4.55564916,4.55564917,4.55564917,112.134
4,62.21699111541976,9.30998415176542,4.44775989,4.44775989,4.44775989,147.583
24,246.15449466964756,11.554978414849995,5.213198049999999,5.213197920000001,10.45844829,275.66
4,62.061456229424415,15.777878286479597,4.44405571,4.44405572,4.44405581,216.134
8,82.89417329848307,9.345597066439897,5.39255622,5.39255622,5.39255622,243.254
4,61.41148601851595,15.837413869392556,4.42848184,4.42848184,4.42848184,228.974
4,60.997782139092834,11.190368053142368,4.41851514,4.41851514,4.41851514,185.429
4,60.37501536554303,11.20483016930082,4.40342649,4.40342649,4.40342649,198.121
4,135.71852450795245,3.7171666606132643,4.5902025,4.59020258,7.43780571,33.954
2,67.52173258356663,3.7357481452672836,4.57073663,4.570736,4.57073689,35.367
2,52.52301613172507,4.802545737885214,4.20360163,4.20360163,4.20360163,46.024
10,131.69773474074273,8.350768919946951,5.71081074,5.71081074,5.71081074,122.031
12,356.0161089071634,5.214696311166224,7.08744796,7.08744796,7.08744796,37.266
16,182.08546986090965,3.648479952235785,3.74069933,5.214347580000001,10.00066454,162.509
4,58.28216247715749,13.009333728830859,4.35222178,4.35222178,4.35222178,191.279
16,186.79212349455196,3.562500767656403,4.283252,6.124453,7.120617,161.671
10,102.51861894355935,3.8928989499905184,5.470981289999999,5.47098195,5.47098181,161.087
4,57.98031819282822,7.9613504441354594,4.34996485,4.34979102,4.35008862,161.554
2,48.141253498235194,7.888158889938722,3.63780262,3.63780262,3.63780262,33.764
4,64.70562774828717,11.150545758942746,4.50628876,4.50628876,4.50628876,131.037
12,210.7409253797486,4.241423969093134,5.24375926,5.24376577,8.84977766,54.259
4,69.30927352286967,4.298807200162982,3.12748688,4.839659,4.57911012,50.041
6,113.5724634195119,3.935115895447637,5.24444261,5.24444261,4.37825414,43.601
12,192.82651486927162,5.343410415579227,5.15681108,5.15681232,8.37285602,63.27
24,392.27643359413554,5.9491761615094285,9.86458361,9.86458361,8.85243832,62.771
4,66.2143024594995,7.660162592930459,4.54104326,4.54104298,4.5410435,75.529
4,65.78122702064027,12.208877891078984,4.53112096,4.53112096,4.53112096,94.828
4,58.78624280386315,8.546263776956433,4.36445715,4.36445715,4.36445715,115.137
4,55.90700386175555,8.777626673681906,4.29200684,4.29200684,4.29200684,140.599
8,180.39358365929525,5.485809861997037,6.35192369,6.3521371900000005,5.16253371,80.271
4,74.92489879087064,11.291063424000148,4.732025260000001,4.732025260000001,4.73202526,114.52
4,65.14027353024836,12.744927976529551,4.51723482,4.51723482,4.51723482,178.265
16,217.41978617324244,4.385208309543936,4.505277,6.470054,7.458812,149.501
4,69.28444118065477,7.8700144539007795,4.61016963,4.61016963,4.61016963,121.633
4,64.60189335469742,8.25978306049064,4.50387935,4.50387935,4.50387935,149.687
20,301.51298963238963,6.051266328778103,6.7055717800000005,6.70544575,6.70567603,248.693
7,223.7301284398153,4.5964918359922065,5.95763115,5.95760539,7.58223187,27.918
10,106.58314325240036,13.842300540046523,3.15597156,5.81135922,5.81135922,297.065
14,259.56819959931727,3.6744918890014975,7.1601252,7.16012882,7.16012312,87.181
7,144.72272751001714,5.447482604476563,3.70523482,6.4136048699999995,7.12430082,48.783
7,152.9303278559385,3.5033145458340695,5.45265066,5.452760319999999,6.42786705,38.003
7,176.3023340772497,4.805648008344921,5.698440060000001,5.69542051,6.7603486,32.669
26,490.63425865122895,4.623757624010395,6.735131549999999,6.735132330000001,12.48918814,27.063
32,478.95734788788315,9.84325726249391,8.027526230000001,8.02750491,7.43249437,142.138
5,44.53225603759299,5.909460654678646,2.81296046,2.87129265,5.69742411,199.942
4,47.33651510968768,6.8682350437175845,4.06041503,4.06041503,4.06041503,158.934
4,57.94069832617422,5.41241310013429,4.34343081,4.34343081,4.34343081,193.97
4,48.72646571484864,11.00965214090935,4.0997745,4.0997745,4.0997745,255.756
4,55.65596944867296,5.6031328398119715,4.28557297,4.2855728,4.28557394,185.386
4,50.29615653446702,10.587905285274877,4.14333389,4.14333389,4.14333389,237.182
6,82.78680773549901,7.413349843651077,3.615015,3.615015,6.334917,142.715
7,118.06767284697415,15.396313925991734,3.91278441,5.02494166,6.57014906,127.572
6,52.779654687690645,7.59404847360637,4.132146249999999,4.13214722,4.13170126,301.039
4,47.13039298362893,8.506951576757858,4.05451272,4.05451322,4.0545129,176.138
4,44.85117547827115,7.289697080904829,3.9880714599999996,3.98807116,3.98807117,220.339
4,50.964515607323534,7.194338336215523,4.16160605,4.16160605,4.16160605,153.099
6,77.51514355819658,7.819764867595893,4.18681512,4.18681512,5.106088,137.679
12,120.29446762790971,6.840288396241565,4.39070804,4.87246924,5.62292109,198.001
12,177.97166054525172,7.5681310809926385,5.088436589999999,5.08843662,7.93684729,223.474
4,53.72972439632796,7.100950492462338,4.23554718,4.23554713,4.23555058,195.796
9,103.57003890057683,6.774739622974994,6.07694991,6.07707779,3.2383761,193.549
4,57.9111268067048,11.695105662918875,4.34268761,4.34268689,4.34269346,174.551
6,110.7227383251247,6.947819084593364,4.03784577,4.03784577,6.79105683,82.893
4,45.37589573949202,7.196624742525194,4.00356364,4.00356364,4.00356364,198.379
4,48.900122287386736,8.116979576622628,4.10463913,4.10463913,4.10463913,218.838
28,559.7138450819633,3.1592668651622566,5.93586906,7.42623382,12.6973508,57.588
7,140.87916191565142,4.206135712186618,3.679597,6.37413723,6.37413723,42.268
4,55.57368292468641,6.888542139373203,4.28346022,4.2834599,4.28346057,187.236
4,47.0370848519013,8.241698020859323,4.0531318,4.05318825,4.04921378,224.329
4,44.71420727790745,7.015241469788853,3.98400778,3.98400778,3.98400778,242.884
4,46.69059771526297,6.8211636784961724,4.04186196,4.04186196,4.04186196,179.795
26,372.2642918804869,3.8873052664103334,7.466520919999999,7.466549619999999,7.71050383,114.667
5,62.134310036141514,5.44672413133505,3.96073285,3.96077457,3.96073517,235.077
8,120.69303683944815,6.596744345961094,3.65813,3.87657417,8.7052123,121.507
7,57.02338480560942,6.058718944024273,2.94416026,3.00672412,6.77655475,237.291
4,47.77459928613463,8.151990421677795,4.07290253,4.07290253,4.07290253,184.623
5,63.771258951104265,6.471830024135967,3.9957991000000006,3.9939887599999997,3.99589905,227.986
4,47.89694096772305,8.232297517910744,4.07637621,4.07637621,4.07637621,195.84
8,111.20191133030951,10.662840978107505,5.48937153,5.48936316,4.26126282,242.395
5,49.3746353033446,6.485063706573823,6.356267,6.356267,6.356267,203.771
5,62.99165019934082,9.856601384640078,3.97888141,3.97888141,3.97888141,179.569
4,44.943114683321014,7.1271735961099685,3.99079508,3.9907956,3.99079408,227.244
5,59.02121637937581,8.314758147136576,3.893463,3.893463,3.893463,215.893
5,58.20974039931948,6.910162183724896,3.875537,3.875537,3.875537,192.524
15,212.7591775562199,4.031553322663554,4.99964108,5.0945066500000005,8.79781729,123.19
14,128.87673822158814,7.697623799265141,6.22786172,6.22786172,4.99743296,219.19
16,202.23712308697762,5.894516807055623,6.95738343,6.960988309999999,4.82102207,313.656
28,294.4703167183455,7.100412196426862,6.36045464,6.3604546399999995,7.49735,205.196
4,53.64082528951334,5.0719081350171455,3.64199868,3.83776019,3.83776019,122.529
2,25.61753612858791,5.310060592659984,2.947898,2.947898,2.947898,145.789
14,208.61263898141087,3.4518537875733095,4.91043169,4.91043265,8.75733792,110.784
4,64.44221781195724,12.261713859296995,4.50016579,4.50016543,4.50016582,121.118
4,45.308007924757085,7.322158483241201,4.00156541,4.00156653,4.00156605,188.169
4,51.91068640253357,6.685943193532871,4.1872021,4.1872021,4.1872021,125.381
4,45.13515957047972,7.122967565520801,3.99647203,3.99647132,3.99647089,204.228
6,89.09267480794315,5.761466419031,3.85817742,3.85817742,5.9851854,111.84
4,54.81530629458837,14.127410715118117,4.26388629,4.26388629,4.26388629,228.585
4,47.90772274088912,6.9081980465434665,4.07668234,4.07668171,4.07668172,158.539
4,59.22051325313619,8.265038204147448,4.37517795,4.37517795,4.37517795,145.343
6,89.11826288480185,10.32280607608412,4.34484239,4.34484239,5.451149,102.361
4,59.64994941933102,13.142004044445814,4.38572799,4.38572799,4.38572799,179.073
4,54.37158578388024,8.787455221374172,4.25235006,4.25234978,4.25235044,185.161
4,52.70188765010076,8.950192440935178,4.20829815,4.208311310000001,4.20826912,218.933
8,139.13459700430872,6.199378692041746,3.75118095,5.71622928,6.48869679,61.789
8,114.79178888528295,7.514022251681373,3.422675,5.557221,6.035142,106.766
4,62.49293882765556,9.106087185256209,4.45432583,4.45432583,4.45432583,130.581
9,135.51708487819334,8.556462474884404,6.50212186,6.50103576,3.70177797,147.225
9,134.10895429898858,8.578122908319882,6.54934959,6.54934959,3.610196,164.876
2,33.00690617878121,12.673028211808541,3.20775807,3.20775807,3.20775807,113.61
3,50.25612784468221,14.831388096341547,3.38823629,3.3882353899999997,4.99038531,121.429
5,85.34137787260393,16.398956020656883,4.00211736,5.03359048,5.03185636,130.268
3,23.98061343487059,5.301405078149925,2.98955892,2.9895602200000004,3.09824187,253.476
5,36.36345750707162,4.483487895980627,2.94809997,3.82580282,3.82580289,276.056
10,71.93098569790034,4.533098497320341,2.93741811,4.59284299,5.33173609,273.514
20,142.98913181169272,4.560769606005246,5.3265637,5.42171991,5.45504007,274.672
4,37.367466490618355,5.861189532766118,3.7526340700000005,3.7526340700000005,3.75263407,172.297
4,42.66187153093635,10.3216467800364,3.92207096,3.92207144,3.92206958,193.511
4,44.3645562005881,10.032818370046249,3.97359603,3.97359603,3.97359603,139.445
4,42.291563409095254,6.905290566793325,3.91071571,3.91071571,3.91071571,171.181
3,84.1541111857435,4.237394853253025,3.87141839,3.8714166,6.48342778,9.387
4,47.040782754648376,3.352162583335497,5.17148553,5.17148553,5.17148567,95.244
3,71.61195204829787,2.918073692119017,6.43674344,6.436743720000001,6.43674392,7.158
2,23.236958854656006,8.137366168657573,2.8536,2.8536,2.8536,192.154
4,45.955813888860014,8.868738013261321,4.02054673,4.0205475,4.02054741,197.347
4,53.313868443356824,9.174643801200183,4.22459446,4.22459405,4.22459476,174.535
4,43.55056332650185,7.659730670287385,3.9491428,3.9491435499999996,3.94914362,218.693
4,52.80008133595218,9.167999295145597,4.21098018,4.21098032,4.21097992,166.928
6,74.56075388915187,8.307566237142764,4.09113985,4.09113985,5.143882,149.075
12,155.79204605108075,7.95186169417578,3.82385196,5.903707600000001,6.9011167,145.917
12,135.99363092204933,7.074472036022346,3.45408254,5.93533417,6.63346867,201.268
3,49.932693544147696,7.8360459271463405,4.13332983,4.1333302,4.13332897,116.415
6,98.40114151485946,7.952649204155398,4.045507,4.045507,6.012488,86.94
12,143.99848041330927,6.54797778948593,3.66038,5.727871,6.86813,160.562
3,50.41060295809081,7.954128784650896,4.14647416,4.14647416,4.14647416,116.02
16,308.17015181966735,4.126748139825606,6.239575,6.504483,7.593164,70.597
4,60.82855392672444,8.209805462625939,4.41442521,4.41442521,4.41442521,103.969
8,164.2558540583888,4.336961622309716,6.6715792,6.6715792,6.6715792,64.725
8,192.78821140030175,5.310777284577001,7.0535851,7.0535851,7.0535851,50.85
4,56.32001108761073,9.768757331017923,4.30254984,4.30254984,4.30254984,143.606
4,45.261589973724256,8.778170119460263,4.00019904,4.00019904,4.00019904,213.562
4,42.663404766460836,7.578613345332269,3.9221440999999997,3.92214336,3.92214443,237.181
4,46.01153895144762,8.028968198475663,5.73854785,2.83160308,2.83160308,195.98
9,117.65502413370501,7.86289800812882,6.38788786,6.3878044,3.32936887,159.384
6,81.71632594015614,7.5473245952895525,3.715274,3.715274,5.920074,114.365
4,46.77224662670385,8.604290666824294,4.04421662,4.044216620000001,4.04421662,205.404
4,45.78552385774718,8.795930398300161,4.01557441,4.01557476,4.01557501,186.181
4,47.98431426073803,8.376276901371945,4.07885335,4.07885352,4.07885308,157.338
4,47.94434788689645,8.383259359759544,3.87171792,3.87171747,4.21007517,157.893
6,90.47338933725906,11.73713382919382,4.32473155,4.32473239,5.58558281,103.094
4,59.259898298295404,14.426176344988146,4.37614765,4.37614765,4.37614765,173.179
4,54.744428855984935,10.024065523671908,4.26204773,4.26204773,4.26204773,188.351
8,105.48878307437022,8.03301818012554,4.72500306,4.72500306,4.72500306,142.529
9,137.70889686380107,8.464875646147304,6.67709981,6.6770998100000005,3.56661,125.652
4,60.230766781547196,9.385194539164488,4.39991679,4.39991679,4.39991679,134.593
4,55.117570952798445,10.0440843963629,4.27170987,4.27170875,4.27170967,189.249
4,53.27958997751988,10.27616195397584,4.22368924,4.22368924,4.22368924,227.345
3,107.54303403645363,4.767267685882591,4.16858148,4.16858093,7.14619956,7.357
4,59.010065015875426,8.353283056414362,4.3699892,4.3699892,4.3699892,103.816
4,55.354034271692115,8.613860195681887,4.27780935,4.27780935,4.27780935,235.971
4,64.9874766678107,9.77597089334992,4.51282221,4.51282221,4.51282221,70.027
4,61.299165233285024,10.173772331938727,4.42556403,4.4261437,4.42518624,155.882
2,25.98569048909078,15.793715717328265,2.662949,2.662949,3.664448,265.335
8,112.20474425629783,18.69400962812686,5.47063973,5.47093133,4.32908318,287.886
2,17.705905080905254,6.465946933867413,2.9255736999999997,2.9255736999999997,2.9255737,137.8
2,18.934332375519034,6.0464472894354415,2.9917249600000004,2.9917249600000004,2.99172496,260.012
9,140.16062464342363,7.836501929103811,6.62342884,6.62331807,3.68919076,182.253
12,164.80382470427824,7.206982878698544,3.50959723,6.25954191,7.50183411,227.683
4,59.602087794324625,9.75071231114391,4.38456868,4.38466136,4.38437151,218.17
9,132.4723200295862,6.615839002202563,6.48617425,6.48625552,3.63589391,198.194
2,24.774270632233222,7.616347487333683,2.92831621,2.92831621,2.8891157,149.255
4,48.76039156681329,8.342297560860553,4.10072577,4.10072577,4.10072577,160.744
4,55.449118617934666,8.806981731569525,4.28025735,4.28025735,4.28025735,137.829
4,54.542429626122576,8.86052810357602,4.2567992,4.25679958,4.25679866,141.181
12,157.9586935143152,7.832706259213299,3.67316803,6.09137058,7.05972389,142.033
6,76.06183019848785,8.133146705503076,4.03651992,4.036520559999999,5.3904106,116.642
9,102.80529610211566,7.007107753113769,5.85401054,5.85401054,3.464,172.329
3,51.068903826543874,7.653907987523103,4.16444635,4.1644454,4.16444506,101.928
8,96.1417620742358,5.935398267190483,3.21772565,5.154993049999999,5.79608814,173.538
10,144.43137350429777,4.112116786502308,5.08778266,5.807923970000001,5.83763621,137.01
30,433.09111840049985,4.114044252475639,5.08832799,5.8195809999999994,16.29214595,137.141
40,574.7513275763464,4.133395762575007,5.07461317,5.814259070000001,21.7284107,137.018
20,300.7589405479396,3.9494664690770156,5.88903339,5.88903339,11.08526824,130.329
30,448.11676657805964,3.9760976587861054,13.683431,4.762392,7.03173101,117.205
4,60.225614553056424,8.897919591040635,3.34347711,4.24415702,4.24415702,131.6
2,30.083860504773863,8.906481193280799,3.11012508,3.11012508,3.11012508,132.501
8,119.67592624461847,10.384218325846057,3.92145494,3.92143944,8.2591437,146.973
4,60.14094344902484,13.806613265575766,3.45370537,4.17294322,4.17294322,166.177
2,27.74904245111638,9.445564606817172,3.02748965,3.02748965,3.02748965,183.708
4,65.99812783746162,11.773783544284692,4.53609566,4.53609566,4.53609566,151.048
2,30.265403682129044,4.773501680495075,3.49800567,3.49800554,3.49800484,51.147
4,68.93057502083215,4.1918105367275,3.6599918,6.30639711,3.65999199,60.377
4,85.85656968526325,3.3654257529066536,3.95357707,3.95357778,6.34252886,60.391
6,84.69653534317291,4.668836565304956,3.258033,4.681573,5.552881,126.738
3,63.910474864168165,3.0936578237392514,6.81085493,6.81085452,6.81085412,6.171
4,86.4790936661201,6.785778959643167,4.15365496,4.15365519,5.78779631,56.824
3,57.19299841351576,10.711063632399304,4.32466649,4.32466649,4.32466649,131.258
4,67.99403062643712,9.513234273564514,4.58136888,4.58136888,4.58136888,122.697
3,59.758565334411834,10.330880726314373,4.38838835,4.38838835,4.38838835,110.879
3,56.99001510856933,8.14691151417536,4.31954421,4.31954421,4.31954421,112.852
4,59.81464936478447,10.51707869554339,4.38976077,4.38976077,4.38976077,200.874
2,40.88504723829308,5.438245764487243,3.8668729400000004,3.86687278,3.86687197,44.652
2,51.89704651135213,4.284308066083725,4.18683553,4.1868359,4.18683535,53.225
4,77.03943546368062,5.772184950117639,3.8593696,3.8593696,5.972411,55.613
4,81.55153319014968,5.452820475026071,3.613289,3.613289,6.246356,22.494
4,103.85231174582884,4.281906319402436,4.19787289,4.1980494,6.80459918,51.3
12,241.3089287868721,5.859030606672861,6.22571049,6.22584572,6.22567029,66.359
8,90.17124166729074,6.115645634399519,4.484246340000001,4.484243769999999,4.48424543,203.381
12,171.5726503908099,10.655490307628062,3.8664554,6.19520138,7.16274726,163.928
12,143.63236100561568,6.55357949289119,3.53560096,5.9313921999999994,6.84908277,162.799
4,45.93767402861394,7.244363471275149,4.02001802,4.02001802,4.02001802,170.737
12,166.5281136619859,7.415983679396296,3.825854,5.998125,7.256775,154.446
4,52.7507787146662,9.09220788986919,4.20967245,4.209671729999999,4.20967389,208.501
4,50.94898023232194,9.29410569838693,4.16118315,4.161183150000001,4.16118315,247.412
4,52.03203547149446,8.904696758882146,4.1904623,4.1904623,4.1904623,252.159
6,118.90561480155185,8.165669159455629,5.4110100800000005,5.41101008,5.41101008,66.375
3,65.01526808144962,9.465777258485208,4.51346541,4.51346541,4.51346541,79.189
4,65.33047792166674,9.82356962339267,4.52074773,4.52074742,4.52074795,129.866
3,60.20742267935791,10.16974219185755,4.39934828,4.39934828,4.39934828,59.75
4,61.37190174497267,10.267020433812577,4.42752986,4.42753039,4.42753,169.635
4,59.90546003441385,10.416591909937623,4.39198116,4.39198116,4.39198116,176.935
8,203.8363617601526,5.948135115234017,4.170650130000001,6.753451329999999,7.23689257,46.771
2,50.833327884089165,5.962850907143755,4.15803231,4.158032549999999,4.15803193,46.537
2,64.9216967858791,4.668879131216819,4.51129908,4.51129908,4.51129908,35.201
12,342.9112732758347,6.007342197428552,6.99939637,6.99939637,6.99939637,49.969
20,499.51638204745547,4.862515196155917,7.04429626,7.06118299,10.04233389,34.135
5,130.26778865164184,4.6613710564510376,5.069273,5.069273,5.069273,34.353
2,23.289978270600127,7.549046161795445,2.85576869,2.85576869,2.85576869,243.086
4,51.01572681150393,6.796904586188144,4.1629995,4.1629995,4.1629995,231.986
4,50.93887199918611,11.31339969878447,4.16091082,4.16091082,4.1609101,265.263
4,49.39402523849326,6.984606364129426,4.11841446,4.11841448,4.11841468,210.529
4,53.92965605723735,9.484178573670349,4.24079625,4.24079603,4.24079631,228.444
2,26.97756921447515,7.407671479324614,2.999169,2.999169,2.999169,91.942
4,55.25777984921383,7.547704071854483,3.80888421,3.80888421,3.80888527,80.961
4,54.29874929626189,15.436978886923821,4.25045029,4.25045029,4.25045029,226.37
4,54.38205637077968,9.959133811940152,4.25262291,4.25262291,4.25262291,168.969
1,15.89162792189718,10.024908653484612,2.7432375599999994,2.74323784,2.743238,262.529
9,293.9157952824466,5.295925354839855,3.32268062,3.32268062,30.740799,15.148
12,149.10320288570614,9.082795448706058,4.7285431,5.20975702,6.05260249,295.211
4,40.80098553266527,8.86809818420709,2.81049113,2.89991909,5.00613496,353.135
6,71.98834044209521,9.498285611848752,4.25556809,4.25556873,4.98560663,377.071
10,168.04545355078506,5.693219092470879,3.209857,6.170364,8.7062723,98.313
12,312.9267551785778,3.8953266032701013,3.21730504,3.21730553,34.90797524,18.749
8,125.20876611439135,12.732657908295286,5.002782,5.002782,5.002782,282.393
8,123.22990465900247,12.88357244280662,4.97628644,4.97628644,4.97628644,290.754
8,124.33938893087732,12.898261209624003,4.99117629,4.99117629,4.99117629,265.997
14,273.5890477561291,5.050765748577046,6.49357983,6.49357983,6.49357997,75.814
9,152.6429028095828,8.478622609787406,3.2936538999999994,7.004040719999999,7.00403999,152.527
16,493.9032200463651,4.51394716162258,6.08320666,6.84598127,11.85969664,4.428
2,20.71181578818537,8.654787040425267,2.91199162,2.91199125,2.82037804,349.501
8,209.21111544719085,3.2113532054489853,5.92012459,5.92012459,6.95977993,12.057
4,59.17711361771188,16.171655805110614,2.76093025,4.44589412,4.82102327,309.568
8,115.59278667461034,19.3241060283096,5.50902513,5.50902395,4.39795356,337.003
16,161.20057593809082,9.060552782091445,5.74303458,5.74303557,5.64355837,332.975
2,20.599024909558825,8.86307927925782,2.88584381,2.88584381,2.85608,348.484
4,40.72220114466954,8.966646483584038,2.87050813,2.87050813,5.706674,350.498
8,80.14807718662455,9.11167415401425,2.84946477,2.84946477,11.39820007,351.233
2,28.83710151160666,7.30812908155112,3.23475516,3.2347549900000003,3.18227878,219.328
10,162.40743451185307,4.495418415038889,5.31762879,5.85773937,6.1800321,135.442
4,60.68032896618626,15.927953266788181,4.47661493,2.73373498,4.9584025,275.137
3,45.43505909348664,17.76604546840525,2.75750401,3.9641387099999994,4.8068607,271.801
4,58.12764656943564,11.360883879394866,2.73491407,4.41579102,4.8131627,265.285
8,112.46393352274868,11.949571861747257,5.46647769,5.466476650000001,4.34577824,268.478
8,112.25916524059046,11.808464243234232,5.46418178,5.46418035,4.34151218,295.76
3,56.92135253227605,4.669644640142846,6.737768939999999,6.737768939999999,6.73776874,24.506
6,118.06518749234755,4.502639506319379,3.192238,3.19223782,13.378294,25.575
6,115.80592588150493,4.5904816483052695,3.18542361,3.1854410200000003,13.17839091,27.047
3,152.203591926099,1.7463614714893338,3.1841268,3.18412536,17.33459995,10.685
6,190.32416764322002,2.7931554048384992,3.18454084,3.18454207,21.67053472,15.035
9,249.23287668851134,3.199447347721563,3.184016,3.18401504,28.3873198,17.107
12,252.31841248475916,5.473100656908134,7.09294296,7.0927794,7.09285536,50.553
6,129.45277277365727,6.51271408103531,3.32226017,3.32226021,13.54295655,18.747
3,65.48672251856401,6.437097961598746,7.12257717,7.12257717,7.12257727,19.537
3,167.95731789530183,2.5098307910513653,3.32036508,3.32036477,17.59125276,9.262
9,280.7526323503769,4.504439846283762,3.32135061,3.32135012,29.38758443,13.904
4,41.650030136715465,12.112214378637068,2.83110452,2.91373474,5.0490469,365.494
8,171.92762867243763,1.0822540975519401,5.56051766,5.56051766,5.56051766,0.6920000000000001
16,370.7968559999539,1.0036189768187096,7.19721469,7.19721334,7.1972135,1.314
4,89.16749243446361,1.0433700417777896,4.08406197,4.08406197,5.34591325,0.8230000000000001
18,229.00320202042835,2.0015597020792124,6.67556128,6.67556161,6.6755616,5.601
1,37.257507079979426,1.0246367260414646,3.64428115,3.6442814599999998,3.644282,7.808
2,73.8763920552117,1.0334941653990446,3.688771,3.68877041,6.269194,7.777
1,37.54449280030726,1.0168045225153337,3.79127507,3.7912750699999997,3.79127507,7.76
4,148.6718352207515,1.0271053698425945,3.70038358,3.70038266,12.53732154,7.773
52,506.7882972269223,1.2307330746779628,10.51643196,6.99130164,9.37723608,11.036
15,184.3490570480662,4.794383809189868,6.3881745,6.388223629999999,6.38815769,127.552
9,150.08512707890378,4.485711721421921,3.79288398,3.79288295,12.04669812,58.012
7,139.3934274553567,3.0154711071149527,3.50310119,5.75748394,7.10585046,43.286
44,888.5571338154181,5.95767622124968,9.307833249999998,9.307833249999998,11.56337787,36.443
26,320.6406445536868,2.419133081911833,4.87257052,4.87257052,15.594509,61.102
28,306.39298456787003,2.293518807013489,3.543701,8.684845,9.955422,47.14
5,63.73633368643312,2.2406748809988977,3.50664818,3.5066492499999997,5.50697489,39.851
12,133.5935007314272,2.6348279238004024,5.27470632,5.12326359,5.92374836,47.059
12,142.78409430006525,2.4652317745258343,5.21056967,5.21057004,6.07265765,43.912
12,267.86836341368684,1.9116151621401096,6.004366140000001,6.004366140000001,8.62865096,16.312
4,100.26141079768611,5.94546999207575,5.2145432,5.2145432000000005,5.2145432,17.144
4,99.66298812078008,6.091302136864246,5.20414757,5.20414761,5.20414827,23.527
8,222.12645240990804,3.0303325154411347,7.05090962,7.05090962,6.41335695,30.022
8,164.53036514286657,3.723102169784004,5.2647369,5.6500825,5.65008191,31.898
5,67.67740514717151,3.472454253689172,5.67228678,5.67228678,5.67228678,67.632
8,154.57758748519424,3.0186080858346944,5.17933139,5.5285096,5.52850991,34.554
12,163.73762318673354,3.3794953055895496,4.86383585,6.206704099999999,6.24892531,53.912
5,69.94805320096673,3.665760855785628,3.52578055,3.5257805,6.15442726,28.047
7,90.20601995870445,2.8796335652507996,4.94219894,4.94219894,4.94219894,20.548
7,89.28112945915731,4.558525651869964,4.943631680000001,4.943631680000001,4.94363168,22.706
9,95.61022231681208,4.291777138704472,5.13262784,5.1326278400000005,5.13262784,22.335
9,124.00540431410766,6.467203629592224,7.94834719,3.94986172,3.94986172,102.218
5,85.21340211290693,4.9200920667279,3.31081397,3.3108139699999994,8.976514,33.135
5,76.23003573525925,6.068127937778941,3.3800919400000002,3.3800913500000003,7.08736829,42.323
24,459.59202299170727,2.0500512876930403,8.9594735,8.9594735,5.801392,40.227
10,109.25719844778715,2.7496663216341344,5.36605376,5.366053760000001,5.36605376,59.139
22,269.546881429043,2.836962939452754,7.23119022,7.23119022,7.23119022,64.198
8,219.2604355767752,2.862648833710787,5.03746996,5.03823214,9.97509504,22.948
3,41.25395267909552,2.494753647720738,3.87846823,3.87846775,3.87846748,45.868
9,113.27983111444374,2.7255985796384983,6.05411322,6.05411323,3.56878964,46.967
12,144.2488560880949,2.692972711602063,6.13536778,6.13536773,4.42487033,49.866
9,109.52441317693611,6.507818829933733,3.0548730400000004,5.46513671,7.26884767,94.869
5,93.14690485091586,3.145073489272622,4.51209844,4.51209844,5.283001,47.04
5,93.98513642369295,4.683547992916151,4.55703468,4.55703468,5.225934,54.301
5,67.43566228530379,6.7239004714031845,5.46705557,5.467055570000001,5.46705557,73.912
3,68.60267974710212,1.8890808037303781,4.594998,4.59499879,4.594998,28.189
14,169.6368323493454,2.7808408969355307,5.2188314,5.21883131,6.90124396,42.966
14,172.24202152788934,2.738780216576088,5.65505031,5.65504963,6.76083777,42.716
3,77.21356172817917,2.686924167053434,4.77972315,4.779723929999999,4.779725,23.909
14,191.51407691291675,3.276391012149887,5.88221931,5.88221967,6.95703029,37.641
24,252.77180987996078,3.1825972354766954,5.12904577,5.12904577,11.70504039,101.485
12,151.97862112063984,2.667359066863586,4.78317068,6.05644892,6.05749411,61.337
14,242.8359024552883,4.532269624603294,6.807352849999999,6.807352849999999,6.80735285,30.323
3,95.90002971434659,3.0055841088114454,5.137810159999999,5.13780821,5.13780802,19.229
9,115.89059222668678,5.616889311835516,5.90668136,5.906681029999999,3.83557536,51.138
7,128.17605537273357,3.984433617339218,8.25643746,8.25643746,8.25643746,59.913
7,144.78067385796234,4.6018778091204195,4.152776,4.152775999999999,8.89398561,52.503
24,289.7451537793995,3.456687961186737,3.79164808,8.54619136,9.13731291,97.103
30,366.29569884993816,3.539492774648094,6.54900436,6.54900436,15.89394799,125.464
18,236.43991809791353,3.462152659476336,6.718544,6.718544,5.23806,82.829
4,111.15018555455896,6.862403241771595,5.39686718,5.39686718,5.39686718,22.587
4,106.79009333097991,5.7863467723651585,5.32535611,5.32535611,5.32535611,24.55
9,384.5564341246146,4.514255785168348,8.56043193,8.56043114,8.56043224,3.215
7,112.4545303484204,5.138767091587143,6.690608600000001,6.690608600000001,6.6906086,70.652
7,118.31270008123485,4.884324670619241,6.03367688,6.033676879999999,3.501047,42.279
8,182.42021108589446,3.350358781585249,5.43273685,5.860283099999999,5.86028318,23.139
20,419.79688823270106,2.7771086329450103,7.02876498,6.81013936,8.79115133,30.666
16,198.0872293691191,3.411351719362499,5.22888939,5.44494509,6.95755264,77.843
9,168.57668558961265,3.866808783313612,7.12221657,7.12221657,7.089477,49.275
5,86.73415751678061,3.1631042392169006,3.35728603,3.3572860299999996,8.88552,39.38
24,296.26866798432764,4.152105919307753,5.61267079,5.61267079,11.03312248,80.895
12,286.573853960167,4.335219855088829,6.955769350000001,6.955769350000001,7.23648284,34.893
36,490.17271613384315,2.883163462866756,7.58702904,7.587029039999999,8.6935377,89.399
9,117.04906265429322,3.6893757788084787,5.624377839999999,5.624377839999999,8.16685753,33.577
22,384.5437890032126,3.8985907734552874,3.71510362,7.17376801,14.42871123,41.123
12,172.0252074840001,4.031744571034193,5.42130979,5.865372059999999,6.7242642,50.007
12,288.8699498070599,2.8258433754993617,6.1577755199999995,6.928369490000001,8.20520843,23.337
20,227.48759021274074,3.0649203628885004,5.33880368,5.54932288,7.67853953,50.993
10,116.71185959087586,2.986977287447706,5.4489545800000005,5.44895459,5.44895541,47.494
12,266.66380387281697,1.966494209011397,5.98695038,6.775352380000001,7.97871205,28.353
8,196.04405827157098,2.437579350654935,5.027016,5.02701501,8.957825,22.238
4,88.54349377039819,2.6985209636099565,5.00292376,5.0029235,5.002924,24.248
4,94.51243623717959,4.672368324229066,5.14647699,5.14647699,5.14647699,18.941
24,325.17526431172536,2.2018361529550545,7.88193323,5.671865069999999,7.80701093,46.765
8,245.59197375001617,3.758643590958877,5.42003886,5.42004005,9.65336417,17.175
4,109.33340610497393,4.221457699946496,5.36730109,5.36730109,5.36730109,19.11
5,93.15250142153529,2.9390254538420795,4.53313,4.53313,4.53313,31.663
4,151.92426930459328,1.1918919594460835,5.98936414,5.98936414,5.98936414,9.908
8,236.3408585687789,2.548768666788994,6.97133117,6.97131597,5.61561042,11.971
12,169.8083421651529,3.2175345448122377,6.64190762,6.64190762,6.64190762,50.896
12,179.91852216738775,3.036731295543681,6.01174696,6.01174696,6.01174688,43.258
56,706.050516674533,2.465723595800521,8.630804240000002,9.018722080000002,9.57506272,35.743
11,146.73751228963278,4.305299811231149,5.35919199,5.35919199,6.18220861,39.246
12,156.05476661688226,4.25040893720463,6.5991599,6.5991599,6.5991599,43.786
4,110.14402454500504,4.063895103782569,5.38524116,5.38524087,5.38524005,12.299
4,116.15936314367116,2.627304392694363,6.0003994,6.000399399999999,6.0003994,13.554
4,127.77135073300258,1.2122093991042469,6.29191627,6.291916269999999,6.29191627,11.333
24,419.08910736423053,4.552043124748906,8.771636,5.733484,9.09222039,41.387
8,183.7644765505555,1.8062182120543082,4.92021676,4.92021746,8.76521101,24.781
64,1195.8906548801897,2.1780252156457274,5.899039,11.426414,17.741905,27.644
56,1275.9125150296695,2.132719236618186,9.80796106,10.44827736,12.45080615,13.739
16,336.12799427381515,2.096002491028459,7.57406163,7.57406163,5.971021,25.786
16,339.26043194597605,2.233918709253673,6.92369091,6.92369091,7.07714131,22.958
8,167.60992750322325,2.2608452778521246,6.015991439999999,6.015991439999999,6.01599144,22.647
16,247.98722853738744,2.410668045147425,6.306364689999999,6.306364689999999,6.30636456,38.66
12,156.79417366220235,4.786855556186351,5.39636706,5.39637531,6.59996474,42.892
8,232.17691826837222,2.7282080373752047,5.320682,5.32068083,9.470085,19.462
8,184.0693872126741,2.877687682113371,6.2068009,6.206800989999999,6.20680118,21.399
8,210.17146233378168,4.002342265897991,6.487318529999999,6.48731862,6.48731779,19.392
20,596.2053906317657,3.305168240808677,7.23854888,7.238436870000001,13.14095628,14.933
4,109.98086933430191,2.8336639361240565,5.77603309,5.77603309,5.77603309,17.492
4,117.35454266054381,3.867874856983265,6.00423343,6.004233429999999,6.00423343,12.052
4,118.31487311724024,3.836480342244863,4.909227,4.909227,4.909227,11.861
4,118.2419172060344,3.838847471650453,5.50928814,5.50928814,5.50928814,11.581
10,264.61187687457107,2.325611474950745,7.40320113,7.403201750000001,7.40320339,20.048
12,148.13570485689414,3.499412736680821,6.50537095,6.50537095,6.50537095,41.055
44,717.4274284269903,2.079195924530808,8.952122,8.952122,8.952122,24.097
46,697.060137320392,2.3088601433151776,8.8665925,8.8665925,8.8665925,56.124
7,183.22344669505875,2.413614574868375,8.97946618,8.9794656,8.97946604,23.586
7,181.9147079090143,3.2358870963502775,8.97861425,8.9786146,8.97861449,23.476
7,170.9153258971607,3.5147750901606973,4.64103937,4.64103893,8.58690264,20.124
9,117.79104882409317,4.908318581072353,4.697645810000001,5.53019827,5.53171008,41.96
52,664.6816249842055,2.657159812954897,5.34671887,9.2768137,13.40070011,45.175
9,123.78370861692174,4.709155717267012,5.73047739,5.73047739,7.97716948,54.146
10,128.71659515550795,5.289108898203254,4.62160101,5.761152039999999,5.76115293,46.607
42,561.8996169083601,3.254625560304775,9.19988064,9.19988064,9.19987979,91.312
11,150.5596143068165,4.45494840165142,4.51313103,5.870455389999999,6.49639157,58.661
12,243.33209972022374,2.682854924842401,7.18833246,7.18833246,7.18833246,33.706
9,171.9594898359751,2.342284855786351,4.577351,4.577351,8.207251,35.442
20,325.4862882574217,3.6855382816454245,5.754774,7.304705,7.742866,39.663
12,140.50506756709922,4.741232338916704,5.53045711,5.58671794,5.58671805,55.843
12,141.1886245304161,4.670962860145081,5.58446856,5.58446894,5.55555979,56.295
36,746.9737777236776,2.0981381559386754,7.27467798,7.8767791,15.16653843,30.046
22,479.4265874157947,2.2245740454071314,8.94110545,8.94110649,6.92517508,30.501
22,329.0549372815088,2.925950742482202,7.521833,7.521833,5.815955,54.672
30,418.81238839783214,2.74106461522851,5.21608665,8.82882967,10.23073193,46.367
22,329.8494726470197,3.8039209106606955,7.528577,7.528577,5.819558,53.691
22,467.85737015273446,2.3539114119685087,8.87355742,8.87354888,6.86111426,31.23
9,250.77361064244678,2.9186158953340424,5.44332466,5.69492279,9.30715298,16.146
26,807.1794169070027,3.2490293833856265,10.45185698,10.451864829999998,10.45184407,18.677
54,626.6424028616534,3.4302664379586405,8.32562283,8.50854748,10.49949619,74.063
4,115.41324796674978,9.368879755472953,5.46500068,5.46500068,5.46500068,40.247
4,125.1520854782647,8.74049109057242,5.61458716,5.61458716,5.61458862,31.125
6,123.8519948945322,6.401416968707223,5.59507683,5.595076330000001,5.59507539,47.598
4,77.32628918040584,7.442921383623871,5.24064807,5.24064807,5.24064807,52.516
4,51.30268644091687,5.2712644656332595,3.5125307499999994,3.51253075,6.33576987,58.425
58,610.3960198278791,3.2197719389891577,5.59120503,5.59120466,22.54609167,152.126
6,126.06371792500674,3.2301263262319053,4.14753367,4.14753367,7.32841864,39.291
12,134.1522688750424,1.3369017879199157,4.94110149,4.94110073,6.51151782,19.606
4,39.05474904181315,3.485224459453034,2.8998438,2.8998437999999997,5.61809322,133.356
8,184.23877345496237,3.7474374405559536,6.25364985,6.25364985,6.25364985,28.308
6,123.12375236083312,2.1054650560041694,4.11019207,4.11019207,7.28815514,40.723
8,233.94709052174355,4.332166545162103,6.85056373,6.77366944,6.77366986,21.938
6,120.57542764291797,11.483546686086564,5.54529496,5.545294070000001,5.54529405,71.011
8,128.0746181799181,6.533399930052377,5.97282382,5.9728238199999995,5.980513,40.105
12,136.84322380460083,2.664623880128731,4.52468206,4.52468185,6.72130153,28.014
12,106.04284414638592,1.1848492644874216,4.27632389,4.27632389,5.79882743,19.433
6,55.03955461011018,1.1414044570404285,4.26969287,4.26969287,4.26969287,19.495
24,255.33435083233897,2.567521882223213,7.15149796,7.15149489,7.15149293,45.442
10,148.030603787368,13.888497146024317,5.5548291,5.55482843,5.53961418,154.883
6,111.66173298297957,3.180153657747275,3.81814943,3.8181504200000003,8.84438782,44.531
6,141.2560776708545,3.6151043073525124,4.17099284,4.170992839999999,9.37557,34.453
2,56.43647606901757,6.82529377706646,3.40520362,3.40520362,4.86713862,29.484
8,240.99290690242856,8.956577025127443,6.93265818,6.93265818,5.78993975,32.912
10,143.40569737450022,6.483681245065066,6.18854763,6.1885479,6.18854747,57.489
8,196.17255671963585,5.012789837938125,7.174723329999999,7.16621106,5.76731475,27.308
2,51.949789896851506,3.2889281010977798,4.18825374,4.1882535,4.18825214,19.491
20,292.7753204813731,3.4232668213119775,6.64015405,6.64015405,6.64015405,27.038
4,54.97509825636645,1.9635426120115,3.55669055,3.55669055,5.42203547,27.617
16,299.2809712968962,1.7992925364838515,3.99475581,5.61232078,13.34892773,18.759
4,124.88204883978102,2.898233636147793,5.61054441,5.61054441,5.61054441,24.704
4,121.76544999676238,4.193833590576172,5.56347779,5.563477789999999,5.56347779,22.925
3,82.89801506661544,2.7640799191746486,4.89425179,4.89425189,4.89425333,33.378
4,89.25727546742871,8.502028065457232,5.01633126,5.01633126,5.01633126,41.303
4,109.90485986312413,7.128887705461241,5.37663595,5.37663595,5.37663595,24.373
4,84.03707695938817,8.788642280837285,4.91656719,4.91656719,4.91656719,49.057
4,75.0036203441257,9.805469722321456,4.73368195,4.73368195,4.73368195,69.41
4,88.67932703424096,6.745247194681928,5.00548075,5.00548075,5.00548075,28.313
8,179.9621610801005,6.6476639123905,6.37745327,6.377452670000001,5.10765316,27.528
4,92.07476811541021,9.677062991934516,5.06856722,5.06856722,5.06856722,24.122
4,53.856444685605005,5.161379042610998,5.84662004,5.84662004,5.84661949,69.553
12,323.93365652245717,5.272999526720779,4.73930681,8.0080526,8.53521237,32.293
4,62.17111845502621,5.21108141312611,5.98024453,5.98024453,5.98024459,64.896
2,43.62532541710708,2.2245450494052266,3.95140292,3.95140217,3.951402,23.77
20,274.4853401112587,2.575720626121754,6.49889796,6.49889796,6.49889796,25.827
6,76.49120124529298,2.658044500444338,4.69801769,4.92540851,4.69801799,20.812
8,104.9517300321121,3.259294737825096,5.42597825,5.08053544,8.13147185,87.392
4,71.2248675996346,3.2433522705122257,6.763636749999999,6.763636420000001,6.76363762,60.393
6,75.1282009034181,4.378110001366324,6.10247703,6.10247703,3.449245,69.185
12,132.45944599116518,4.9663430991830015,5.23139754,5.23139754,5.88128972,93.317
8,106.69977598060731,4.320606748945474,5.43521833,5.894954139999999,3.71012738,45.84
12,177.4635271226738,3.837716003696217,4.65272897,6.5994907199999995,6.59949205,47.66
4,45.30668964125359,4.344419882926548,3.45630027,3.45630027,6.05122719,58.273
8,115.34916339563821,3.412790825919199,5.97476555,5.97476555,7.104648,59.984
8,102.08995353625015,3.8560362991477595,5.68458777,5.684587770000001,5.33526908,48.702
6,111.36096815326336,4.935520859556339,4.0452141,4.0452141,6.80534228,47.267
6,134.71807886102448,5.2788877921796535,4.36311327,4.36311327,7.07673455,31.971
4,89.85921176413721,4.612808983370856,3.96709349,3.9670934,6.97957028,45.768
4,88.1263708556806,4.793183704171546,6.96801341,6.96801341,6.96801296,46.984
4,103.0513594929614,9.65235615005079,5.26246929,5.26246929,5.26246929,37.926
2,23.889026283517275,2.918620458117976,3.23274214,3.23274232,3.23274373,46.136
6,110.04723761048047,4.640161149495593,3.87676772,3.87676772,7.32216623,48.294
20,218.03643781772936,3.729955344740256,6.56401647,6.56401647,5.34421818,169.061
5,97.8273166837823,5.124197300683359,4.19325661,4.19325681,6.30440656,39.224
12,154.48922198524176,2.0797317574563414,4.69369922,4.6936988,7.04888462,13.991
12,146.35601754937048,4.771850854984153,5.12513315,5.72266976,5.72266951,134.959
2,27.18138272166858,1.4660451321432195,3.37491068,3.37490994,3.37491,23.295
16,198.07621459779077,1.308214220093755,7.05791828,6.913176699999999,5.9702351,13.017
6,68.55733582011085,8.338517736695007,5.15443741,5.15443741,2.81355967,108.766
64,765.2398784482159,2.1017049800683116,6.514408,10.817649,10.858998,25.943
88,954.930409919691,1.726280592110554,21.560379,5.991736000000001,7.62628059,22.716
10,121.74451354457952,1.8551739982320823,4.675526849999999,4.67552685,6.23459223,25.163
4,45.61410379676167,2.2568527445829583,4.97328626,4.97328538,4.97328625,32.742
6,61.573929632379425,2.157301409860857,3.3531446,3.36858739,5.70552898,33.109
6,101.43930142532548,1.8354684577057185,3.90804851,4.45281087,5.91257147,21.406
8,199.71708101537996,7.435777451222993,5.20572686,6.45436912,6.45436797,17.221
3,73.59766497027074,9.57028288912073,5.10573988,5.10573839,3.25998929,18.769
4,69.47774899088725,10.430563566956426,4.6144532,4.6144532,4.6144532,80.025
12,152.65074039763178,5.741721422190393,6.52030132,6.52030132,6.52030132,71.34
4,100.76746798802293,5.699071251016041,4.09875932,4.09876034,7.31914715,37.932
4,103.70823593958005,9.553933209617185,5.27362707,5.27362707,5.27362707,38.106
2,66.68896280624034,3.7323303595777593,4.55186763,4.55186679,4.55186811,15.1
20,242.56063726794522,3.9702657696617414,6.84615584,6.84615584,5.44675342,98.189
4,96.19067482659557,9.304542775824451,5.14299367,5.14299367,5.14299367,25.727
4,49.5053026568315,5.695762419701113,5.740599910000001,5.74060005,5.74060023,90.689
8,254.2887750091634,5.132784608797777,6.94293169,6.942932599999999,6.94293302,19.763
4,95.72565336373793,9.64187449920796,5.13472087,5.134720599999999,5.13472054,55.109
4,65.91584991501145,4.884540332412902,6.00360623,6.00360623,6.0036062,63.943
8,130.68234911908957,4.927499844095122,4.791154069999999,4.79115407,6.62473791,82.441
4,55.18680006305693,1.5309038739291265,3.65834104,3.65834104,4.761416,41.942
4,87.37562243542027,4.638487225763918,4.98083047,4.98083047,4.98083047,22.028
4,78.45712259897431,3.3574294052021108,4.80524814,4.80524765,4.805248,29.136
8,200.1158217963812,0.7271070768311791,6.54517502,6.545175020000001,5.39396723,11.571
6,65.5608182808961,2.326659200767581,3.35270774,3.3527077400000005,6.734763,55.978
6,104.15187051878621,1.9768516203196087,4.00926097,4.00926097,6.47945416,35.529
12,292.20348448460896,3.580874436290178,4.59733333,7.65024696,8.3081426,24.832
4,85.80863133061713,5.071812859473701,3.8754602000000005,3.8754602000000005,6.96622142,48.095
6,136.45331948793782,2.9745711839415376,4.38585587,4.38585587,7.09374208,33.163
12,124.0953836050294,2.839586473542062,5.11159793,5.111597930000001,5.59162454,97.556
20,220.21913509636192,3.1455501694038315,5.29698319,5.47126659,7.59868745,69.146
5,61.66915483455445,2.8081718468767924,3.950839,3.950839,3.950839,71.171
4,104.75645149247458,7.31852016160093,5.29133501,5.29133501,5.29133501,15.404
6,164.59947365719816,3.4109714076162865,4.64915576,4.64915576,7.61518133,26.982
4,100.4582759720705,7.538529943766292,5.21795392,5.21795392,5.21795392,24.965
6,119.59505063263028,4.244530567625821,4.132778,4.132778,7.002112,23.526
10,231.1528337665154,2.6477326711715463,7.24814101,7.24814122,7.248141,27.676
6,101.36580524377845,3.567974853946335,3.77609661,3.77609661,7.10894707,47.234
6,146.88423378006166,4.514976300256829,4.427575,4.427575,7.492786,26.873
4,56.94868235164317,1.8955913174294419,5.485994400000001,5.485994400000001,5.48599469,25.56
4,56.1758256618742,1.92167051454817,3.57212757,3.5721275699999997,5.24345515,23.382
4,50.962155593964155,2.2481258666316144,3.47862728,4.20456249,4.20456121,23.903
20,240.02135181596282,2.352073562148617,5.06778559,6.13871898,8.77329586,26.795
4,48.32136854852586,4.945377917641743,5.92898129,5.92898129,5.92898172,129.459
8,88.26939715185806,5.564450405226591,2.97508111,2.97508153,11.51547288,146.768
5,64.44912652017267,4.222756534481133,4.009335,4.009335,4.009335,176.561
40,481.97067079689253,4.517336620582019,5.5248728,5.6112517,15.54671286,101.993
10,124.81392265583447,4.360939298496417,5.573516,5.573516,4.01795,130.639
10,121.69003731022873,4.472888268755332,5.61719857,5.6171980800000005,5.61719816,100.75
20,241.49733830344042,4.507759332944719,5.53000775,5.60546511,7.79067262,92.741
20,247.43532783762288,4.399581458849049,5.58105351,5.58105351,7.944256,124.843
20,246.90213602096873,4.409082473576449,5.562819,5.611539,7.90948,111.184
8,143.95860331027754,4.15314468788434,3.42669221,3.42669333,14.15652617,76.388
8,163.87637432599843,5.549090470798109,3.57450499,3.57450495,14.80995926,61.06
4,91.60475849799879,10.1723564138392,5.059928079999999,5.05992808,5.05992808,57.865
4,101.78458029600054,9.273211594315221,5.24081701,5.24081701,5.24081701,42.221
4,97.3455864351675,3.946611973001607,4.12198833,4.1219888,7.03066971,41.505
12,175.32615254415765,3.6251697566743313,3.441777,5.742617,8.870623,60.312
6,78.50176900936296,2.326334012232601,3.3693124,4.18284327,5.57014591,32.685
4,55.67230354326203,2.117359780543865,4.316561990000001,4.31656199,4.31656199,23.841
16,336.7894842546889,2.1285356265948536,5.58246188,6.0007586,10.05371571,29.048
24,502.91735626293973,2.3490230826921965,6.52865109,7.00711307,10.99345085,35.625
8,114.53376101656923,2.435038316004904,5.45108393,5.45108401,5.45108266,23.499
5,81.04148454461952,6.188465133544278,4.32748724,4.32748724,4.32748724,132.432
4,117.461375962325,9.11249750436162,4.89739381,4.89739381,4.89739381,32.491
4,72.74646316653131,10.112769866212746,4.68571238,4.68571238,4.68571238,72.915
4,62.890942378410735,9.0365812901762,4.89139128,4.89139128,4.89139128,97.437
4,48.5436677111177,5.5213223059891705,3.35885426,3.35885426,5.75016059,86.526
4,90.05123886233048,10.361822369662873,5.031163930000001,5.03116398,5.03116398,59.173
4,100.15556620201673,9.436606217484407,5.21270758,5.21270758,5.21270758,43.007
4,108.85753272634228,8.797980814479102,5.35950271,5.35950271,5.35950271,36.356
4,93.15555044387844,9.943577487193366,5.0883219,5.0883219,5.0883219,56.68
4,103.44920427313721,9.070472202004026,5.26923277,5.26923277,5.26923277,41.671
8,126.7351707736931,5.133434130120437,4.76997691,4.76997704,6.51172703,84.293
4,112.36725956919136,8.462705071076773,5.41649395,5.41649395,5.41649395,35.668
5,58.755619851879835,7.268790558175942,3.887614,3.887614,3.887614,211.053
12,164.11433641122176,5.528461845791289,6.89578442,6.8956650999999995,6.89607022,21.527
4,42.85092390386169,6.118637520592008,5.40042233,5.40042248,5.400422,109.969
6,90.47622758399184,5.067955914374291,3.22966977,3.22966977,10.015845,94.744
4,44.86552305155015,5.775957432424158,3.11705979,3.11705979,5.62753327,94.522
12,265.2136498066087,2.0682328089782627,7.56804732,7.56804629,5.34684511,26.857
8,174.63099770601136,2.0940290445736736,4.4515464,4.45154804,10.17580278,24.869
20,236.38441497374964,5.416017523489862,5.476474,5.535948,7.796969,128.735
8,193.50713264908308,3.5849119652394275,5.85053393,5.8505333,6.85509149,23.333
4,46.68172548890615,3.5551752672000974,5.69021901,5.690218969999999,5.69021898,100.745
4,80.19591521452566,2.7347630890300207,3.7588864800000006,3.75888679,6.90391368,51.116
8,201.387565521067,3.362503032772607,4.64853032,4.64852941,10.76144936,21.931
16,381.46325270607605,1.7786768081778808,6.55294731,6.88312817,10.18317439,17.961
12,126.41599535155218,3.1835459948804123,4.87350679,5.46567508,5.46567488,186.672
12,196.64691623493007,6.728742722496691,5.70868994,6.66585988,6.66585967,105.869
4,89.11366104026881,10.570718559562843,5.0136394,5.0136394,5.0136394,59.904
4,99.01937240170118,9.634772519833128,5.19292108,5.19292108,5.19292108,43.362
8,117.30524778532087,5.8137095905599425,4.68580457,4.685804639999999,6.28853716,91.596
4,60.70243773466102,5.617390911494823,5.97379101,5.97379101,5.97379069,74.437
4,94.52317335482252,4.1719339392812325,4.06061519,4.06061497,7.0223735,43.099
4,106.48639345367744,5.165790448906948,4.21073522,4.21073362,7.3487836,35.686
4,108.30030299374467,8.925431851313778,5.35034216,5.350342160000001,5.35034216,36.766
6,152.99095460066727,3.748341143530181,3.90226432,3.90226492,11.60116774,29.913
4,68.63965987604085,8.57706957520665,4.59582737,4.595827369999999,4.59582737,80.165
4,90.5723551411613,3.7736500602588525,7.21405122,7.21405122,7.21405199,39.706
6,190.77017858445524,4.586516018638746,4.32609995,4.32609959,11.77028027,22.663
4,47.61947272533407,8.088367160804719,5.91380359,5.91380359,5.91380338,136.044
5,61.5296548880146,6.799149472760509,3.94785406,3.9478541299999996,3.947865,201.078
10,118.77001155706728,7.044696133416973,3.95914,5.477129,5.477129,139.77
20,235.8540543774273,7.095054129050734,5.49189032,5.49188983,7.82031063,127.767
4,90.87509924737304,4.495923929275181,3.98929541,3.9892967699999997,6.98428361,44.885
4,102.5652207903451,5.501957566191375,4.13509836,4.13509831,7.32615431,37.348
5,55.54069588597196,5.052351625968146,3.81537391,3.81537391,3.81537391,190.453
6,159.52563186308316,7.235588057222709,4.65711307,4.65711281,8.4931014,31.246
24,331.2149333178085,6.598254759760272,7.55002267,7.550025240000001,7.55001714,88.135
10,121.46554934089782,5.792353079789598,5.60510025,5.60510025,5.60510016,103.839
6,63.16402096151212,4.383006962229536,3.05762978,3.0576297799999996,7.801342,141.836
28,292.4066920579136,4.150602303669638,2.94553414,9.24441596,10.73850363,143.935
4,42.452041781745685,4.0232621112440725,5.67239974,5.67239974,5.67239893,104.141
5,59.42551848449956,3.321188019187518,3.902333,3.902333,3.902333,138.443
4,73.24583391413469,3.060253289484007,6.89453011,6.89452959,6.89453118,50.05
4,73.65798529130376,3.0431297202910836,3.55745685,3.55745685,6.72081712,53.161
4,72.56818159199301,3.0888303835005035,7.08666562,7.08666562,7.0866659,52.215
4,121.12075331909544,8.784361136526044,5.5538159,5.55382545,5.55383131,27.25
4,104.40128669671535,8.655172798260981,5.28534835,5.28534835,5.28534835,23.718
10,157.17575345090475,6.502349166916529,6.057594290000001,6.057594290000001,6.05759429,42.375
10,172.33502485764342,6.36489094268562,6.24639604,6.24639604,6.24639604,39.944
4,71.197748140166,10.267052249314611,4.65222187,4.65222187,4.65222187,74.545
4,52.50402583394437,7.081981191148896,3.3322408399999994,5.78898896,3.33224134,89.39
4,87.40630008595359,4.864496448525463,6.97407876,6.97407876,6.97407958,47.536
4,102.47387247031855,9.73389754071744,5.25261813,5.25261813,5.25261813,37.535
20,280.2986898886754,7.322682831003938,5.74520583,5.90574039,8.26116171,83.733
16,233.06854226140803,2.9052930878625696,6.570475,11.78339065,6.80067678,46.808
4,72.46055725257831,3.16387480633082,6.78689001,6.78689001,6.78688938,59.208
4,73.66568525043144,3.1121156446824996,3.5716201600000006,3.5716201600000006,6.97969342,57.655
4,83.03004834034758,4.636852543310463,7.11058829,7.11058829,7.11058934,46.152
12,155.0132689108396,4.02542843835738,6.559163259999999,6.559163259999999,6.55916326,68.677
4,86.58430062389034,4.989420229046166,6.964474419999999,6.964474419999999,6.96447453,36.215
28,439.78785962990736,6.594816013166397,8.53596738,8.53596741,8.53596732,64.356
6,120.67129330811763,4.494852860280697,4.14144251,4.14144251,7.03559276,36.358
20,230.075798391036,4.197440739171213,5.35051557,5.5832596,7.70171572,68.824
6,89.5658355885323,3.7971684514111588,3.45036857,3.45036857,8.68722,63.702
6,110.97209835409217,3.5724791165761562,4.02878405,4.02878405,6.83700378,42.42
6,145.3254622946471,4.802693782016455,4.43011462,4.43011462,7.40477365,31.291
1,18.258066606996127,8.449671975827533,2.87315471,2.87315362,2.8731529,172.05
17,224.6028919039621,7.490359448729525,6.34977871,15.83781289,5.49998459,226.442
30,517.5739156521927,6.8271069268139115,5.18377702,9.992244089999998,9.99224409,159.974
8,117.69480544795,6.343482733040329,3.12256925,3.12256978,13.93806553,169.752
8,116.46825683198338,7.777292118972579,3.35724183,3.35724152,11.93195637,204.049
3,42.883626024548334,7.660116798213138,3.14837275,3.14837454,4.9956079,223.238
12,171.13372737768208,7.678055965063316,3.10629662,4.9922501,11.03561018,226.573
8,112.1250433853927,6.8091615895612545,3.34359817,3.34359817,11.580941,194.217
5,87.44811655822537,4.974194661804386,3.28996005,3.2899600500000004,9.329075,40.643
22,287.82573979512813,6.030374240394657,7.410252420000001,7.41034403,7.41034591,117.943
12,151.90401875281242,8.541828466316844,4.83185863,4.831858479999999,7.51294504,225.621
7,139.5693342215676,6.587088543630464,3.535106,6.389542069999999,7.08250136,75.556
36,427.90237579383097,5.360809084261085,5.247101,5.679291,14.35923,105.183
8,127.68053821017628,8.132067207292085,3.1937601,3.1937601,14.45404753,161.184
20,205.0041400103404,7.381809268723996,3.01394272,8.19175301,8.30330112,302.64
7,100.8436331569583,4.376949516418652,3.85882429,4.01861765,6.78390025,135.559
28,509.80494798024336,3.463187190543735,9.93537735,9.64628495,5.31936257,55.283
8,110.61133535326898,6.869580315217379,3.3203163,3.32031585,11.5853757,222.653
22,320.8666939160232,7.371597997072113,7.68445749,7.68445749,7.68445749,146.353
4,65.90174361245404,11.860893062351941,4.5338864,4.5338864,4.5338864,237.553
10,208.12684637288646,6.744904411534522,3.47956188,6.62996938,9.30099227,68.479
8,128.53379942081378,8.178645295150462,3.28320688,3.28320726,13.76861158,161.142
36,416.33247793290576,5.539508452294541,5.05574439,5.76456888,14.2852666,143.453
8,141.20299342504933,7.190044741935381,5.20732441,5.20732441,5.20732441,159.438
12,163.25821592177414,6.707367103204849,3.13331235,3.13331094,19.20158825,200.473
8,143.96142386676783,10.973699524567564,5.24101402,5.24101504,5.24101504,184.705
5,89.3750449394606,12.497508540260075,3.4156189399999994,3.41560074,8.03129257,174.046
10,128.6426855296185,7.753696915152551,3.31146728,6.23278742,6.23278742,241.544
7,74.06841795405627,7.218088187785856,3.15524569,3.31677141,7.43762542,274.679
8,155.35035982766496,10.426034944015548,5.37572967,5.37572967,5.37572967,158.674
22,511.4823193901685,3.651319776693332,6.80126383,6.801334200000001,12.76792964,12.959
4,64.90343254918825,8.559744896521172,4.51087599,4.51087599,4.51087599,187.538
8,139.42756603097695,8.299675640892172,5.18540562,5.18540452,5.18541202,166.129
10,168.63435222528005,8.235327417782276,3.5206017,6.92093192,6.92093192,167.906
8,138.3108653753125,8.436728056164307,5.17152664,5.17152664,5.17152664,171.519
8,138.35746573789768,11.304165702453709,5.17210738,5.17210738,5.17210738,218.977
11,139.3080762323638,4.883744229635494,6.3464169,6.3464168999999995,3.910924,212.133
11,164.03606231817145,4.147533193779069,10.7194913,10.7194913,3.989261,188.369
8,138.27424978039966,11.263244885336794,5.17107024,5.17107024,5.17107024,232.709
8,140.1835714986066,11.22483350275881,5.19478774,5.19475057,5.19474955,203.6
8,138.30559807591897,9.163802958065036,5.17146099,5.17146099,5.17146099,201.402
4,67.51267577610682,9.341278473585847,4.5705322,4.5705322,4.5705322,208.891
11,292.2560280529545,4.943799491279584,7.17997263,7.17997254,6.54616994,12.982
8,149.08553660908888,8.921204207772094,5.30247347,5.30247347,5.30247347,173.865
32,549.9487934385488,7.411033133620107,5.22389221,10.26039365,10.26039365,183.507
8,150.9566578296182,8.743524447158135,5.32456448,5.32456448,5.32456448,165.507
8,148.12081627084117,9.110249638190753,5.29101142,5.29101142,5.29101142,170.078
22,555.3937855951865,3.9136428094104314,6.95827391,6.95831148,13.24531568,12.425
11,370.6888969902336,5.799519859009205,7.73540468,7.73540265,7.1534071,11.976
16,210.7601661141123,6.848877727179675,3.1604025,3.1604025000000004,24.365378,216.088
35,348.39784162737914,7.831775709913577,3.104186,3.207359,35.06401321,303.254
12,190.5503381802737,8.043992122531538,6.153629,6.153629,5.032075,183.709
12,194.87248608402456,7.816358820539305,6.228505,6.228505,5.023228,194.139
12,195.57239563392008,7.735944194370739,6.194827,6.194827,5.096232,193.734
7,85.45369458038503,8.037975608550232,5.36496508,5.36496508,5.36496508,282.104
9,103.67595401230021,7.073887719074272,4.31147514,5.35665139,5.35665241,268.181
12,194.2975564816663,7.835388798082371,6.252903,6.252903,4.9694,187.702
13,187.14250216878682,7.374081758509151,3.59804003,7.43295445,7.4329555,180.208
16,271.5599640176499,8.23911337051036,5.08749337,7.733666509999999,7.7336653,164.794
36,456.29209524846584,4.916729947779863,3.892188,6.378895,18.37823,177.534
9,194.34177336096988,8.130636504492115,3.58451998,7.57746548,7.57786472,96.984
9,172.68874820849658,7.503893807098508,3.46585525,7.268339849999999,7.2683397,112.67
16,264.2733987423693,6.896528996915615,7.58333856,7.5833385600000005,5.306424,185.606
16,258.2766995200098,7.056653429935093,5.09122222,7.56378145,7.56378219,192.916
9,200.75968505178167,8.063932303285105,3.7025218700000004,7.5927327,7.5927319,89.583
11,136.6127150121394,7.505664647217054,5.52103519,5.51040849,5.50989582,235.464
13,181.26365624562078,8.885808578998827,9.17238794,9.17238794,9.17238751,220.75
29,349.7987540875273,8.037508539819209,7.908576920000001,7.908578059999999,7.9085778,218.334
5,65.1582457381741,6.339902429752184,4.023986,4.023986,4.023986,187.023
10,137.02715395133865,6.029416923021545,6.84998952,6.84998952,3.11296407,117.29
4,63.09599022283577,4.575352089364073,3.83396609,3.8339656,5.07688748,126.155
4,52.60458845236581,7.505054784182172,4.20577595,4.20577686,4.2057768,195.157
4,51.07400214024088,7.529157011792025,4.16458403,4.16458403,4.16458403,209.082
4,52.957221253178005,7.440041810703095,4.21515335,4.21515374,4.21515302,181.822
12,143.02161204891175,4.269971278739179,3.78603429,6.37870328,6.51242982,173.006
4,59.94522142724423,13.860108397405899,4.39295265,4.39295265,4.39295265,260.723
4,58.82415658281772,9.090482060128418,4.365395190000001,4.36539585,4.36539496,230.476
4,70.96032582756526,7.854668489689104,3.46654444,3.46654523,6.39357543,161.259
6,110.00053453036253,7.328967323202561,3.42486658,4.99814641,7.0997519,125.156
3,51.95269047008488,15.560619336907665,4.67646908,4.67646831,2.74309831,176.852
4,46.18050083074734,7.458852048713679,3.17539516,3.31238813,4.69254427,263.884
3,28.040111708704718,6.782385586255605,3.11109402,3.11109389,3.34520631,286.562
8,84.854325454178,8.296800148803662,4.57178059,4.57178059,6.2036746,297.126
12,108.6313361259431,5.127383804066573,5.22521514,5.22521479,5.22521489,249.352
6,98.22799232204055,6.185256293396163,4.197433020000001,4.197433020000001,6.05526211,72.864
12,400.18044216207716,4.086622715188424,6.70591117,7.28632646,9.84536986,2.605
2,22.904351947098707,7.606367154128254,3.1877017800000003,3.1877015099999997,3.18770151,296.238
24,298.4585283313426,9.003407498667308,4.71961929,4.71961929,15.471748,199.865
12,152.34452823035522,7.970583307045245,3.58545296,6.13062929,6.93071077,233.807
3,53.59219703569991,8.47740545558834,4.23193368,4.23193368,4.23193368,193.533
9,134.0476401450714,8.08453890270957,6.76981632,6.76981632,3.37734,189.979
12,165.02516558272376,7.078905089525393,3.53608222,6.288454710000001,7.4213666,214.246
9,127.25681290500359,6.771817382963636,6.6505256,6.6505256,3.322297,209.159
8,164.67953723815498,4.1524118491629,5.48125339,5.48125339,5.48125339,44.381
8,181.82844767762958,5.473847425981426,5.66526997,5.66526997,5.66526997,33.566
8,212.9776307986598,6.190207190283771,5.97188355,5.97188355,5.97188355,30.476
8,182.18817921550928,7.503943041170823,3.840855,6.796917,7.32761011,65.953
5,75.38315736847619,3.720526528409804,5.241315769999999,5.241315769999999,5.24131577,33.398
12,159.62706271785677,8.513350469903678,4.77689655,4.77686,8.07760415,305.721
4,52.7208681363239,8.203072178841307,4.20887328,4.20887328,4.20887328,198.022
3,52.43169444260383,8.567236284327807,4.2011639,4.20116377,4.20116406,164.016
4,62.88442553763809,7.9766645868241035,3.79543088,3.7954298,5.12436289,122.973
4,52.380390582543065,8.892147988431152,4.19979365,4.199793680000001,4.19979274,193.763
4,52.590608676372156,8.841460833455605,4.20540343,4.20540393,4.20540387,186.563
12,152.04892420659442,4.950024557227747,3.82229066,6.5595629,6.6616621,162.98
4,58.92980108471194,10.278565267257703,4.36802105,4.36803713,4.36797263,233.221
9,146.2314158829458,8.114216509902898,4.98885442,4.9888540699999995,6.78435339,144.24
12,188.20826488953446,12.626014490225641,3.89522338,6.50627953,7.42631907,223.174
4,59.29906385512505,10.296243471759231,4.37711152,4.37711152,4.37711152,220.427
3,23.847161484135427,6.609680625723186,3.23085455,3.23085361,3.23085265,179.449
10,171.07680721647526,7.849239389363388,5.1265859,5.12658563,7.51629917,23.318
8,317.9703619219886,4.946776550838648,7.41643209,7.401469719999999,6.68892036,3.502
12,147.45543350814313,6.119882501981607,4.87877771,5.18482414,5.82994811,161.141
4,64.3262375426944,10.580376560916532,4.49746421,4.49746421,4.49746421,210.794
4,64.18837172094261,14.752158350763985,3.87415123,4.07042629,4.07042629,258.818
4,59.93299137640909,18.55115459515263,3.91340971,3.91340971,3.91340971,313.146
2,22.18152635028365,8.003657796808882,2.97204749,2.97204793,2.89967487,312.566
4,43.6268559679344,8.13871833666198,2.99142413,2.99142473,5.62946641,314.396
12,132.11468431142572,6.179509148785718,5.02537217,5.08412688,5.24459321,236.601
4,59.60962334040698,9.16500731885331,4.38473945,4.38473945,4.38473945,156.967
8,97.08582996236935,9.201398912247077,4.21909961,4.52733326,5.08268979,205.078
4,48.6695708533088,9.177453535627562,3.6167848,3.61678548,4.51479539,197.229
6,67.1987072766645,8.026625997236216,3.07139375,3.29028249,6.85003668,230.082
12,155.6307685121479,7.792045296452858,3.58880657,6.13078566,7.07341726,215.347
6,76.75730697732924,7.068081579827412,4.24984649,4.24984649,4.24984649,242.599
6,72.53225084167956,5.719109193321765,2.92777337,4.97733474,4.97733474,234.511
24,288.6331085457813,5.748749541463966,6.04045043,7.544004710000001,7.54320008,207.449
12,166.69477509957636,4.976998977360558,6.94335198,6.94335198,6.89719117,160.143
6,72.71585747459865,5.70466851396033,5.27443624,5.2744371,5.27443726,181.643
8,127.62088053356932,3.7448029046990383,5.64564091,5.64564091,4.00757,139.921
8,117.31099633039298,4.073915140711672,5.39017194,5.60965735,5.39017189,94.407
4,64.41246008235636,6.387205686332856,3.3498465699999995,3.34984645,6.21000769,185.947
14,178.74108155205434,3.7881158221833475,6.513189,6.513189,4.213442,87.368
6,98.6451276003394,5.250193439830598,6.70970841,6.70970841,6.70970841,139.088
6,106.54327712048156,6.322763662608057,6.97321847,6.97321847,6.97321847,127.788
3,47.20078609972105,10.756257493217063,2.83522839,3.9445803100000005,4.8694855,194.599
4,61.633752340824806,11.10460341763069,3.9165402799999995,3.91654157,4.87998085,197.625
24,370.0732624811343,11.09647920463128,4.87978248,5.52747631,13.72019726,196.318
4,65.6230222879895,14.57474102196728,4.65333233,2.79607438,5.04363254,229.595
3,47.881095078817935,16.75324843477054,2.81094514,3.9937162500000003,4.91470352,241.924
16,252.25169488051793,17.856902574056285,4.907772350000001,5.58163898,9.3699957,249.254
4,63.33209958152857,10.268198245349467,3.88037155,4.03994346,4.03994346,227.229
4,63.74540837654107,10.201621894960963,2.83114241,4.57884757,4.9173487,219.994
6,95.24166043150217,10.241944819909715,2.84782699,4.88922363,7.05126082,217.831
4,58.36282886026119,11.426973233407866,3.87893151,3.87893151,3.87893151,248.556
12,136.5868765396639,6.317207083808036,5.63372957,5.63372918,5.6337248,215.16
2,31.933824680556693,10.086651400506684,3.05347284,3.05347284,3.42501765,234.476
2,32.35466160484057,9.95545437537452,3.186488,3.186488,3.186488,228.567
4,58.64220485968748,11.216609716551268,3.88510929,3.88511031,3.88511337,254.366
4,63.226091875875774,6.56437406867552,3.30651916,3.3065188499999993,6.67764894,178.15
2,31.704952634369096,6.545345182502808,3.31855034,3.31855034,3.324296,178.147
3,62.51091880119934,4.171511941154897,3.3695344799999996,3.3695344799999996,6.64847555,9.643
3,63.17206839568979,4.127853509535539,6.61550314,6.61550314,6.61550301,25.187
3,145.8632931062121,1.7877358907692291,3.37143491,3.3720119099999994,14.81449101,10.712
3,112.79140663678717,2.3119229736312032,3.37182553,3.37120552,11.58170294,13.237
6,124.07739761428232,4.203264240637991,3.3687676,3.36876769,12.62466552,26.113
3,216.99417001297272,1.2017145171051264,3.37151008,3.3715091899999994,22.07122519,5.711
6,140.24353519590252,3.7187460208773455,3.4001643,5.89675518,13.98479365,22.146
3,62.205063364805135,4.192022805322065,3.40315472,3.40315494,6.20199946,11.912
16,320.7208359606583,3.916305949205066,5.03562888,6.803938130000001,9.43103173,16.691
6,137.98981961706707,8.096961781030261,3.68289932,5.469842769999999,7.5637024,96.221
3,58.88361454385273,8.903879263031854,4.36686522,4.36686457,4.36686603,168.993
6,142.22641614801103,5.85695702368436,3.49904842,3.49904765,13.41373919,21.189
3,130.41710244456783,3.1936532532825215,3.4993145700000006,3.49843671,12.42600941,9.602
3,71.15669001272505,5.853377994834912,7.00676599,7.00676615,7.00676515,20.516
3,69.98606487346807,5.951284791605322,3.51827196,3.51827279,6.52863037,18.487
12,410.29245607469005,4.060586514220018,3.50279856,3.50030804,38.64910683,17.043
12,284.58190422840636,5.854300604742374,3.49970061,3.49970013,26.82964057,20.549
12,281.0691473338428,5.927466709977434,3.51033931,3.51033922,26.33809795,27.022
12,281.7739471347743,5.912640366379308,3.51110718,3.51052013,26.39847365,21.889
24,545.0726274084511,6.028075608838103,3.52097591,10.32276785,15.85827779,22.823
9,131.75858778966898,5.636417737963406,4.80627486,4.80615456,6.58636151,175.204
9,131.77453211823118,5.635735748091134,4.80595947,4.80576692,6.58815616,175.016
6,97.85200784825881,6.649265453450085,3.50907888,3.50907888,7.94663892,151.91
12,178.90676366548664,11.62830451609156,3.79800648,6.45416533,7.29845563,244.124
12,181.86290434929214,8.305735858067342,3.75743486,6.4837477,7.46494402,194.818
12,183.25938681726208,11.456031946819342,3.8274513,6.47916125,7.38988648,215.103
12,176.6763638858986,8.417432615014366,3.75346865,6.42988934,7.32052387,221.086
4,58.3485956631288,9.021252273309202,4.35359944,4.35359944,4.35359944,245.129
12,271.81163251167334,8.072058644677128,5.69847959,5.72465246,10.02023004,96.844
8,170.66032950627132,5.366069999137488,3.35555019,3.35555175,17.50146048,68.64
9,249.29454746804774,6.956159891997636,3.70055245,7.75776282,9.60735739,28.028
3,85.69826885439763,6.74510992879466,3.7210627600000006,3.7198654,7.14826647,21.331
10,304.6492643743739,6.57683396397503,6.62249651,6.62249651,6.94634993,32.222
20,766.6170222599985,5.209114440791987,7.68762163,7.3684214599999995,13.67789704,5.474
8,251.94227161962567,6.7352679104439215,6.891402940000001,6.891402940000001,6.89140294,18.062
5,69.35312692633802,8.26731310000697,4.108551,4.108551,4.108551,176.002
6,51.433502960904384,6.040291995158122,3.05510773,3.0551077300000005,6.36300548,287.133
24,356.06079263209284,8.34695830256756,5.02844772,5.02844737,16.26019476,140.627
12,152.47287669071977,5.788296265767087,5.69129974,5.76525118,5.38931929,138.984
4,59.7757128663261,8.031979052973545,3.90998347,3.90998347,3.90998347,118.284
4,51.40818344069253,8.92096527272856,4.17364337,4.17364387,4.17364601,192.655
4,59.16623421984557,10.219445059959543,4.37384084,4.37384084,4.37384084,202.133
4,58.65673843649167,10.204287811543798,4.36124987,4.36124987,4.36124987,218.128
4,141.84503748772414,6.754398479393755,3.71007463,3.71007288,11.89921547,33.844
1,35.351951493299765,6.775283011591441,3.6839145799999997,3.68391433,3.6839133,31.862
5,101.46679188236726,8.268728098476611,4.28129339,4.28129325,6.30993148,81.818
5,81.55851562199321,8.294466036566703,3.98797227,3.9879708100000006,5.85238651,111.275
5,73.76705682125274,7.294685851646278,3.88742664,3.88742623,5.60209005,122.962
5,76.53885446728948,6.905190384746322,3.91785377,3.91785382,5.70427846,120.144
5,81.67115694103144,6.658836095089315,4.06883986,4.06883932,5.71087296,115.656
18,189.6049853082859,7.196636143101131,7.055419,7.055419,3.80894,216.78
5,87.71954525143894,7.594980104033338,4.00780033,4.00780087,6.15267448,124.467
5,77.89200428252238,6.653561296835535,4.00998409,4.0099833700000005,5.61290551,118.239
5,94.55808746003116,8.822002962923653,4.32315708,4.32315803,5.91118275,107.798
5,90.4056572190381,9.098100980921132,4.1579463,4.15794739,5.99909205,123.385
14,133.17503435366342,4.869434207965822,6.42369827,6.425784119999999,3.72548882,65.945
5,83.73448909570187,6.153344484084059,3.95950365,3.9595036500000003,6.03035229,118.634
5,81.59404136948247,8.373961141017862,4.06711238,4.06711195,5.70984932,120.915
5,83.2848060430652,8.112979929832184,4.1263787,4.126378039999999,5.69549774,111.919
5,73.63972144544051,7.2964850658432825,3.9404701100000006,3.94047045,5.50053261,153.813
5,83.83326521551871,8.088043879149666,4.03839737,4.03839782,5.88032262,124.803
14,175.60905352515917,7.9633608050285405,5.869802239999999,5.869283930000001,6.57412934,147.983
17,410.1320665392187,9.580581548374044,8.10678283,8.10678283,8.10678283,100.469
5,78.08923740979884,6.757896497638771,4.04208441,4.04208433,5.56889847,147.126
5,87.08705290620438,11.075840534179427,4.20859939,4.20859883,5.74722762,152.083
5,88.51970448952927,7.752203374442667,4.22093686,4.220937659999999,5.79601428,123.29
5,90.25702143533933,10.865446347178755,5.8284391,5.8284391,5.8284391,137.703
5,86.5131661192455,7.726627215210077,4.20380124,4.20380163,5.72730038,134.593
11,203.8817578431723,7.320855196664559,7.59498326,7.59498191,4.08125903,75.88
4,107.8062431083187,9.194697973020897,5.34219377,5.34219377,5.34219377,56.88
4,96.3121569423669,10.147650954882359,5.14515784,5.14515784,5.14515784,83.856
8,176.05461809595087,5.872442118453895,6.9050042199999995,6.90500422,9.57227781,47.035
4,115.46132335472876,7.41686964923278,5.46575939,5.46575939,5.46575939,50.858
4,89.92515164858618,10.049951432655845,5.02881191,5.02881191,5.02881191,86.254
7,95.35487585204642,7.244832289655758,3.94479593,3.94479682,6.73266377,136.726
4,89.39543063714922,8.416428521739096,5.01891807,5.01891807,5.01891807,81.88
68,918.3087649567927,7.828488709640834,8.769637,8.769637,11.940582,138.937
22,276.54963344663895,7.684959177729501,6.55316786,6.553167860000001,6.55316748,156.971
4,95.72336507904967,11.755682357544124,5.13465165,5.13465165,5.13465165,92.21
4,91.80749395470374,10.619365769469718,5.06365813,5.06365813,5.06365813,94.942
4,89.23471683959268,10.86013861474683,5.01590862,5.015908619999999,5.01590862,105.456
6,190.8827098634505,5.442068118165062,3.86383431,9.006254,5.61607473,36.226
4,109.46176459987636,5.154331796821116,5.36940069,5.36940069,5.36940069,46.7
4,116.15331579367295,6.1131111478984765,5.47665693,5.47665693,5.47665693,46.386
4,117.41050862072791,7.314377729913036,5.49634505,5.49634505,5.49634505,44.88
4,88.70147354867109,10.097751919140252,5.0058974,5.0058974,5.0058974,106.997
40,689.0489399573207,6.487107741644722,9.6373428,9.63734243,9.63734282,124.063
20,477.1530517042118,5.354881468003723,4.05422156,7.51249909,15.66627676,74.377
5,93.13083855989517,6.28598866513259,3.96867446,3.96867448,6.82766063,107.491
4,114.74452079773363,8.795618914506,5.45442513,5.45442513,5.45442513,57.531
5,106.51193511931199,6.9856865775426025,4.06011268,4.0601134,7.07043552,71.289
11,175.0130578353078,5.012983175199055,3.868028,3.8680280000000002,12.01295884,127.005
6,185.63576689858868,8.817540079872789,5.56792251,5.567922249999999,6.91424172,45.139
4,102.11898280443361,7.508618790101103,5.24655012,5.24655012,5.24655012,54.104
4,100.00007430393065,7.034303955431813,5.2100086,5.2100086,5.2100086,54.936
4,93.82654796760585,9.665036288460616,5.10050971,5.10050971,5.10050971,80.699
22,306.59562953091205,6.314339103532389,7.56879924,7.56879924,7.56879924,158.964
5,132.660519887727,5.904594414226272,5.100122,5.100122,5.100122,63.965
4,124.46204656670398,7.305184423955678,4.99280382,4.99282835,4.99281875,41.855
5,135.0999557994711,6.877592483649408,5.13119013,5.13119536,5.13119536,63.104
5,127.13188780825314,7.334720600828202,5.02826716,5.02826405,5.02826405,75.749
4,139.90103922196326,6.920871273901745,5.19126642,5.19126749,5.19127715,34.408
14,436.72102127877815,7.17207321657427,8.27831563,8.27831585,8.27831648,53.979
4,124.1614070722265,8.520722411005304,4.98879862,4.98878694,4.98879543,41.606
14,355.522169024866,6.822770203046322,7.73000129,7.729953749999999,7.73002046,60.875
16,426.39564151591776,6.273556583276286,7.82581624,7.82581132,8.89325755,55.178
36,946.2080395681769,5.851337566770576,7.90158778,7.90158674,15.15507021,64.481
16,514.0810383954182,6.959856625306008,9.28872697,9.28872707,6.88000155,53.972
2,52.05690376129182,8.041946533987371,3.73387216,3.73387216,3.73387216,55.86
3,69.88070490470093,8.55398064433519,4.79521212,4.79521268,3.50922271,58.469
4,86.5690762057591,12.392187256505814,4.9654574,4.9654574,4.9654574,81.37
4,92.8421858547904,11.684493320086853,5.08260998,5.08260998,5.08260998,64.746
6,128.84364339081876,5.108940816747469,5.66924845,5.669262319999999,5.66925414,72.11
8,168.76203953054966,4.431460704954183,6.5072044600000005,6.50719388,4.60214612,66.853
6,97.71391073974557,5.821653606970936,5.31000967,5.31000881,4.00161386,105.597
6,108.50653545586286,6.703377872188891,5.459897,5.45989592,4.20297352,109.306
5,102.36043344472938,4.090790339850907,4.24217809,4.24217806,6.42939162,70.958
10,104.23401912165441,6.984787975545726,5.282518439999999,5.28251868,5.28251761,197.949
2,55.21632724304815,6.590980212849536,4.27425923,4.274258950000001,4.27425824,71.185
6,80.81111957524234,9.751869120732009,5.442592,5.44259124,3.15013371,199.655
6,81.94168091811328,9.505732546455485,3.048895,5.57077863,5.57077863,214.904
7,70.4236579028902,4.930615846489179,4.12958294,4.12958294,4.12958294,174.362
5,82.2434325745782,14.947155498429474,4.02110246,4.02110246,5.08640514,170.929
5,75.8563387221127,10.152182226256086,4.23316728,4.2331642,4.23312733,174.728
2,69.09948540009403,8.488335214387712,4.60606309,4.6060633,4.60606317,50.357
8,143.79759823644335,7.640609678175437,3.960283,3.960283,9.168519,61.877
4,98.05281807139257,12.653190247990603,5.17596931,5.175969309999999,5.17596931,78.758
8,250.51142826478105,5.090151951025735,4.13024171,6.88153728,9.2397374,9.801
6,128.19139265081296,6.2214913291043334,4.02843134,4.02843134,7.89926955,20.663
3,47.62721082060188,5.8665612525949395,3.8414121200000007,3.84141083,4.21845062,101.733
2,56.82716838225028,7.49962290552279,3.84460747,3.84460747,3.84460747,48.816
4,88.71274621932159,12.177773159856079,5.00610945,5.00610945,5.00610945,79.109
8,205.6085919648351,4.047814804175025,7.47477076,7.47476896,4.24927627,34.633
6,111.30186979866941,5.839222599883811,4.04899113,4.04899113,6.78904691,74.064
12,153.95309608470487,8.43003579364644,5.0996057,5.0996057,6.835725,157.015
8,103.33377116759782,7.301946267134663,3.78838703,3.78838703,7.35775873,161.032
6,120.58873939128605,7.596097436812315,4.29064834,4.29064834,6.5502958,57.838
5,90.4046605809525,7.734612558009103,5.77105186,5.77105186,5.77105186,92.959
6,113.69388522537798,6.755287118420582,4.03513323,4.03513323,6.98266731,69.818
8,137.04446981312827,6.2848867927392975,4.04125566,4.157427009999999,8.41752135,119.87
10,189.28264728381407,7.266653500766892,6.16528214,6.16528214,5.750085,8.593
6,90.46695639507045,8.479588407916314,5.06720535,5.0672055600000006,4.06838753,101.881
16,359.7122751025915,6.752868487942464,6.72636722,7.194588550000001,7.4839622,62.416
8,159.91525495925615,7.297521505060714,4.122932,4.122932,9.407572,73.474
8,268.389632947938,7.817233929308653,7.29185185,7.291854689999999,5.82853347,38.234
4,113.06907656650482,5.218720247279897,5.42774723,5.427747229999999,5.42774723,40.013
4,111.86700581134221,5.3454401528928805,5.408444,5.408444,5.408444,40.097
4,111.0716839882416,10.76811341046975,5.39559634,5.39559634,5.39559634,51.522
4,92.78198418513846,7.916278002419281,5.08151117,5.08151117,5.08151117,57.029
6,93.24205262482346,7.541484535177851,5.2421171,5.24220455,3.91783096,102.413
6,114.36570838127673,6.625925831543715,4.04857541,4.04857541,6.97736365,86.25
8,138.03174910766458,6.1656310736364155,4.00567211,4.09258389,8.66497109,113.322
4,105.57110850978921,6.730955976435965,4.17831134,4.49595258,6.05275155,74.648
3,67.41326985038648,6.987867647263754,4.23849217,4.23849142,4.33303362,70.177
14,274.9545332702399,6.795203979960175,6.00844127,6.00844127,7.61618077,60.633
20,239.71243428239342,7.258699441629321,5.471236,5.615867,7.801683,161.789
4,100.71512748959417,7.15167707815724,4.05732825,4.47774796,5.97904324,71.314
6,137.74868348037137,6.980285838889528,4.13065453,4.13065447,8.58539009,66.327
4,85.16582225316014,7.061332050438698,4.399687,4.399687,4.399687,69.174
6,127.26925778285604,8.29692460283009,4.31014215,4.31014215,6.85078478,82.192
3,41.32804780137978,5.876564144636531,3.8807886,3.88078894,3.88078774,71.096
2,55.598968002578154,10.298878356649878,3.81670778,3.81670778,3.81670778,55.951
3,75.98907419793106,11.918746867337715,4.99178205,4.99178281,3.52135032,55.521
4,109.38777564151397,8.179271045343345,5.36819063,5.36819063,5.36819063,55.325
3,109.95689127648187,6.011257044620577,3.88468052,3.88467939,7.7869599,2.392
8,437.00868393017447,3.9894354496863906,11.04902043,11.04849459,4.13353861,2.955
4,103.73120468037024,7.823092417806399,4.69861442,4.69861442,4.69861442,53.471
4,89.07692363159306,12.172856596061106,5.01295015,5.01295077,5.01295,81.431
9,208.8833190931871,8.716260659925656,7.8111143,7.8111143,3.95318481,79.888
9,201.82804530166496,8.934207138350615,7.58092525,7.58092492,4.05514585,91.094
6,112.26555555084684,15.639474609872495,5.41485922,5.414858749999999,5.41485865,183.307
4,107.30751199479774,8.493147854602952,5.33394305,5.33394305,5.33394305,55.675
4,110.25810027441325,5.539527873879248,5.38239006,5.38239006,5.38239006,40.599
4,109.73431283388203,11.01598847072047,5.37385341,5.37385341,5.37385341,52.906
2,58.93084394049209,4.749276605165856,3.89147478,3.89147478,3.89147478,37.564
4,93.00270226221217,5.369280986110977,5.08553743,5.08553743,5.08553743,46.464
4,100.85912384805742,3.5752609068138907,5.22488407,5.224884,5.22488506,38.838
4,87.7835481096039,10.640037509925246,4.98856968,4.98856968,4.98856968,75.545
9,217.71122849201194,5.452038188734284,7.44179456,7.44179448,4.53936192,54.881
4,96.5023804232691,9.803425966997883,5.14852822,5.14852851,5.14852846,58.214
6,86.70140169236403,7.724553473502148,4.96800331,4.96797092,4.96798184,122.846
9,202.99444449710015,8.923743952693357,7.53398066,7.53398096,4.12956699,77.781
4,83.29578755564918,5.967976208102032,4.90206816,4.90206816,4.90206816,56.12
6,119.0498711459522,6.339919780832584,3.97783,3.97783,7.523787,56.943
8,142.84069037158997,5.936969156463608,9.07565318,9.07565119,3.97475582,106.828
12,161.7422378263924,6.183476523614691,5.20644903,5.4805715600000005,6.75161657,106.12
6,95.26988463275072,9.120297471323031,5.12653095,5.12653016,5.12653092,108.469
6,67.5643834649992,7.256682162309851,5.62458655,5.62458655,5.62458655,185.091
12,151.05685963240052,8.570578005918023,5.02251806,5.02251857,6.91459546,140.198
4,52.827895673467665,7.1339323392043115,3.84732828,3.78837925,3.78837893,145.636
8,148.22222057517695,7.802140243963416,4.1887948,4.24632333,8.59940955,100.569
12,260.53889349339573,8.200000328195753,4.57745054,7.47496024,7.61447591,82.249
6,89.36137486583347,6.6613723516675645,6.9619561,6.9619561,6.96195676,125.408
3,45.196245349989084,6.585385436651185,3.99827307,3.99827307,3.99827307,131.316
2,51.56874798088652,5.642033783706114,4.1779871,4.17798849,4.17798789,78.398
24,293.08969322006647,5.421181878414916,6.96977536,6.40769441,8.14023728,114.656
4,118.35685779631709,10.74471378589946,4.90980762,4.90980762,4.90980762,47.766
4,94.35467349109841,13.117787300354607,5.11006163,5.110061630000001,5.11006163,75.68
4,97.2322505579184,8.561645785328942,3.89036429,4.63635991,5.73191295,73.81
4,72.50106212472079,10.615888332760361,4.16979582,4.16979582,4.16979582,115.77
6,116.85068757420437,15.188762723505596,5.48759537,5.48759535,5.48759607,151.763
4,72.95987337887179,16.603006987859136,4.17857329,4.17857329,4.17857329,155.153
5,74.45368025418045,10.370199563118637,4.20689872,4.20689872,4.20689872,186.801
4,58.37671091465077,7.713462195299056,4.07530154,4.07530154,3.718364,146.188
2,47.60156510236589,6.150315877103952,4.06797907,4.067979459999999,4.06797923,86.452
6,107.68882392888213,6.023136673847408,3.94220416,3.94220416,6.9293486,98.364
2,65.74525802935607,6.718457370927501,4.53024993,4.53025089,4.53024963,58.638
6,181.0119420438185,7.2215290463745365,4.34256079,4.34256079,9.59876622,58.382
8,220.25737762587462,4.208463990079765,6.87741327,6.87679613,5.3773948,44.174
6,149.20951053725673,5.827940605593927,8.564776089999999,8.564776089999999,8.56477609,65.782
2,53.29914434084998,6.953876011420619,4.22420511,4.224206149999999,4.22420586,73.49
12,301.7610994388495,6.650980621107958,4.19823149,8.43315715,8.52330929,65.98
8,193.4504821519993,5.916894974176808,3.93734473,5.9356151,8.27752774,78.992
6,125.14787409134256,5.318406226805986,4.32215095,4.322151610000001,7.36341717,81.814
6,95.9322207784924,8.812778637135926,5.54357533,5.543574639999999,3.6045745,166.12
8,148.02122532415626,6.7642231581163506,4.07566964,4.48103128,8.29030166,125.248
6,100.13883986768192,8.351261794242072,5.65250172,5.65250172,3.619016,177.35
6,82.73686494801859,8.170569213312897,4.84169348,4.841693480000001,3.92565823,167.643
6,123.70056259070327,7.340099682443563,4.22194715,4.22194715,6.93978618,82.341
4,109.09221607072593,10.590794064557743,5.36335142,5.36335142,5.36335142,57.477
4,87.80046284417291,12.842367462280347,4.98889007,4.98889007,4.98889007,116.681
4,96.5694616744081,7.315216616633127,5.149735649999999,5.149735649999999,5.14973565,53.007
6,167.963974832816,7.546435630056581,4.47492876,4.57976124,8.49565135,55.135
4,108.02136286728467,7.691879022249222,4.76251713,4.76251713,4.76251713,56.558
4,90.43677694583926,12.061281618817016,5.03833095,5.03833095,5.03833095,82.554
9,200.30387165316446,9.098985467330596,7.44402229,7.44402172,4.17391333,98.469
12,158.9303419935196,8.132632291206827,5.24772794,5.440074000000001,5.60511773,146.512
2,64.4538530170019,7.003526406005196,4.500435509999999,4.50043669,4.50043642,58.456
2,58.70944753487208,9.860524249016285,3.88659539,3.88659539,3.88659539,51.435
4,93.86393631627048,9.984075765738607,5.10118711,5.10118711,5.10118711,62.88
4,92.85196798184509,13.279710964190887,5.08278848,5.082788479999999,5.08278848,69.742
9,212.15483000819097,10.684939373040649,7.93237342,7.93237338,3.89328318,76.14
4,125.76784111978967,8.595878199864051,5.01021699,5.01021699,5.01021699,40.739
4,111.35419398556789,5.395038254054061,5.40016702,5.40016702,5.40016702,40.406
4,110.54213892289599,10.84486199753264,5.387008,5.387008,5.387008,52.034
4,135.14133074910748,5.04963496169575,5.13171666,5.13171014,5.13172534,38.765
4,85.52719402633724,11.990558112605598,4.94545674,4.94545674,4.94545674,120.551
2,49.46180644034957,7.038434327262035,3.67076564,3.67076564,3.67076564,52.019
6,126.65048899544222,7.212729771830129,4.58021927,5.73553247,5.73553347,56.978
6,103.7036071919937,7.546415186168363,5.33848371,5.338484940000001,4.20172168,75.202
8,169.80028933757657,6.794906468059356,4.193805,4.193805,9.654326,62.385
12,297.6997687429855,7.326257208891264,4.52389367,4.52389409,16.79666398,61.258
1,10.49202036261751,9.289219847018527,2.4572989499999998,2.4572994,2.45729885,173.808
2,21.13758978845686,9.221740488215266,2.44802298,2.4480228200000003,4.07280757,197.345
5,51.120686383923854,8.841647639192233,4.49647402,4.49647402,4.49647402,308.058
9,197.2526266239141,2.6351997840474315,5.823326579999999,5.823326579999999,6.9733432,19.456
7,128.02140547739742,7.527526713484468,6.43002395,6.43002395,6.39801737,85.507
6,51.13490021794174,8.326112089484429,4.07120508,4.07120577,4.07120564,238.119
6,68.91192889698573,9.157976872583209,3.97981058,3.97980998,5.02387811,173.653
12,138.57335139122415,9.108444657616342,3.78795382,5.09612578,7.17851986,170.822
3,22.935637867294602,8.571773432339054,2.51556109,2.51556079,4.1837075,201.621
3,36.09513656853664,9.813994890282926,4.42617005,4.426170049999999,4.42617005,240.432
24,289.3036796240506,9.624770702858685,6.61380398,6.61380398,6.61380398,278.976
9,97.84254339208364,7.553723593448426,5.81965198,5.81965201,3.33582355,191.012
4,70.86756969625799,8.593456674351655,3.96562252,3.96562325,5.20348244,101.094
10,214.8451618609149,7.641616575261756,3.90426128,3.90426135,16.27485869,33.489
28,511.41992853730414,8.548111628390913,6.856710039999999,6.85661077,11.44681107,57.125
7,136.88984010825303,9.078451478245364,5.71269919,5.71269919,5.85983309,57.203
7,114.19108438280136,6.945582589769395,5.39101079,5.391010479999999,5.39101115,60.846
4,50.487755685406654,12.269484473003164,4.55435169,4.55435169,4.55435169,173.428
16,146.3140082138149,8.484222201987063,4.33863529,5.15006108,6.5481766,217.964
8,76.65093956322859,8.149470567172498,5.007625220000001,5.00762593,5.00762541,198.324
4,43.99946799144737,9.386695525724924,3.5303321,3.53033511,3.53033511,190.994
8,92.47042468297782,9.769613823750115,4.20168179,4.42774148,4.97046978,214.444
8,76.81361938204783,8.218509334131419,4.57972487,4.57972424,4.22891415,201.929
16,169.85748724349875,8.096697975586864,4.324201170000001,6.63013952,6.62859928,199.918
4,47.61768971534715,12.943354849191538,3.62456441,3.62456645,3.62456951,202.169
5,65.4892156224159,6.0907497221047375,4.0309641,4.03096422,4.0309645,126.928
14,206.80542330148282,4.8873843275008815,6.63782162,6.63782345,6.6378268,119.054
4,50.41335318949716,9.810402544260507,4.14654958,4.1465493,4.14654914,166.012
8,100.15727126898034,9.875973698738758,4.24418622,4.48876871,5.25727657,168.202
4,50.30402442360339,9.831724082951988,3.69118709,3.6911421599999996,3.69212079,164.639
8,100.36436528291858,9.855595399837002,5.2288597,5.22886167,4.23866676,161.359
5,74.40625597381363,7.453948244920232,4.20632373,4.20632366,4.20632236,105.255
7,116.25740274400842,7.026242558416679,3.62804181,6.144241139999999,6.34955878,88.611
4,50.225628333795626,9.74623236132539,3.68955423,3.68958654,3.68955322,166.201
4,50.427629648872404,9.70719122915757,4.14694096,4.14694081,4.14694064,163.22
8,100.33968951220638,9.75706914411353,5.24628216,5.24628137,4.2095812,161.837
7,124.21698063653936,8.701535146888535,4.05456968,5.19593251,6.43287216,96.833
5,59.708525867025564,8.587874333949392,3.908518,3.908518,3.908518,174.329
5,56.667776634201374,9.690919355599675,3.52220586,4.38070665,4.38061842,209.68
5,56.83838296175006,12.229838383140487,3.51725513,4.3877834600000005,4.38778312,226.168
4,79.46382987668304,6.780624276250435,3.64129847,3.64129847,7.23260333,77.26
4,56.32713443117375,7.8780122558818535,3.60265918,3.60265933,5.0111874,117.218
6,97.45425336200302,7.106578926082187,3.56413788,4.74225463,5.76582468,102.3
12,189.7247504801278,7.300748494298594,5.74611963,5.74611963,5.74611963,105.659
24,384.65378297178574,7.201970955271061,5.75712878,5.8442347,11.43237378,111.202
4,65.36160758419956,16.503185477576707,4.028168,4.028168,4.028168,144.369
8,130.53489742802506,16.52699399667272,5.66973341,5.669733409999999,4.688897,131.736
4,31.630317906787614,7.2977307406117555,2.91762795,2.96569364,3.93584256,261.814
4,77.01005987512343,11.543499728400018,4.11779252,4.11808352,5.24380966,88.03
16,433.7177428646935,10.500128796054534,4.10805876,8.96427368,11.77756297,29.76
3,76.05793589386683,4.770443834026981,6.86989775,6.86989746,6.86989792,11.992
3,62.176079077342564,3.4612164388959177,6.28571101,6.2857116600000005,6.28570939,17.245
8,106.13642059004104,8.219016263850188,3.45091852,5.32965429,5.77072917,137.06
12,178.1297898321298,7.605820453493922,5.7413212,5.72606233,6.12826901,110.731
6,80.9873136209638,9.749645760971863,3.60945918,3.60945918,6.21631086,165.803
8,111.00905347767667,15.601852678991069,5.32628168,5.3262817600000005,5.37201122,195.587
2,12.43203571087257,7.974269849480525,2.60027342,2.6002739,2.60027454,200.93
5,113.16941606394184,12.634268699579943,5.277768209999999,5.27776878,5.27776868,50.645
3,94.93352709585112,5.4661652271171075,7.37069545,7.37069612,7.37069595,20.29
9,109.19117394003048,8.467935626600266,5.81018687,5.81018169,3.73481634,238.287
8,106.90331147012489,6.728343227895203,3.33097149,3.33097089,11.12547996,162.731
6,87.68550066225697,4.569260963319955,4.25963401,4.25963531,5.59285362,113.025
12,160.8183352184082,4.982739495233317,5.43807493,5.43807493,5.43807493,132.249
16,236.23440320732206,4.262920321627985,6.74510905,6.74510862,6.74507456,125.545
12,170.1855503137676,10.13375239902238,6.54227226,6.542272259999999,8.53993978,205.053
4,77.53983596904642,11.388375364740995,4.15361242,4.15361242,5.189701,92.14
8,111.21868244591428,11.285988525108694,5.38998034,5.38998034,4.420514,174.379
4,52.55674452311622,16.036278172579323,3.57832,3.83243361,3.83243361,216.646
6,81.52968414344853,5.545509121591977,5.5853635299999995,5.58539618,5.5853965,120.17
6,103.50869891173762,3.9407906083623065,5.3000549,5.27805032,5.20147142,12.339
4,68.42096987477333,8.759008279709537,3.92966998,3.92966955,5.11618717,108.123
6,126.63300466302736,7.9258509136152115,3.81377436,5.27077808,6.29966109,75.371
12,208.39059026302388,6.77372439166193,5.928698200000001,5.92869923,5.9286982,84.973
12,226.98320265506285,7.591153541982384,6.10001406,6.10010336,6.09994178,79.428
4,60.77522119188056,7.52210668054993,3.65627347,3.65627268,5.24950917,118.982
6,94.69001451514382,7.241909820378649,5.84765774,5.8476574,5.84765928,109.537
4,72.633500908608,6.294033629393257,3.67751638,3.67751638,5.37066107,11.162
12,218.83526623842332,6.574717498407298,6.02597256,6.04786403,6.00465616,96.857
4,59.67990244026428,10.662592547125456,4.38646196,4.38646196,4.38646196,180.244
4,72.99584535486831,8.475755503016714,3.99034021,3.9903396400000006,5.29355793,114.446
4,86.28886320785465,7.170043907909125,7.04783053,7.04783084,7.04783011,34.863
3,69.45231072719625,7.504894347194527,3.86741427,3.8674153,5.36184831,57.823
12,199.59634993299792,9.740900309240574,3.79668229,6.27709337,8.37509515,120.245
8,144.8752353579778,21.731678757193112,4.63270635,4.76611332,6.56137739,166.958
32,715.1724978603833,8.092420827452893,7.47758653,8.07702301,11.84126329,72.842
4,76.30394699935734,6.9191631239351965,4.24146011,4.24146731,4.24146114,95.504
2,50.525369991230036,10.251444043456612,4.14961784,4.14961851,4.14961869,79.229
4,79.34181551359859,9.664241813582017,5.63828229,5.63828229,5.63828229,99.455
7,68.99934863613983,7.264710413745255,4.10155853,4.10154097,4.10155957,170.195
2,64.61871341533988,11.460579126862731,4.5042702,4.5042702,4.5042702,14.939
6,90.1317701169276,13.075733541616778,5.03284938,5.03340723,5.03338873,171.119
4,76.23586554608796,9.718274338907738,4.24020101,4.24020101,4.24020101,97.898
7,120.40176384660299,8.889383555567933,4.19087318,4.21076978,6.82286586,100.231
4,36.70527992953589,10.858626642994277,3.9490194400000003,3.9490194400000003,3.94901944,95.25
6,155.04291376644443,8.137685280079364,4.0912194,4.0912194,9.26288733,14.177
2,30.3843500918826,13.717799809778867,3.5025817600000004,3.5025820399999996,3.50258254,151.141
3,39.87013035678025,11.20345012407603,3.8346081599999997,3.8346071999999998,3.83460769,192.353
4,64.64254336879358,14.018377396359446,4.01334177,4.01334177,4.01334177,215.446
6,97.23874606065928,9.736048489620535,3.82610894,3.82610894,6.64239483,129.63
4,110.76749931056796,10.756494460445076,3.47722846,5.64403324,5.64403324,70.61
2,50.02542332566717,10.487945715129355,4.13588631,4.13588653,4.13588611,76.476
6,105.5248947381694,10.447421991994762,3.89997047,3.89996727,6.93797366,104.067
4,103.71117705266597,9.496715454770758,4.69834795,4.69823578,4.6983523,54.061
8,107.64380810027156,1.9744844964630432,5.369789699999999,5.369789699999999,4.38982817,1.738
2,36.26894446561434,1.4650345727302174,4.20338217,4.20338263,4.20338182,11.294
2,34.57562262982004,1.53678382389361,3.30062494,3.30062494,4.36286192,1.978
2,37.02156081145991,1.4352516856099007,3.24659296,3.24659296,4.14639671,2.873
2,28.254800497373857,22.35969403570989,2.74613393,2.74613453,4.32631422,400.41
5,125.77007250283002,4.383942082166868,3.60368522,5.913302240000001,5.91330153,5.865
28,386.7574934169949,5.224668173140267,4.92150498,8.46535821,9.2831522,6.233
6,64.3569258510722,11.467906515396766,3.20912377,4.47820955,4.47820955,281.2
10,156.7390173047568,5.386723350152767,4.43591107,5.16195566,7.9497002,3.799
2,27.695414608187196,17.465527691844052,2.72701046,2.7270104600000002,4.30032006,355.651
8,109.58562029062462,14.954086056087865,5.43041554,5.43041593,4.29098234,331.196
12,179.41665377896155,9.416622340774452,5.64011013,5.64011013,5.64011013,193.971
4,81.83068019739633,2.5141251075200595,3.29548625,4.54363559,5.70803788,20.688
4,530.1930428902824,0.3880333218410275,3.28372772,34.85703099,4.63208471,2.888
12,183.45092602058497,9.202463703848446,5.7723351,5.80673151,5.87245964,193.222
20,385.5032879028431,1.8943461795709242,8.487091,6.661166,7.1843845,2.982
28,323.9211413388266,2.910639629720272,4.88999163,7.20676454,9.19159426,40.395
6,100.96585053291308,5.538127001627887,4.52167176,4.52167265,5.80845228,110.324
13,315.6030415771272,3.3553905679607485,7.05164123,7.05164145,7.32875312,5.487999999999999
12,187.40592135098834,9.109869836966016,5.72261378,5.72261378,5.72261378,175.121
12,181.00969008302118,6.049286905160748,5.761410990000001,5.80324068,5.85388684,164.999
5,69.5113215022455,8.854702802265342,3.34750544,3.34750544,6.2031597,209.142
6,87.36287712925868,6.19707080205454,2.89752343,5.11012098,5.90022794,187.136
28,768.3664042852721,1.9214385636383184,9.32090082,9.462170980000002,9.46100547,2.809
6,88.67367062122052,9.205433436911092,3.1854657999999993,4.98374023,5.80820296,188.205
6,88.21807082175907,9.252974644610886,3.19052252,4.52975253,6.73985688,189.376
16,260.21569737295107,7.278319774371956,6.966026729999999,6.96602598,6.9660273,170.079
8,77.07093031189976,3.510957860835868,2.629082,4.490093999999999,7.02801725,136.947
16,195.84200943853295,2.7633783925754316,5.00084346,5.00084477,8.75646708,148.829
42,667.3641734272438,6.749839526246967,10.23430824,10.23430824,7.357246,51.897
16,257.8812518081705,5.043841327960134,6.94513276,6.94513256,6.94513258,149.168
16,558.4588011803313,3.2194624366300437,6.59891324,8.32317241,10.16786638,1.055
16,484.5099147924765,1.8826976272827598,6.22185524,8.17878846,9.5212461,0.443
12,157.66825121624896,2.4204207150140262,4.37237059,6.00500873,6.00500873,14.902
48,487.96042811278045,1.5657390320741593,7.168439,7.94446,8.568319,31.399
3,42.91163412067559,16.074913772655943,3.92973604,3.9297366899999995,3.92973549,275.878
6,75.16334007365022,2.6943838091582704,4.64153422,4.64153422,4.96136149,53.348
24,298.25347617369886,2.7160640557799347,4.48981655,7.004069940000001,9.48630004,51.111
6,74.40956211045005,2.7216782466222638,4.78675095,4.44756999,7.00436626,53.971
3,41.82731964059181,9.4003237980458,3.8963533100000003,3.89635367,3.89635327,223.688
1,24.460370921835818,15.684312649561374,3.1984435,3.1984433400000003,3.19844471,96.151
1,25.21490249776815,15.214974759322201,3.29147672,3.29147743,3.29147609,94.772
4,89.58621278308057,14.193633525196137,4.47460569,4.47460569,4.47436734,111.033
4,97.02697497075715,13.945807881019196,4.59511777,4.59513958,4.59512296,104.598
4,87.64364872681233,13.664074951283096,4.44077462,4.44151938,4.44355087,108.501
4,95.46272359461159,14.275908428596884,4.57029893,4.57029893,4.57029893,105.402
4,91.66089007301768,13.741373383376084,4.508804,4.508804,4.508804,93.69
5,80.34031925623562,7.996811037620565,4.3149707,4.3149707,4.3149707,140.937
8,154.98488556001126,6.685242888621379,6.28246663,6.28248343,4.53416718,95.953
4,78.68356309292757,6.5840409566238485,4.28510373,4.28510373,4.28510373,93.654
4,67.65715769982292,9.451908077954036,4.57379078,4.57379149,4.57379006,112.124
4,68.78787385773077,11.10819870692659,4.59912939,4.59912939,4.59912939,178.546
4,68.10364410728745,11.070092818643062,4.58382944,4.58382944,4.58382944,181.984
2,48.305232069207015,10.517584269969323,4.08792641,4.08792511,4.08792709,116.084
4,81.97775804465329,16.649103206820516,4.87607464,4.87607464,4.87607464,125.869
4,116.20216423547112,12.260567356481337,6.39066456,6.390664559999999,6.39066456,64.281
2,32.919527616533536,12.259846081591146,3.59740535,3.5974067299999994,3.59740656,165.088
3,39.94174821740442,10.603756649487751,3.6211621,3.6211621000000003,3.97926786,185.112
4,79.19048909391442,15.383112084790397,4.82017354,4.82017354,4.82017354,145.981
4,80.29976585533872,15.220381707236204,4.842575779999999,4.842575779999999,4.84257578,118.043
4,67.38612924371573,19.9031408206189,4.06933556,4.06933556,4.06933556,259.63
2,30.2464283937093,13.452919873461248,3.49727432,3.49727432,3.49727432,221.916
3,40.11902292363253,10.88708873723793,3.84257015,3.8425697199999997,3.84257027,206.71
4,41.43812785968965,11.181658422625922,4.02110294,4.02110294,4.02110294,252.209
8,141.55265182652423,12.910924612356652,5.68684487,5.68684598,5.05410793,159.305
4,65.48607201731825,13.686573143301773,4.03072325,4.03072325,4.03072325,212.903
4,69.16433117423723,7.5697300361922375,4.10481946,4.10481946,4.10481946,122.743
4,87.05199435398012,14.185867575917268,4.97467341,4.974673410000001,4.97467341,109.742
4,69.74491099806089,11.306843393986858,4.62036027,4.62036027,4.62036027,172.516
5,83.82164361680597,9.576684629982608,4.37641728,4.37641728,4.37641728,133.398
8,147.1231392567067,9.644801062888346,6.31967734,6.3196795,4.25362942,90.652
4,67.02152138311638,12.353042057642007,4.55942168,4.55942168,4.55942168,175.731
1,31.053715279141993,11.079630633160436,3.528116,3.5281170700000004,3.52811622,39.516
2,62.59646288277098,10.993071468737059,3.471591,3.47158925,5.99738957,38.724
1,31.033555096712792,11.086828241494917,3.42887098,3.4288706700000002,3.42887099,37.674
14,200.10750305089687,4.899593227774237,5.728829,5.75579754,7.12721327,22.536
36,478.66121375842033,4.5960424375371,7.8224491,7.8224491,7.8224491,30.668
6,130.91540362268827,15.249619733800118,5.69948016,5.699478960000001,5.6994808,82.187
4,84.43350148995874,15.696088886290156,4.92428597,4.924285970000001,4.92428597,84.473
4,76.08529432087273,9.519180312031951,6.60545297,6.60545297,6.60545249,68.491
6,231.45181296380073,5.266159852474405,7.10686483,7.10686483,4.58252113,24.977
12,508.49117281157277,4.794035021190213,4.50177832,7.78386196,14.51122872,4.359
16,257.1822260233382,6.384971203901647,3.86141608,5.5437371,12.01411331,22.297
20,268.75173301996114,6.60402540332912,5.18693591,6.06501914,8.54295691,57.971
6,201.93041623533296,4.573911022526388,6.74784753,6.74784753,4.4347712,29.472
3,51.760896658836586,7.866148055456908,4.18316984,4.18317156,4.18317063,67.722
5,72.50195654346226,6.486087831865653,4.29350307,4.29350432,4.96847308,31.019
3,136.21168081750238,5.620100650670708,7.81832067,7.81832164,7.81832101,3.943
6,273.01588170172045,5.607903475943259,14.94101879,14.94101879,14.94101914,14.975
6,268.72536366866154,5.697440282825602,4.61784276,4.61784318,14.55122959,1.385
4,84.13662656060738,8.810225439512248,3.99951433,3.99951433,5.25981635,15.634
12,165.09665776784567,9.623428069569071,5.04735621,5.49314159,5.95461288,103.849
6,85.05329251846074,9.340001800696182,3.40900096,4.99495987,4.99495987,114.693
12,168.95118372042583,9.403874986660083,3.549705,5.745032,8.284695,92.315
8,213.4355962686329,7.445972223397738,4.23050716,5.9824948,8.43319393,61.181
4,106.65449196037083,7.4503918779674105,4.15990539,4.27932094,6.34206934,25.09
4,204.08517387214593,3.89355946624567,4.25010497,4.25010497,11.29827708,6.9510000000000005
24,317.57265340126145,6.342855910908327,5.40642415,6.9612641,8.43810398,38.265
2,59.05444972822028,8.046470031454268,4.37108448,4.37108395,4.37108462,46.512
6,163.7165433599554,7.406655581666384,6.017027739999999,6.017027739999999,6.01702774,44.759
10,158.84181497730765,6.986607983285185,4.54391333,5.53663,6.59042084,35.364
1,15.027994608980713,11.759025226749943,2.76995006,2.76995133,2.76995044,166.982
9,241.37981994238694,2.636639169002344,4.49451809,6.794084070000001,8.22458002,2.346
9,297.9953068502728,4.123484351212854,5.1831757099999995,7.77607579,8.25684446,2.439
64,1224.8619315377225,8.116653798088402,10.6994728,10.6994728,10.6994728,98.118
7,146.39224445085313,9.049396494760593,5.792727650000001,5.79272693,5.79272804,58.5
4,62.46105102350361,13.72398274112395,3.96767809,3.96767809,3.96767809,159.176
4,67.8803092802491,12.878659621516903,4.07925891,4.07925891,4.07925891,129.07
8,126.48581687569181,9.224573992539638,4.55317311,4.55317269,6.41634161,113.764
4,67.4729562966753,17.161344048866034,4.07108259,4.07108259,4.07108259,143.059
4,54.24740614028548,10.266306686230061,3.22420622,3.2242069100000004,6.30661699,133.776
6,147.84207366830967,3.9833958443512483,3.80225729,11.50182352,3.3805711,4.94
6,84.88296551645084,5.650362184610037,3.42817199,4.97598395,4.97598395,94.029
12,151.53153175198543,6.330293014614465,5.3313241,5.3313241,5.3313241,77.68
8,102.39976439654049,5.299960241035832,5.52464287,5.524642870000001,5.52464164,27.619
12,170.03139919913926,4.78777463353235,5.20295676,5.20295857,7.25266978,35.031
10,123.87576320397577,4.890463201562316,5.415146999999999,5.4151466600000004,5.50946934,37.214
6,217.07337319564974,5.511263033504342,3.88366776,7.00015237,7.98467037,5.123
4,50.08427352138736,8.117605875103205,3.05360411,3.05360411,5.37125679,155.722
6,142.18832839072627,12.164739084608582,5.7253848199999995,5.72888644,5.72538504,65.662
12,240.46269291447265,4.711000027019339,5.48297086,5.56536307,7.88021863,21.582
12,182.04454642561936,3.6939339813058263,4.9131908,4.913190800000001,7.77764086,27.378
10,154.68489940610561,5.010619917291409,3.91540292,6.1700115900000005,6.44508364,17.966
12,200.70719317731675,4.1264215911550535,5.12259622,5.12259622,7.91040918,23.43
4,138.09364197190283,6.974344699878066,3.67618102,3.6761811,11.79911146,35.282
4,98.59715707366563,7.9241356600524355,5.18552975,5.18552975,5.18552975,64.38
4,92.35981470765532,10.60915433506446,5.07379033,5.0737954499999995,5.07379399,86.836
4,95.30798597985203,10.330931705032699,5.127213829999999,5.12721383,5.12721383,78.671
4,108.15610447292602,7.931112972611697,5.3479665,5.3479665,5.3479665,61.036
4,102.60564833075144,7.688083044772255,5.25487136,5.25487136,5.25487136,58.544
4,112.78025443086844,7.6155082856715355,5.42312079,5.423125939999999,5.42312225,52.402
4,100.70250101553799,7.098694174169708,5.22217897,5.22217897,5.22217897,62.306
4,111.02875430310354,7.793852912843772,5.39490111,5.39490111,5.39490111,56.296
4,92.79611168818273,7.626381006186726,5.08176907,5.08176907,5.08176907,66.228
4,86.02633879901298,10.496335254376788,4.95504055,4.955040549999999,4.95504052,92.175
4,89.96741680245977,10.126127677778022,5.02959964,5.02959964,5.02959964,80.655
4,85.9855608314104,8.779469739532917,4.95460433,4.95439986,4.95419356,83.241
4,91.47500963836514,6.927728329145314,5.05892016,5.05866067,5.05511687,68.269
4,102.93761790340726,7.618201727455421,5.25737439,5.2681445,5.25652349,61.633
4,98.63052053794853,9.421511373766329,5.18611458,5.18611458,5.18611458,71.259
4,95.09338224182824,8.19081661946616,5.12336015,5.12336012,5.12336019,73.852
4,102.39417455658236,9.133970988466633,5.25125872,5.25125872,5.25125872,64.276
4,111.77793061335613,8.993757811764295,5.40700811,5.40700811,5.40700811,55.365
4,91.9600206840539,12.264143079826292,5.06646079,5.066460049999999,5.06646299,95.226
4,88.35030351527321,11.06339986418822,4.99928253,4.99928253,4.99928253,97.934
4,84.95146945230402,11.401460835670932,4.934335,4.934335,4.934335,111.946
3,93.24052856086776,5.597520092522769,3.83142016,3.8314201599999995,6.9049075,36.536
4,106.82371393674632,5.305185619902208,5.32591491,5.32591491,5.32591491,48.974
4,104.23522534618546,6.117831044556248,5.28254456,5.28254456,5.28254456,48.403
4,99.75857858997847,5.699287320581057,5.20581124,5.20581124,5.20581124,54.978
4,111.50227332326891,6.448642736132814,5.40154639,5.40154639,5.40154639,50.105
4,114.80744942631871,7.502145470921425,5.45542206,5.45542206,5.45542206,45.993
4,84.24335393942152,10.662002519878689,4.92058663,4.920586629999999,4.92058663,97.769
4,83.06082022277391,8.991600317300014,4.89742961,4.897427779999999,4.89742828,89.451
5,74.8667738487165,7.496773100691821,3.80505858,3.80505988,5.97084222,129.418
4,91.12550780735509,10.778710868738523,5.0510886,5.0510886,5.0510886,89.689
4,87.45210829427468,9.446331226426178,4.9822834,4.9822834,4.9822834,92.259
4,94.66303579931957,11.96424356392505,5.11562234,5.11562234,5.11562234,87.278
4,88.25315382550097,11.063395409021732,4.99744946,4.99744946,4.99744946,96.963
4,91.12256142119736,10.715871915240333,5.05103416,5.05103416,5.05103416,91.146
4,97.36081665099206,7.264860595166564,5.1637644400000005,5.163763709999999,5.16376224,67.211
4,97.53730535427108,8.768584286762112,5.16688248,5.16688248,5.16688248,74.428
4,101.20757630858186,8.510044042706546,5.230895059999999,5.23089506,5.23089506,66.613
4,94.07210758039928,7.493272829238626,5.10495546,5.10495546,5.10495546,75.342
4,107.19440630511933,9.38248217067543,5.33206834,5.332068339999999,5.33206834,65.878
4,111.1190396961972,9.105248366608958,5.39636304,5.39636304,5.39636304,58.633
4,104.14510583726992,8.213477567628951,5.28102173,5.28102173,5.28102173,67.466
4,113.19605496853076,8.901420126594376,5.429778759999999,5.42977876,5.42977878,52.345
4,99.81235693158992,7.707361232508772,5.20674653,5.20674653,5.20674653,56.992
4,97.61320255084563,7.232098496925933,5.16822231,5.16822231,5.16822231,56.628
4,95.96157909195111,7.40704868175471,5.13890743,5.13890743,5.13890743,62.046
4,103.4151984904174,8.927682538519727,5.26865534,5.26865534,5.26865534,56.196
4,89.17193309489063,10.16076298427083,5.01473198,5.01473198,5.01473198,87.655
4,108.29858447802826,8.626467552912018,5.35031386,5.35031386,5.35031386,54.069
4,93.41373791150994,9.785660590232574,5.093018449999999,5.093018449999999,5.09301845,75.923
4,90.77666752202812,8.383752718371788,5.04463495,5.04463495,5.04463495,74.896
4,89.2453754562817,8.493450890492937,5.01610832,5.01610832,5.01610832,78.796
4,94.18793776332951,6.761031349535196,5.107049829999999,5.107049829999999,5.10704983,64.649
4,105.27177716312762,7.478672290269245,5.29999733,5.29999733,5.29999733,58.086
4,120.85123975094699,8.824056685376846,4.94401984,4.944082720000001,4.94407644,44.905
4,85.1423128746904,12.614631377931488,4.93802723,4.93802723,4.93802723,83.952
4,91.34135265627177,11.890261721258062,5.05507355,5.05507355,5.05507355,66.323
8,165.46755552400938,4.534905477510108,6.45085294,6.450853049999999,4.59138814,68.914
4,82.57755955076307,7.796558632501708,4.88793791,4.88793791,4.88793791,77.247
4,69.6611670529447,7.129126834007877,4.61851028,4.61851028,4.61851028,86.005
8,93.27272311355632,6.317697581467092,5.57774899,5.577749,3.46183303,144.75
4,123.12552231251415,10.410827076578455,6.551770450000001,6.55177045,6.55177045,53.458
4,94.98660289449603,13.074892797278327,5.1214442700000005,5.1214442700000005,5.12144427,80.185
4,85.13967640144446,11.055097447432784,4.93797626,4.93797626,4.93797626,90.9
8,335.2739102007795,3.8107904423567383,10.00018806,10.0001862,3.87126487,3.842
4,94.12000942509687,8.507933028414845,5.1058218,5.1058218,5.1058218,55.77
4,87.13176672459919,12.41318096853952,4.976195670000001,4.97619567,4.97619421,79.05
4,95.3808398869081,11.465783769945606,5.12851992,5.12851992,5.12851992,60.32
4,80.32001073896296,9.721987715321621,4.84298431,4.84298429,4.84298431,90.071
4,80.74876280901516,13.316987063386804,4.85158478,4.85158478,4.85158478,108.292
4,74.67445615176153,10.300687386594578,4.72674698,4.72674698,4.72674698,111.806
8,139.8045219843501,7.973132830089148,6.1563224,6.15632428,4.25915838,78.335
4,105.10581879433005,11.196248132227172,5.29721076,5.29721076,5.29721076,60.869
4,108.67481844642231,8.207377993119403,5.35617048,5.35617048,5.35617048,55.936
4,111.94276707641978,5.282472313994308,5.40966467,5.409664670000001,5.40966467,40.229
4,44.89587718669019,7.471085504816084,4.18047549,4.18047549,4.18047549,136.242
4,84.85817353927416,8.423403680177485,4.932528,4.932528,4.932528,66.067
4,83.0531523982294,12.16928277256469,4.89730373,4.89730373,4.89730373,80.394
4,88.07813768833674,13.942246001665048,4.99414499,4.99414499,4.99414426,80.514
8,259.26430765739053,8.195481241681424,7.3011536,7.300836650000001,5.61614354,40.295
4,111.45940283465156,5.341588004255701,5.4018672,5.4018672,5.4018672,40.038
8,434.5935525265503,4.017398101214704,11.068928770000001,11.068877249999998,4.09576516,2.9
4,87.75595292149326,8.998553765386788,4.98805056,4.9880425,4.98804178,71.516
2,57.92971324119577,4.853080592561507,3.86931238,3.86931238,3.86931238,40.401
4,88.34351741192532,7.237387717656633,4.99915453,4.99915453,4.99915453,60.967
4,94.9476987933102,9.977204742950248,5.12074497,5.12074497,5.12074497,59.195
4,71.59385632650142,10.767989150089013,4.15233055,4.15233055,4.15233055,117.777
4,108.15765159956632,10.69394412655844,5.347992,5.347992,5.347992,58.175
4,114.51559586534543,4.9877540191821215,5.45079537,5.45079537,5.45079537,39.146
4,89.18941731600223,12.24407734593658,5.01505971,5.01505971,5.01505971,83.851
4,89.44005446362934,10.491980870248124,5.01975236,5.019752370000001,5.01975238,65.448
4,96.86600532120129,4.934833420234604,5.155001499999999,5.155001499999999,5.1550015,60.622
4,113.43747856647659,4.135569764442742,5.43363574,5.43363574,5.43363574,39.687
8,155.60365130854942,7.282872350428356,6.43663592,6.43663534,4.33682658,64.957
4,82.28435749785635,12.1959235225211,4.88214743,4.88214816,4.88214743,82.867
4,146.18314116288224,6.402452596746261,3.74830739,3.7483052700000004,12.01424671,32.216
6,223.68793238800743,6.276136278880898,3.76547422,3.76547373,18.21682669,32.21
2,74.0915176561498,6.316044409309894,3.78678219,3.79392362,5.951232,32.605
5,102.64858463908975,8.119590714143783,4.30452966,4.304529840000001,6.32099063,81.263
10,112.99977522215762,5.482759700433561,3.89270627,5.38781869,5.38781869,167.295
5,64.28243201149662,7.243169939606252,3.57305274,3.5730511699999994,5.6334921,144.516
5,77.753412823784,6.726116893001487,3.93803032,3.93803056,5.73511782,120.671
5,88.08773125516366,7.790721766084248,4.16285623,4.16285628,5.87393039,95.907
5,82.78879083742572,6.502064154787082,4.09546555,4.09546557,5.72270664,108.486
5,79.11515152627679,6.480710669085844,4.017719,4.01771903,5.6650314,114.059
5,97.96223071531945,6.713600836263154,4.19661605,4.19661531,6.30442798,100.458
5,91.76625766418992,5.554441808288817,4.14475696,4.14475755,6.09294483,114.758
5,84.34664613854153,7.945201998217693,4.14527785,4.14527829,5.7171959,116.144
5,74.87253078803026,7.102395280861489,3.9594850300000006,3.959484340000001,5.53596577,168.532
17,262.9867797041359,5.789276165819732,6.9906668,6.9906668,6.9906668,162.522
7,121.75115708067389,12.846471681284974,7.3548231,7.3548231,4.132862,165.622
17,410.913285843298,9.548892736785424,8.11192699,8.111926650000001,8.11192799,100.522
5,79.03872106908179,6.606662639367716,4.05868358,4.058683,5.59090765,126.482
5,88.08691104461604,10.887264416055716,4.21834289,4.21834348,5.77946646,146.212
5,85.85336153354729,7.79251962111101,4.10648297,4.10648436,5.86102025,137.912
5,87.49180422571776,7.576917303662573,4.21148737,4.21148787,5.762043,130.298
22,277.37742504754544,10.839309205321625,6.330448430000001,6.330448430000001,7.6318158,212.95
4,110.29466322710812,8.886850727127872,5.382984949999999,5.382984949999999,5.38298495,54.491
4,97.29790085435972,8.375467022449294,5.16265166,5.162651659999999,5.16265166,75.998
8,191.73818215897438,6.4733404608261464,3.84572021,3.84571944,14.97003036,65.414
4,111.64644559591102,7.467748114055394,5.40488718,5.40488718,5.40488718,50.574
4,120.13424860876752,8.313132015153876,5.53852276,5.53852276,5.53852276,50.071
4,116.25569209744539,7.326529571587195,5.47826548,5.47826548,5.47826548,54.037
4,92.91722604051087,9.607150447694192,5.08397896,5.08397896,5.08397896,84.313
7,97.61552950131082,6.96360968518833,3.96844737,3.96844744,6.80397745,132.588
7,93.85233417463614,7.24282941535855,7.067767539999999,7.067767539999999,7.06776754,151.748
14,190.9200200883625,7.120850357605317,6.9926757,6.9926757,5.583465,124.593
4,91.98837898743734,8.05880724716309,5.06698153,5.06698153,5.06698153,78.771
19,267.20335281064445,7.6511876349225325,6.48556275,6.485562750000001,6.48556346,140.767
22,278.90317566630637,7.580404926239003,6.571745939999999,6.571745939999999,6.57174546,155.341
4,118.80944580631692,9.638261798233327,5.51808843,5.51808843,5.51808843,53.36
4,114.27714520046588,7.330813607648014,5.44700819,5.44701412,5.44701487,51.212
4,97.91119043882475,11.379902870977768,5.17347605,5.17347605,5.17347605,89.437
4,93.94952312059408,10.259378544766554,5.10273709,5.102737089999999,5.10273709,91.797
4,120.12952184077616,7.05664319340165,5.53845012,5.538450119999999,5.53845012,43.757
4,89.92082731687037,9.837674588451987,5.0287313,5.0287313,5.0287313,62.475
5,79.37787568258821,6.899506915468877,3.88935641,3.8893581,6.05917112,121.654
20,488.706204242634,5.137654207414378,4.09351827,7.56486891,15.78155208,72.794
5,95.70512889874578,6.001201453691519,4.00789086,4.00789003,6.87975311,104.958
4,116.46130204138318,8.57087653219673,5.4814932,5.481493200000001,5.4814932,53.848
5,109.2053675031928,6.71199021971818,4.09310703,4.09310783,7.13201529,70.35
6,190.4990074653816,8.476178236266382,5.61686858,5.61686854,6.97225985,44.062
4,114.41537553919076,8.621840607518585,5.44920626,5.44920627,5.44920552,52.072
4,118.61110016521488,8.38045196820532,5.51501634,5.51501841,5.51501649,48.605
4,104.51014746187217,7.230866041004987,5.2871845,5.28718377,5.28718377,52.345
4,110.26031573878483,8.250176335592332,5.382426109999999,5.382426109999999,5.38242611,52.434
4,96.09527101599456,9.321617438280589,5.1412928,5.1412928,5.1412928,78.497
11,243.75258207756653,7.846156096823828,4.59274221,7.01795551,8.64742448,79.671
4,119.64074487808686,6.2416183846892945,4.92749911,4.92749491,4.92749701,42.665
5,135.58151165215526,5.654872113766393,5.137283,5.137283,5.137283,61.702
4,139.28117688085868,7.0338871330088795,5.18359198,5.18359198,5.18359198,34.921
4,127.59964942544929,6.9953777509465835,5.03442444,5.03442444,5.03442444,41.265
5,131.00628050292852,6.991011558224802,5.07883424,5.07883424,5.07883424,72.128
5,126.04257043499666,7.292578802752144,5.01386593,5.01386074,5.01386074,71.496
4,126.33504416212293,8.279663618449494,5.01773759,5.01773759,5.01773759,42.807
4,123.71819850441807,7.267084208662335,4.98284356,4.98286876,4.98283936,45.876
4,127.38714342984474,8.174564563200219,5.03162667,5.03162667,5.03163093,40.884
16,468.3047588607411,6.541799691717735,8.89979553,8.89979867,6.82712416,56.951
2,53.293485254279176,7.751454354275162,3.76320642,3.76320642,3.76320642,54.408
3,71.50106370243921,8.282693264361248,4.79747129,4.79746957,3.59270507,55.102
16,356.4890426562425,7.427128769049518,4.04684578,4.1044272,21.46233524,74.255
6,131.11038547054912,4.936152917911117,5.7023088699999995,5.70230828,5.70230926,73.605
6,92.26708010514115,6.676037721858893,5.32185344,5.32185266,3.76175416,108.679
8,171.9748981229169,4.284280542222145,6.56690761,6.566908830000001,4.60481932,65.851
4,84.04614793119184,4.383239017580281,4.380321,4.380321,4.380321,67.033
6,98.75793941766784,5.704044918175402,5.33383622,5.33383596,4.00831703,104.057
10,107.09578103597404,6.694744457524346,5.31316182,5.31316168,5.31316087,184.409
10,106.22475001890759,6.749640610001048,5.315935950000001,5.3159398200000005,5.31595188,197.512
8,169.0130303379932,4.402745708018304,4.1558784,4.15587887,11.29962063,77.718
2,56.64271756569917,6.327254715930717,4.31075169,4.31075151,4.31075256,70.29
6,82.75723776867625,14.831794552467137,5.67447277,5.6744724,2.96773018,231.473
6,81.33876198331893,9.620537909264163,5.46914949,5.46915032,3.13998285,214.536
7,71.00202212049146,4.812471180037776,4.14085706,4.14085706,4.14085706,173.84
5,83.12436243796674,14.722140670680382,4.03625293,4.03625293,5.10236568,167.556
5,76.56090895431151,9.986435188946169,4.24621053,4.24624226,4.24620336,169.867
20,415.0017737104433,3.967889562137543,7.66742708,6.02901654,8.97746712,52.732
2,70.6837273437874,8.219752955972268,4.64099875,4.64100001,4.64099882,49.437
8,150.9524964299667,7.730757371298408,3.993484,3.993484,9.465344,60.739
4,89.46104038045127,10.445126819767635,5.02014561,5.02014561,5.02014561,88.095
3,49.03195180738509,5.585564535564952,3.8815125,3.88151287,4.25728655,97.481
2,58.18235085773751,7.229778601411235,3.87492905,3.87492905,3.87492905,47.806
4,96.82672382133073,8.199918353417356,5.154304579999999,5.154304579999999,5.15430458,53.986
4,98.24226010629758,11.06265855146719,5.17930056,5.17930056,5.17930056,57.938
6,113.95871540354885,5.605913987241335,4.08497421,4.08497421,6.82918546,72.722
6,68.51294767841821,7.087022705030731,3.686828,3.6868280000000007,5.67469861,205.885
12,155.30258208336332,8.285480230825394,5.12162444,5.12162444,6.836481,152.622
6,122.99839759265475,7.357251761170181,4.30911954,4.30911954,6.6240312,60.752
10,190.67756038543965,7.155418665271694,6.18380729,6.18380729,5.757806,88.559
6,91.36104037016133,8.336001135899847,5.09052394,5.090523910000001,4.07104093,99.806
4,130.89455117087883,7.972031262561522,5.07739571,5.07738499,5.07738928,38.535
4,113.94434597622886,5.13004007146044,5.44171667,5.44171667,5.44171667,39.675
4,113.81294099337742,10.39067399262279,5.439624,5.439623999999999,5.439624,54.819
4,110.1445171586907,8.107914354075906,5.38054119,5.38054119,5.38054119,54.562
4,113.02391492212804,5.2417363759836215,5.42702449,5.42702449,5.42702449,39.817
4,94.01183564985291,7.753823302590862,5.10386498,5.103864979999999,5.10386498,55.889
6,116.62629904581462,6.402544457181652,4.05753941,4.05753941,7.08387682,77.229
3,68.7633982659192,6.7701451743122405,4.25737195,4.25737204,4.3807002,69.061
8,166.68985651544904,6.974820983036306,6.51510175,6.51510279,4.53456954,66.478
4,88.71974314473614,11.315427142192203,5.00624106,5.00624106,5.00624106,75.216
4,103.27987578241672,6.866859844953935,4.08475367,4.522711040000001,6.03054433,73.985
8,206.19834185655685,6.878895585838153,4.07451768,6.04252799,8.37510559,70.295
6,140.17319313362108,6.780551448441221,4.22037788,4.220378250000002,8.41659889,64.615
3,42.81708879440354,5.542882809537956,3.92684807,3.92684771,3.92684734,68.409
4,41.26647959893353,5.791718399653929,3.98691158,3.9869115799999997,3.98691158,83.047
2,56.875039909351806,9.970457878766712,3.84568674,3.84568674,3.84568674,54.378
8,267.3557293300345,7.896613105007079,7.28780835,7.28780881,5.81252748,39.752
4,113.38944759652419,5.190736127216355,5.43286874,5.432868740000001,5.43286874,39.674
8,448.66710812177917,3.8610904772023673,11.14355378,11.1435514,4.17201855,2.5460000000000003
2,59.26108108095992,7.165620758248295,3.89873027,3.89873027,3.89873027,51.835
4,105.25862359406538,7.656968663096938,4.72156416,4.72156416,4.72156416,52.62
4,90.54155884503729,8.646649820531835,5.04027628,5.040276109999999,5.04027515,67.825
4,90.51056606718716,11.918871418176971,5.03970102,5.03970078,5.03970118,78.371
6,113.51220393720912,15.370159403097297,5.43482948,5.43482877,5.43482787,179.692
8,252.37800798841846,8.76147081563951,7.1637909,7.16374465,5.6785437,41.583
4,108.69001416520268,8.334176361961969,5.35675209,5.35675209,5.35675209,55.104
4,111.28012690372357,5.438895678742973,5.39896945,5.39896945,5.39896945,41.51
2,60.16582935200314,4.559765284705943,3.91847099,3.91847099,3.91847099,37.078
4,93.94171203424735,5.256672587454608,5.10259567,5.10259567,5.10259567,45.818
4,101.93307975151255,3.483274173708445,5.243365299999999,5.243365609999999,5.24336312,38.445
4,98.95341832385135,6.545178383205247,5.19176787,5.19176787,5.19176787,50.25
9,221.8841910241454,5.2746411139944,7.49289121,7.49289282,4.56348671,53.714
6,87.55120249126703,7.586335495758078,4.9841003,4.98408904,4.98409256,113.482
12,264.8705774139177,6.723595614258037,4.16514575,7.27442152,8.74188426,72.105
4,84.84352139901269,5.79384791928854,4.93224409,4.93224409,4.93224409,55.055
6,121.41219823719324,6.125356487179258,3.984537,3.984537,7.647273,53.092
2,35.42142155475129,7.262309620005682,3.68632566,3.68632494,3.68632603,133.177
4,112.1908241081427,10.158381552529058,5.41365753,5.41365753,5.41365753,55.153
4,119.3538150883216,4.643512551684607,5.52650331,5.52650331,5.52650331,37.416
4,119.23805472525636,9.663651812657331,5.52471602,5.52471603,5.52471529,50.892
4,99.65281246207451,6.93137019584586,5.20395499,5.20395489,5.20395586,51.524
6,96.80685500432952,8.861108554575422,5.1538403100000005,5.15395558,5.15395547,98.368
6,82.79139247769845,8.712210959221956,4.93196901,4.93198297,3.93010624,139.425
4,53.959608169354574,6.881699617742994,3.90938903,3.79943319,3.7994347,141.136
6,138.62227435279172,7.699088494192009,4.35625794,4.35625794,8.43480756,88.333
3,46.91163726303406,6.120398524643026,4.04823016,4.04823016,4.04823016,122.03
3,46.45496341910936,6.287764664443227,4.03505111,4.03505111,4.03505111,124.08
2,53.00694754416908,5.3844979398088615,4.2164719,4.21647183,4.21647319,75.919
4,119.51943405756633,10.593873315744839,4.92583102,4.92583102,4.92583102,47.139
4,73.48991080723978,10.397704292802421,4.18866769,4.18866769,4.18866769,111.571
4,73.97839062827408,16.299576928582397,4.19792775,4.19792775,4.19792775,153.052
6,111.29496328364515,16.655791258193034,5.40388624,5.40388593,4.40080896,181.498
6,120.39597517284918,14.159786546414432,5.54254195,5.54254195,5.54254195,181.71
6,111.48031005402497,10.328996465280504,5.40220657,5.4022053,5.40220373,138.487
5,75.22447397106309,10.19033651594427,4.22136644,4.22136644,4.22136644,183.945
4,59.49477893484251,7.475441412576525,3.776005,4.08336639,4.08336639,143.047
20,247.07173136147833,7.844914426415648,5.40540234,5.82736449,7.84373387,178.185
6,112.64061853177704,10.114362523062525,5.42091131,5.4208665,5.42087915,151.337
2,48.95927924828179,5.8666681288962215,4.106294070000001,4.10629299,4.10629387,84.639
6,110.34971618427754,5.777548777886904,3.98126766,3.98126766,6.96191102,96.139
2,67.33573387465898,6.477539782640607,4.56653588,4.566534660000001,4.56653632,54.454
6,149.41889730985883,10.17427530751079,4.54064805,4.536465180000001,8.37863148,86.816
6,184.1301523474153,7.039093509658883,4.36819175,4.36819175,9.64987136,57.378
6,151.65598253479655,5.66090775954049,8.62365205,8.62365205,8.62365205,64.503
2,54.75883810215087,6.667395355167107,4.26242017,4.26242085,4.2624224,71.671
6,151.4330756393618,6.553587921311042,4.18118177,4.18118177,8.6620891,69.96
8,198.34527922381983,5.659216676151825,3.96197134,5.99039537,8.35708947,76.517
6,127.07523005691554,5.150599339122753,4.332997840000001,4.33299766,7.42955182,80.53
8,159.34613038694198,6.355675624371272,4.25746481,4.28246705,8.99817768,91.203
8,139.63768556549428,6.083164155045427,4.06288046,4.18128667,8.48145546,106.474
6,139.9078137711493,6.57202876604077,8.19170763,8.19170763,8.19170763,79.699
6,125.89305069171868,7.124307643457581,4.22542975,4.22542975,7.05115053,77.836
4,137.79754158010803,7.133789252485791,5.16512696,5.16511516,5.16512052,35.965
4,116.96056544725701,4.825388064084068,5.489314989999999,5.489314989999999,5.48931499,38.321
4,65.14153513403866,8.24046545405374,6.3442892099999995,6.34428921,6.34428924,113.333
4,117.16783810761099,9.92110326930749,5.49255351,5.49255278,5.49255425,51.835
6,170.9602549496592,7.349402279058121,4.49527457,4.60747352,8.5547664,53.735
4,109.37217067682852,7.546256341459286,4.78228672,4.78228672,4.78228672,56.073
4,91.8627662250564,11.813781160679234,5.06467411,5.06467411,5.06467411,80.55
9,211.40834131896057,8.625295691672187,7.65312447,7.65312235,4.16786895,84.625
9,203.0949108213623,8.892155665472632,7.47052758,7.4705286,4.20209458,96.952
2,65.97169252110578,6.758466034295762,4.535490230000001,4.53549003,4.53548898,57.203
2,59.664998386555155,7.472847652491825,3.907568,3.907568,3.907568,58.128
6,189.7677844382095,6.932180088104053,4.52800549,4.52800549,9.25568568,54.837
4,95.23350430974978,9.782353806676825,5.12587787,5.12587787,5.12587787,61.809
8,258.9709281586853,8.3063240567456,7.21174787,7.21668192,5.74691264,40.703
4,111.93859353564056,10.660107344537094,5.40959744,5.40959744,5.40959744,51.881
4,115.14774500258679,4.015129427372297,5.460806800000001,5.4608068,5.4608068,39.202
4,114.49923107756739,9.26108581433601,5.45053571,5.45053571,5.45053571,51.765
4,96.12307338573423,6.229957846126235,5.14178858,5.14178858,5.14178858,55.032
2,50.77213755321223,6.747733587829179,3.70289857,3.70289857,3.70289857,50.277
6,104.66402137280801,7.424267169726072,5.356634,5.35663492,4.21194546,73.779
9,172.59492768690498,7.649000134228691,7.17975782,7.179757600000001,3.8661422,63.238
9,191.16395696456294,8.14972812638149,7.43667534,7.43667482,3.99133147,77.401
8,171.33395163684756,6.669451305432853,4.209503,4.209503,9.669005,61.109
1,15.327454083241957,21.13492573273269,2.7882282999999997,2.7882288799999997,2.78822786,248.014
14,175.86560263714603,12.260547942454401,5.60264674,5.60267625,5.60263251,213.174
4,68.90757842252722,19.096557103994808,4.09973384,4.09973384,4.09973384,172.406
4,59.77041420233576,19.118361978419397,3.9101831800000006,3.9098476500000006,3.90957614,248.019
4,60.11992749577536,19.007215442843197,4.80465151,4.80465151,4.80465151,249.556
4,60.987626166393824,20.940433230004093,4.87193202,4.87193202,4.87193202,283.476
6,144.7119212950141,6.104359378127454,3.43157474,3.76228489,11.20880126,5.439
10,126.28380515544907,7.128942087386018,5.44433432,5.44433531,5.56862666,39.735
28,370.297478393237,5.543976702324,4.84435337,8.42276074,9.07528924,7.167
3,35.46063457042071,10.633759543442732,3.13453248,3.1345332,4.167448,41.116
6,64.74041172752274,11.648979399970067,3.15683565,4.54716258,4.51006709,209.304
6,143.2807903371021,14.127113502103066,5.75303777,5.75303749,5.75303747,74.915
10,276.44667707742894,12.300378517958327,6.08984512,6.73755872,6.73755872,12.723
8,108.80588281797672,7.879112977740032,4.82601237,4.8260123,4.82601233,53.788
4,56.64439914266864,14.768987328903586,3.8409044,3.8406078400000006,3.83993189,252.972
4,74.68767194538908,10.1004564512844,3.49446173,3.49446173,6.11629389,131.19
3,61.04357905641635,7.051273546939665,3.54874234,3.5487420400000005,5.59706654,20.713
3,69.64917011259338,8.41613665370936,3.71730587,3.71730723,5.82007402,2.293
2,50.81631960792857,10.421490198590632,4.15756809,4.15756699,4.15756886,71.138
3,34.456132602783825,12.801079960118104,3.15737032,3.15737032,3.991029,120.478
2,67.05600145225027,11.21736511817865,4.56020343,4.56020343,4.56020343,52.25
2,58.55192036488822,12.846575261194596,3.88311615,3.88311615,3.88311615,33.229
8,103.98691895108901,9.613022679009372,4.09542454,4.0954246,7.15896519,118.532
3,60.50278115551594,10.523930498078414,4.51866301,4.5186627,3.42156509,75.088
4,77.3198990159714,9.920294988449031,4.26020501,4.26020394,4.26020394,76.629
2,51.760839148008785,11.511237403396265,3.24769705,3.24769705,4.90738676,48.478
2,30.293774674649516,14.142516407888955,3.4990987,3.4990983000000004,3.49909851,158.704
3,38.68401107135339,11.84744750304413,3.7961966699999996,3.79619782,3.79619864,196.245
2,62.46018263316561,9.72393522150348,4.453547720000001,4.45354789,4.45354705,54.416
3,56.36056625674076,8.843872692587981,4.0315426,4.031542939999999,4.00407493,94.62
2,55.061265670364584,11.206722375486326,3.804364,3.804364,3.804364,19.367
8,755.5170489652265,1.502786694002696,8.21283751,8.181249820000001,12.68204634,2.79
1,96.44792006904295,1.4714948848357163,5.14757427,5.14757427,5.14757427,2.805
4,378.6397687474024,1.4992891159229493,5.08877888,5.088780679999999,16.88372588,2.781
3,283.0574925768306,1.5041745025998756,5.07528003,5.07528003,13.022841,2.759
5,97.23869750852596,4.567469005774164,3.7123756299999995,3.71237553,7.52812463,56.234
5,107.05721322462058,5.603328147982199,3.91743,3.9174300000000004,7.50594881,47.913
5,102.06604923374047,5.645449410261181,8.12910941,8.12910941,8.12910941,39.583
9,270.6293145009214,6.278832511816456,4.24257353,5.593096199999999,11.93286655,36.343
10,161.3811277621244,3.2801311138712417,6.1111449,6.1111449,6.1111449,23.765
10,163.87359375007915,4.1378108743245114,6.142445690000001,6.142445690000001,6.14244569,23.369
10,357.2104848924934,3.6789288197127012,6.85482512,6.8548249299999995,8.91420893,11.807
9,165.6867949097015,6.703754661004045,8.82501453,4.33298858,4.33296243,57.614
15,310.26169010174743,3.3872066870656434,7.048256470000001,5.985133130000001,10.66368763,25.925
24,430.4310285708721,3.5637985140195476,10.02755033,5.85857688,7.40690196,24.861
7,149.43321411490965,2.389637564747645,4.492022700000001,4.4920233,8.0580892,17.899
7,221.50086238317098,3.1873124925628726,5.21698511,5.21698593,8.93538802,19.054
20,425.7901167915607,4.919262671947332,6.29971944,6.39054469,10.5763665,36.278
7,201.97068719362412,2.99880726459971,5.02985381,5.02993614,8.7064281,20.171
7,116.63728839975381,4.420166379542985,4.195160330000001,4.19520939,7.2604646,35.076
9,139.26191913352304,4.263565720579468,5.81856145,5.81856163,4.74974726,20.664
9,150.44570595670695,3.946622077539787,5.96987096,5.969871340000001,5.96987042,17.736
9,154.70423268407544,3.9936346767377806,6.025675380000001,6.025675380000001,6.02567538,13.624
9,146.5043280770728,6.890326286180975,4.03150368,4.03150368,9.01397468,90.266
9,152.14914183754053,5.057671674984848,6.07005356,6.07005416,4.76819267,21.791
4,161.37911075231906,5.84960130588652,6.11111944,6.11111944,6.11111944,10.354
7,144.5842890218207,5.139722593473285,4.58319815,4.58319956,7.60787971,32.512
5,122.74472785046802,5.459037167598775,4.14718184,4.14718151,7.71569023,23.964
12,319.0253890926706,3.537969763847603,6.28842983,6.28842983,8.06753408,14.872
10,188.13921637479967,4.143571669810754,6.43178388,6.43178388,6.43178388,37.52
10,274.5545132574617,3.0567968388755937,7.29537905,7.295379050000001,7.29537905,20.952
10,285.58533236589307,3.4595055702236404,7.391801550000001,7.391801550000001,7.39180155,19.666
7,112.65087139263066,3.9981493406505932,4.04472504,4.04472499,7.4561801,39.398
7,242.82794680365427,3.7302414287026773,9.313736639999998,9.313736639999998,9.31373664,16.876
7,206.42802052266177,2.957720454120822,5.04465781,5.04465873,8.86125975,20.776
9,241.75602222704947,3.012535344995032,6.99245253,6.992458100000001,6.99250681,10.441
10,159.02553361330186,3.9975746420709894,6.08126534,6.08126534,6.08126534,36.315
10,193.3123890548121,4.440099880528115,6.4902022200000005,6.49020222,6.49020222,32.377
10,179.81332344785164,4.388141466422933,6.3354717,6.335471699999999,6.3354717,34.753
10,181.01394428729276,4.337673762147529,6.357521730000001,6.357521730000001,6.35752173,34.367
10,173.91205901134742,4.036327184636467,6.26539176,6.26539176,6.26539176,38.727
10,162.65678097918172,4.194013896982296,6.12720471,6.12720471,6.12720471,40.086
10,319.14820115310664,2.7493009068143412,7.67071416,7.67071416,7.67071416,18.041
10,186.14316228520508,3.8330359545887833,6.40895706,6.40895706,6.40895706,33.711
10,311.2769640370611,3.2595847869124555,7.60712688,7.60712688,7.60712688,17.958
10,181.89957580582242,4.676715971571353,6.35987961,6.35987961,6.35987961,34.898
9,256.5304285707937,3.0848054551756574,7.1321081,7.1321081,7.13211029,12.468
9,150.79809602033566,4.160566193692324,6.14929722,6.14929789,4.60483653,21.645
6,154.62360766261503,4.015077329276568,4.77067119,4.79638921,6.75743536,22.839
3,96.20782913881106,3.226482435236,6.4425703,6.4425703,6.44257048,5.74
10,321.04639904250695,2.7294787863268297,6.61903508,6.6190346,8.6171726,14.668
9,328.19410539397546,4.304630407822029,7.531588349999999,7.531588349999999,7.53158835,12.107
9,224.77253881804995,4.56892862265384,6.16363254,6.16356786,7.44338529,18.72
9,287.82575531484844,4.366051575151797,7.41108072,7.41108082,7.4110804,10.289
5,132.57458728495442,3.77484322767111,5.38867535,5.38867535,5.27188182,30.432
7,228.49132659374055,3.04626082137027,4.34642365,7.25051461,7.25051461,10.332
9,245.20533591098217,3.318795475730203,7.025570180000001,7.02557053,7.02557151,10.81
9,152.86307939492522,4.251159645090141,6.00167543,6.00167656,6.00167594,12.393
9,375.2814965972074,4.59638646764579,8.09637689,8.09637689,8.09637689,9.032
9,228.21291845937125,6.435480533386166,6.33368444,6.33368486,7.26034838,22.197
5,131.624227818376,4.92066186989781,5.40589341,5.4058936,5.20080089,36.208
9,366.3939956345333,5.109714817465014,8.03195183,8.0319527,8.03195124,8.577
5,147.51382840887223,5.897902487777812,3.79587635,6.64303828,6.64303758,27.207
10,304.11856183865666,2.70618368627014,7.54836065,7.54836065,7.54836065,17.996
28,483.83384383240565,3.6653983435263022,5.96313236,7.79130404,10.41385778,25.157
3,130.79024543181865,3.172724430489163,5.69766382,5.69766283,5.69766304,13.717
10,325.3647983726273,3.5609433030181403,6.413927869999999,7.305356839999999,8.47613064,17.864
9,145.71747993381294,3.566956118714713,5.906663749999999,5.90666274,5.90666354,17.072
9,313.37459190232954,4.075219084502885,7.62417598,7.62417587,7.62417619,10.022
12,230.70699866126597,4.860456982510631,6.51978062,6.519780619999999,5.78056369,43.223
3,156.92692379806542,3.1589864585721568,6.05439558,6.05439575,6.05439651,11.393
12,559.9550351931473,3.54121310538786,5.54755469,9.09956281,11.0925408,11.617
9,319.47069673195983,4.043664483335195,7.673296550000001,7.6732962,7.67329772,9.056
9,272.0293136719197,3.120827551511158,7.272943289999999,7.27294426,7.27294397,9.584
9,249.46613102759557,2.872361119291721,7.06603068,7.06603074,7.06603113,9.65
10,349.1093300017428,3.3431304205649073,7.90360968,7.90360968,7.90360968,17.779
10,216.04025877114526,4.643472572379133,6.73519068,6.73519068,6.73519068,32.656
9,295.7212128767834,4.684212585231783,7.4782324099999995,7.478230929999999,7.47824426,9.727
9,254.3358836824937,3.705121277100081,7.09456768,7.12934227,7.09439465,11.06
28,998.4563029523796,3.6984865310594772,7.61667702,9.7469134,13.44919887,7.958
7,116.28506619098223,4.460158316625436,4.12281303,4.12281303,7.43651439,37.238
9,155.51158454528982,4.627600060254081,4.110843,4.110843,9.202397,86.047
9,266.3042288946082,2.961097580117811,7.22155964,7.22155978,7.22156013,10.523
9,154.0095626351312,4.055668959572302,6.11047195,6.11047206,4.76285719,19.966
12,260.34752550606976,3.9564742812834455,7.35007398,7.350073980000001,5.95713242,35.661
8,343.702887495921,3.201475035710593,6.08094816,6.08094811,10.73272376,10.489
10,276.5310889506103,9.819014039532707,5.64183319,7.3104507,7.26756765,45.356
5,167.2229752673024,4.660879725007663,5.50932825,5.50932825,5.50932825,15.595
12,420.1412020055575,3.296703277298897,6.83648503,6.83648541,9.61509844,15.057
4,183.26738667398996,4.21672396800826,6.37578162,6.375782649999999,6.37578049,9.746
4,250.15093028786148,2.4482448243367827,7.07249051,7.07249051,7.07249051,3.5700000000000003
28,517.0231426106913,3.4900369925238555,6.220018,8.51987458,10.73544492,19.292
4,254.05811130291846,2.9869362999152056,7.109122880000001,7.10912288,7.10912288,3.088
4,308.997744179265,1.5014455021705995,6.76059785,6.76059785,6.76059785,3.34
4,303.83173546463297,1.5269743710917372,7.54598685,7.54598685,7.54598685,3.363
12,201.79231383845678,3.927719307062287,6.41841142,6.41841146,6.41841174,27.894
4,174.06346549093092,3.607621498081337,6.26721031,6.26720885,6.26720868,10.942
8,269.9577384061086,6.709770192730338,8.22489575,8.22489625,8.22489508,15.491
12,200.95470255591272,4.671599646966197,6.411894380000001,6.41189426,6.4118944,29.187
10,240.2730416978716,3.9723135629715647,6.96736507,6.96736507,6.96736507,22.779
22,704.3123098800186,3.1451385288612452,8.89799916,8.89799916,8.89799791,14.264
7,282.7512496298809,3.5922662593307018,9.94486507,9.94486507,9.94486507,11.88
14,440.0128768301379,6.0951557590768255,5.69094012,9.349739680000003,9.91814568,14.598
4,143.1492665352561,6.584976527530471,5.87175656,5.87175656,5.87175656,36.494
5,131.6157527455557,3.781122288773931,5.08785996,5.08795536,5.08428202,31.598
12,292.73433110320946,4.749830454091001,5.798611429999999,7.67377836,7.67378126,24.529
4,74.27801046799881,5.0375237116573155,3.10698,3.94405,6.06149,40.617
8,175.28096403265036,4.269456652663944,5.74276362,5.74276363,5.81317998,23.26
12,162.98313241102258,3.8398683156138693,5.09112282,5.09112282,6.28804313,45.534
6,83.42181736122494,3.7510197327316765,3.64662476,3.64662476,6.27332076,55.619
8,129.0402847289832,3.7176262913839757,5.672137879999999,5.6721376,5.67213805,91.475
8,118.52570922716993,3.8440471056920984,4.95539851,4.955399600000001,4.95539956,15.18
6,178.11056566441195,7.7781292475125525,6.227085,6.22708549,5.30382783,9.541
6,131.94798411730423,13.469520193144769,5.81821595,5.818215169999999,4.50082893,71.996
8,173.27285393945323,6.0266631479536015,4.66173971,6.04778681,6.57306143,28.089
6,181.9434858959308,5.74066707366375,5.26227382,5.26227358,6.71073863,12.48
6,197.9758948891703,6.062449868941272,5.40804113,5.40804099,6.90944789,10.503
24,358.23658217784856,3.194146954087399,5.50237138,7.21842889,9.01939383,16.78
6,82.35886754442598,2.022485360369882,4.88361915,4.88361915,4.88361915,11.822
8,132.27667431625213,5.127346056613157,5.13508654,5.13508658,5.13508663,13.584
5,88.917585178248,3.984692346572355,4.4669857,4.46698527,4.46698608,16.727
6,210.87635664674366,3.1571481510604285,5.15632712,5.15632712,7.93134729,21.936
5,160.04241194100058,2.4061558183217118,5.42953164,5.429531640000001,5.42888148,24.006
5,88.37611823763214,3.4298460281527534,4.45428814,4.45428814,4.45428814,48.191
5,86.64313367399816,4.884729264127516,4.42498073,4.42498073,4.42498073,55.222
4,134.31111369118463,4.74140244599192,8.32979897,8.32979897,8.32979924,27.312
2,60.97551928053581,3.2930217735621232,3.93597051,3.93597051,3.93597051,16.534
12,246.7838936989469,4.263522427212368,3.495257,6.48449,10.888345,39.714
12,222.6125743521706,5.0758573740894555,3.88562911,7.549304229999999,8.45609213,42.157
5,136.14377436883063,4.741269889054613,5.14688603,5.1538623,5.13240238,30.662
10,257.9447403300654,3.287964011182176,7.06061256,7.060612559999999,5.974634,24.515
5,67.41884646593466,5.074041264754719,4.06660228,4.07169097,4.07169097,69.734
12,261.4234124268665,4.192598710938555,5.8216655799999995,7.30504362,7.30505961,28.024
4,68.16566199898213,6.820083069091883,6.81234256,6.81234256,6.8123429,78.05
4,66.31397571418685,7.12968838966083,6.791471709999999,6.791471709999999,6.79147214,81.747
4,120.22747845773875,5.671707197674205,8.29232141,8.29232141,8.29232211,37.031
2,44.66769826391218,3.8835717652253665,3.98262589,3.98262587,3.98262604,25.133
12,320.6410916366165,4.4955979946880795,5.453814,7.76531454,7.76531454,20.081
8,210.71912323613472,3.2379196590147634,5.386128300000001,6.79555281,6.79554197,19.246
8,233.2177240275578,4.261149165863658,7.03924248,7.03924248,5.61371962,16.048
8,146.05609530511208,4.256387156539678,5.91123504,5.91123504,5.91123504,78.145
4,70.86605509923528,6.437181335155069,6.8330707,6.8330707,6.83307166,76.184
12,166.5762426586289,5.438251547376951,5.9222038,5.922203800000001,5.386528,129.861
5,206.9055618468492,4.324357752306468,5.91458197,5.91458197,5.91458197,18.094
2,54.22068807892018,2.648368175902864,4.2484124,4.24841309,4.24841186,11.395
12,136.3239422685325,2.935347181296468,4.22103543,5.83252371,5.93979116,23.952
8,122.13344048904655,3.384683596523991,5.46809779,5.46809779,5.46809779,22.876
6,93.34823246621332,3.6457888717847156,5.7736274,5.7736274,4.20268733,26.262
6,210.78020712688306,7.667680905328239,5.40662466,6.81459715,6.81459703,10.747
5,94.14788543919498,6.050618370173546,4.54921913,4.54921913,4.54921913,50.69
2,87.7271468118583,4.019878273786032,4.4433583,4.4433583,4.4433583,11.14
5,155.28890113472312,5.825024928928444,4.93846121,4.938459749999999,7.26202934,22.069
8,300.4374797661779,5.035004066915545,7.36271561,7.36271622,7.36271683,13.936
5,64.44276112195803,8.392088361322534,4.009203,4.009203,4.009203,141.653
4,63.94085688925522,7.5944777954097855,6.76151104,6.76151104,6.7615099,84.479
4,117.40440429313759,5.917107575757429,8.27591642,8.27591642,8.27591638,36.241
5,66.77191431471459,4.147324488580662,4.056934,4.056934,4.056934,66.107
10,316.2959883295608,3.991201632051715,7.50776348,7.507771220000001,6.47950108,12.077
6,208.22042257821815,2.733473782407216,4.27361117,4.27361117,11.4007471,16.708
8,149.35040353038366,2.8349255677973217,5.82992666,5.83083352,5.83083319,17.987
4,78.14876491824967,2.708918547670216,5.56697027,3.74672319,3.74672319,16.297
45,678.5479927640322,3.248049722414404,10.33967689,10.339676399999998,7.32885327,18.157
4,121.74122251341137,3.453724790465402,5.56310878,5.563108779999999,5.56310878,17.884
6,166.63596727557243,2.8006344628896174,4.6900175,4.6900175,7.57564858,22.388
20,354.33464507908417,4.243448235557174,5.14568614,8.4724441,8.99156409,40.207
20,351.0699501568564,4.2829092144907746,6.52622208,6.52622208,8.33204364,62.925
4,75.38439611570588,5.764818415542298,6.88495612,6.88495612,6.88495594,68.969
12,450.06508137861647,5.461348987244308,6.9822851,6.9822851,9.2316677,24.856
10,292.0606173196223,4.365096889552552,7.3562059,7.35620696,6.23210219,12.959
5,79.79700016934234,7.7092279835209085,4.305523939999999,4.30554268,4.30477441,133.382
3,57.73070738937788,3.37875434779598,4.08842973,4.08843111,4.50401697,20.844
5,62.76469020489101,8.563889229731943,3.974097,3.974097,3.974097,197.673
10,197.61800674693234,2.7634996808219254,7.34814703,7.34814703,4.862531,23.454
10,282.4684455513849,2.5000407956548023,7.02447561,7.2573068,7.25730696,8.701
5,114.91289263893754,5.0527758466695,4.861716,4.861716,4.861716,77.371
5,82.06816613804428,5.035813281559454,4.345685,4.345685,4.345685,67.565
4,133.6514212250217,4.774641398379104,8.36649038,8.36649038,8.36649037,31.371
12,327.65233299749883,7.22204729811474,8.07646393,8.07646432,8.07646295,23.717
8,128.7125718022094,3.877157004223478,5.10076823,5.10076761,5.100766,10.98
10,207.58835773438025,2.6962076067569796,4.885633,6.030025,7.40027121,14.178
6,249.7668374772312,4.374456598128962,4.20236439,7.37567053,8.72253746,13.935
5,68.44503210008946,6.1920161536986384,4.09054,4.09054,4.09054,117.294
8,117.6614510099405,4.584490919210937,3.25757354,3.25757426,12.8030981,94.252
12,473.24666746466215,3.461688857263241,9.35622876,9.356229150000003,6.24245248,12.853
4,72.75290897532598,6.112972515598528,6.861351,6.861351,6.86135134,72.801
4,155.64993932588692,5.238491253881443,4.59625918,4.596259900000001,8.91189256,24.988
8,293.93679266561884,4.989442750593717,7.88443896,7.88443884,5.4598629,12.419
5,68.49564665673192,7.622331593819787,4.09155295,4.09155295,4.09155242,104.305
4,123.5832165817146,5.405723543969626,8.30677957,8.30677957,8.30677881,34.15
10,315.6186685035076,3.925362139525666,7.502893939999999,7.51667931,6.45790276,14.215
10,258.4075138639451,3.080567693456931,7.23121085,7.23213372,5.70584475,16.921
4,89.00281659652751,3.684130768837568,7.91594399,7.91594425,7.91594506,51.784
4,139.66515702219687,8.30616604615753,5.82372721,5.82372721,5.82372721,16.913
4,67.43939834681807,7.924808737609551,6.710582600000001,6.71058288,6.71058303,69.312
4,65.43584263279708,7.267878203145024,6.778052660000001,6.778052660000001,6.77805205,82.532
5,81.09117912744907,7.607261586249482,4.32836957,4.32837261,4.32837261,132.148
10,310.2622824112618,4.026039571739511,7.44792638,7.44793748,6.45835375,13.233
10,263.0323089710717,3.0652222795156847,7.02059643,7.02059359,6.16212563,14.05
8,137.0221754443685,3.9851989837683424,5.78950147,5.78129761,8.19917746,39.935
8,300.7279413476259,4.743981058806906,4.51541384,4.51541315,17.03131253,26.11
2,29.62657895250293,20.873419027022962,2.76533582,2.76533694,4.47357663,365.046
1,14.866098412312125,20.799270247686717,2.75996793,2.7599682699999994,2.75996768,363.048
3,44.43258009409108,20.876842921451654,2.76691569,2.7669162,6.88518519,365.253
4,59.24313065187869,20.876951977660624,2.76638677,2.76638802,8.93884516,364.898
6,69.65985274747243,18.327694022609382,2.85578466,2.85576366,9.86285972,400.846
6,69.2060937242398,18.54364651604855,2.85052394,2.8505251399999993,9.83476259,387.147
12,164.77066714238228,16.26117440299921,2.94754709,5.53850855,10.09314047,296.64
8,99.23564324354169,19.05694470630221,2.90480153,4.89697983,7.30495415,365.183
4,58.533893595886205,21.300408307664334,4.75435256,4.75435256,4.75435256,366.016
4,58.499874394575855,21.31279505012678,3.88196526,3.88196526,3.88196526,365.406
4,49.308518930002684,19.28410523028762,2.82227972,2.8222806,7.14810755,388.181
8,109.43011729510462,18.73478169163518,5.38807649,5.388072880000001,4.35246041,317.142
8,116.91073206410836,21.272578151643692,5.53102431,5.53101105,4.41333776,374.539
7,102.19385116319141,11.090144367483141,3.0333354799999994,6.042683090000001,6.28229396,183.793
8,117.38942247660925,18.814754168394874,5.54033499,5.5403413,4.4159674,297.088
8,118.31976573280991,21.15549487761187,5.56407581,5.5640755,4.41306805,325.952
8,115.94838756847507,18.947923665211402,5.525593219999999,5.52559894,4.38506311,328.997
4,57.93755096966984,18.907300370503492,5.20187938,5.20187938,5.20187938,352.99
8,115.93053571870165,18.898259584910885,5.51816521,5.51817235,4.39656444,350.663
8,117.4019607573906,18.57455900973409,5.51397454,5.51397504,4.45877085,348.896
22,307.55507203905466,10.165824763690468,11.80895754,11.80895754,8.37227021,210.961
20,239.77179913654064,18.50329572080961,7.52110628,7.52110628,4.89445154,362.159
6,54.68138097518903,12.622511282630661,2.90676192,2.9067616600000004,7.47291288,337.733
12,160.44952049411245,9.50448003850543,7.77072915,7.77072915,5.5300992,136.128
7,131.5802110790045,3.788484141215183,5.54990094,5.549900940000001,5.54990094,5.079
6,96.70202272989911,11.38439711600556,3.21057003,4.8020822899999995,6.92083096,157.22
8,114.80065935542525,22.068784624594734,5.50256581,5.50256555,4.37807572,358.896
6,66.65779065126108,14.962812346529741,4.05462137,4.05462137,4.05462137,366.211
16,213.50498896513577,7.286141398929629,6.521440969999999,6.52143423,6.52143255,237.846
30,434.04144388225745,5.812179662995137,6.08501428,6.80965673,10.47486922,6.734
2,28.855224827292755,21.66291717456303,2.75733061,2.7573438699999997,4.38242818,385.891
8,114.14482512696286,22.022146658866813,5.50999456,5.50999436,4.34133602,395.382
24,467.5299133781055,7.113031393309653,6.39950398,6.50330123,13.2672364,11.027
1,13.78278032687655,12.397977701460725,2.6912281900000004,2.6912287599999996,2.6912289,252.9
20,203.43243845929118,8.286979123748118,5.18839384,5.39035465,7.27394361,233.122
11,218.4025681558355,7.149939406442382,6.02267955,6.022680279999999,6.02268016,74.501
8,112.8400662473624,14.4967889350138,5.47692595,5.47692656,4.34369129,282.841
8,93.24210560776291,5.695310583306371,5.33199514,5.33199535,5.33199389,55.159
6,62.21966740432041,7.200741182353193,3.08996901,4.48731731,4.48731731,234.909
6,133.4123147029489,12.877461802980134,5.59701006,5.59701019,5.59701019,80.123
2,27.102353704407527,12.384952652171377,2.70782643,2.70782626,4.26810178,310.062
8,112.88610822275055,14.328876533179852,5.47147721,5.47147867,4.35412186,308.427
2,23.771420452990508,8.038617492390808,3.2274291000000006,3.2274291000000006,3.2274291,260.463
6,62.515586451455455,7.069147193424663,3.1113414,4.48164753,4.4833531,252.231
12,113.53829868388375,7.784719123527495,4.84225282,4.84225282,4.84225282,273.128
2,27.326580191290617,12.394865529512654,2.70941502,2.70941502,4.2983681,282.182
4,54.851672867730315,12.40557411634221,3.79953071,3.79953071,3.79953071,265.771
8,109.94526058143838,12.378277873323189,5.41840643,5.418493830000001,4.3241228,267.514
12,178.51153198083136,6.146853396900781,5.63060972,5.63060972,5.63060972,172.042
12,212.95075599608094,8.078168334232265,5.97163235,5.97163235,5.97163235,137.146
6,152.79889511998832,2.090794643630425,6.43992909,6.4399299800000005,6.43993009,1.874
9,233.21407334944251,2.054793093409273,7.84837202,7.84837122,4.37184727,6.378
28,746.6490427614001,1.996741576663584,7.88263751,9.714682919999998,9.94630688,0.876
20,295.9914872979763,2.2902770058958417,5.11710755,5.11710755,11.30394748,3.686
16,465.5479910808538,1.9266117178603621,4.83237316,9.13555698,11.19868823,1.029
21,259.5865353055843,2.8028887883986195,4.71167266,7.945960040000001,7.94596132,5.548
6,104.41966214420312,2.037555774822679,4.20841894,4.20841979,5.90349217,4.436
2,62.881010932721,6.430788374189075,4.58120904,4.58121019,4.58120879,32.445
1,29.31337180377782,6.8974404713701984,3.08334361,3.08334361,3.08334361,56.475
12,305.5951268253675,9.574042161699913,6.73569078,6.73569078,6.73569078,72.555
12,268.66118161804667,10.772800267106255,6.59216251,6.65245379,6.74731867,117.399
20,353.192293724721,5.482309427493062,7.93430228,7.93430258,7.93430209,12.83
14,160.92172822532143,6.6766946127696345,4.79566051,5.447398530000001,6.78223719,125.537
6,130.07604254222485,11.074427036173734,3.24311781,5.96539362,6.72350117,128.863
12,277.3325943777336,8.3811142802264,6.52129187,6.52129187,6.52129187,87.651
12,274.59646576081724,10.60930009811529,6.49977487,6.49977487,6.49977487,105.593
10,192.8496265908615,14.272345864030619,5.34933934,6.54087588,6.94585597,135.898
12,265.70668443204045,8.659971478696875,6.60559764,6.65376013,6.73347061,104.082
6,129.0524346923498,8.867793298487268,3.21424796,5.97686552,6.71758764,111.249
20,481.38139255503904,4.465751951731859,6.060551,8.237759940000002,11.0738299,11.667
20,515.7079119701428,4.375422728289009,3.84473291,11.36714114,11.80011845,16.114
20,579.4444338187419,5.506812540777336,4.00155687,11.71362971,12.3620732,14.436
9,295.8390098700218,6.249269758525219,4.32239714,4.32239709,18.28417829,32.089
5,169.92445727421898,6.120536421473496,10.88002855,10.88002856,10.88002944,19.094
16,405.68026073413705,9.127834296205812,8.07734443,8.07734367,8.0773434,98.2
11,136.8389727369272,6.0222806911525195,6.38458812,6.384588120000001,3.834917,169.58
38,546.7846197183192,5.700608759345474,7.30707887,14.62667293,12.65685082,119.442
20,445.25182116875936,8.504162920968131,8.331871010000002,8.33187061,8.33187085,107.671
27,448.4507274956466,11.037114469970996,7.7676957799999995,7.76769737,7.76769698,139.813
16,494.27544599949596,3.0655013509479305,6.44585618,8.28003096,9.26096973,1.673
12,396.9079357727134,2.5020547604679018,7.54121957,7.54121922,8.05890443,1.258
8,125.24072927489463,4.740151403338802,4.36664112,4.36663993,7.13727701,13.266
8,351.97797417783295,4.741073530793706,8.35662224,8.35662244,8.35662256,3.21
4,80.03843047655671,13.028018469077915,4.06259434,4.06259434,5.599652,160.755
12,224.12919777619723,10.255089764092117,6.07434534,6.07434534,6.07434534,140.919
12,224.45893630166026,10.240024655823236,6.0812623,6.06713006,6.08358891,142.102
24,311.28070817486974,6.561858486824635,4.83445072,5.44824324,11.81812501,94.068
12,153.68019000063933,6.645553850218281,4.86089249,5.397557349999999,6.51607502,82.545
12,193.5762595111698,5.378809513708006,3.459083,6.769159,8.267161,19.518
10,189.25426155606417,6.956327174549787,6.78009711,6.78009711,5.4505012,46.555
4,82.58649051119592,9.175878582582445,4.11157327,4.11157291,5.64108134,104.823
12,211.27443842146835,10.51932977054689,3.4551576,6.96596167,8.94643345,126.402
4,65.16059405761474,11.238862241304522,4.5168272,4.51682721,4.5168272,143.223
12,260.84479602860125,7.82101812868317,6.38943393,6.389352639999999,6.38944204,83.274
4,83.71418486264037,12.569717822999156,4.1774426,4.17744272,5.5392039,121.63
8,149.1833151359352,10.002883763469397,3.88337309,6.00436448,6.39799785,133.533
4,60.64511760689959,11.786984257090712,3.92885324,3.92884611,3.92884611,205.763
6,70.1061113153065,6.837297723585269,4.66837569,4.66837569,3.217264,187.689
8,147.85926864798768,10.010002730592548,3.78917608,5.89756158,6.61654518,145.517
12,338.10093212572406,4.591719207627386,3.96725024,8.46953397,10.06229994,7.311
12,381.2837437757244,4.890449806393079,4.10202463,8.84451577,10.50935264,6.858
12,415.4146121315683,4.488645696310404,9.70270608,10.42845388,4.10554815,6.279
12,288.35397958889786,8.195296500261707,6.60655898,6.60655898,6.60655898,79.387
2,50.02447387118377,2.9845810451564434,3.29122591,3.29122399,5.33257239,54.533
13,183.84459313407302,4.37333208251013,4.96475622,6.57107658,6.57107541,128.938
14,162.0576799662394,3.3185154205687555,3.34516663,3.3451659400000002,16.72259029,166.256
20,186.06979865115164,3.234134680294424,3.451247,5.284015,10.203186,190.279
5,67.04366326214884,5.424031386544209,3.74921819,3.74921665,5.45681496,154.927
5,72.46372096554812,5.229739993928682,3.80302118,3.80302083,5.68634578,124.705
20,260.3670656385931,5.429116713147423,4.96601104,7.04758143,7.43940608,172.302
13,196.81995737929998,4.05441262730494,5.185059170000001,6.684877539999999,6.68499882,153.967
5,68.71383948893553,5.280603711995456,3.80537633,3.80537529,5.45498065,151.528
7,117.13594032025584,5.9480647492413565,5.3826029,5.3826029,5.3826029,96.87
7,107.24604671692661,6.591784348833864,5.148831070000001,5.23992515,5.23992515,118.477
4,78.52519162226957,8.34753951512378,4.8066371,4.8066371,4.8066371,91.964
4,82.87382315101743,7.9821222623355785,4.89377642,4.89377642,4.89377642,79.681
4,72.16591313764691,8.97383912927575,4.67335842,4.673375790000001,4.67286237,120.565
4,71.411234775895,9.022471128059438,4.65686713,4.65686713,4.65686713,123.096
4,71.60928555993729,6.929997090730841,4.66116825,4.66116825,4.66116825,111.847
6,127.72998496650143,3.0393175971270687,4.89261207,4.89261073,6.16142057,70.371
12,205.99118590554843,4.384114545243364,5.27760745,5.27760785,8.53972171,111.883
4,80.07311976309232,4.661056756537628,4.83801543,4.83801543,4.83801543,78.735
4,82.81094369342466,4.598049916937871,4.89253841,4.89253841,4.89253841,72.984
4,74.5396237360728,4.0196957825978465,4.72390039,4.72390039,4.72390039,81.231
4,71.94217113501453,7.134755951999722,4.66837978,4.66837978,4.66837978,117.54
4,70.53976786022355,7.229827344852381,4.63784836,4.63784836,4.63784402,123.137
4,71.05501111063056,5.0937530447634645,4.64911087,4.64911087,4.64911087,110.743
10,173.71023199329377,3.3087300873115146,4.01474668,6.57784486,6.57784486,101.354
4,72.18876350024193,4.943135287913553,4.67370755,4.67370755,4.67370755,109.061
4,76.01024120811898,3.9826237970336194,4.75476477,4.75476477,4.75476477,76.171
5,59.51919487361053,3.480266458811765,3.34021172,3.3402110500000006,5.83416016,137.733
4,65.58928279408684,5.063294586638793,4.52670952,4.52670952,4.52670952,112.509
4,66.29219534408814,4.932707445785288,4.54281375,4.54281363,4.54281326,105.286
3,54.34970055159516,3.1140251259391514,3.33283742,3.3328368899999994,5.64986816,70.965
5,103.4477429249585,2.7742366165877654,3.44392945,3.44392913,10.07121589,21.429
4,83.86635883696486,6.141727402063783,4.91323566,4.913235659999999,4.91323566,72.853
14,314.06069066197773,3.495793718143046,7.62973602,7.62973721,7.62973632,69.767
4,75.82188180890424,6.5772277163637956,4.75083396,4.75083396,4.75083396,100.691
12,159.72820492037582,6.12943449825132,4.99140023,4.99138004,7.40301522,151.636
4,64.99999071957667,8.713029051305126,4.51318974,4.51307278,4.51078958,137.361
4,63.45072369571053,8.873772961904846,4.47696665,4.47696665,4.47696665,137.844
4,62.83481377056367,6.604517910639479,4.4624337,4.4624337,4.4624337,135.073
10,160.24705854134623,4.248903067585566,3.94241568,5.30572877,8.49194846,120.146
36,336.62900645010205,4.079935747150651,3.38485181,8.89771956,11.1772036,208.603
42,546.7052596663334,4.346798253151059,8.872205,4.981419,12.43956707,70.626
4,73.29349406137068,7.9392230201474705,4.69741376,4.69741361,4.6974137,97.087
4,67.24788315311868,8.535682068788283,4.56407456,4.565788219999999,4.56595914,129.422
4,66.56693191782863,8.573431925157545,4.54908983,4.54908983,4.54908983,127.176
4,69.4117997436706,8.338168986281241,4.61296884,4.61296891,4.61296871,112.788
4,66.39151498735083,6.366075483587308,4.5450904,4.5450904,4.5450904,113.161
4,67.19974261398032,6.213647920293379,4.56345952,4.56345952,4.56345952,107.482
10,161.35955965461167,4.156048040434998,3.97881225,5.309758070000001,8.48427525,110.477
4,77.88529059742817,5.703249214312004,4.793545059999999,4.793545059999999,4.79354506,81.21
4,77.23192730399055,7.6671729656188266,4.780103389999999,4.780103389999999,4.78010339,90.144
8,139.3512583371892,4.090728738416852,3.30887318,3.3088731800000004,14.696704,86.195
4,71.84259178616253,5.158506513640825,4.66622486,4.66622486,4.66622486,85.089
4,71.49530293242964,8.172057131850359,4.65869383,4.65869383,4.65869383,118.555
4,73.15973781844075,8.05121072460824,4.69456885,4.69456885,4.69456885,107.133
5,88.81018632367974,3.268802423736586,3.36215028,3.3621499899999994,9.07189285,28.825
10,169.06902230680214,6.403894096867562,3.39105258,7.06097638,7.06097638,105.02
4,64.97071918087742,8.710825824978354,4.512419620000001,4.51241966,4.51241964,137.387
4,64.39816486575671,8.737036661699102,4.49914327,4.49913965,4.49913892,145.388
4,67.17423680800945,8.495956353772064,4.56288209,4.56288209,4.56288209,130.308
4,66.24138924729091,6.304870537893126,4.541662,4.541662,4.541662,118.07
40,479.72910859565826,3.818904940216377,8.54160167,8.54160207,8.54160167,167.269
10,123.98123686990779,3.6941877437145956,5.40016156,5.81557763,5.40016255,138.896
10,117.69023566245467,3.891656458306363,5.34815669,5.666390850000001,5.34815563,172.651
4,71.0442656214921,11.1515985105273,4.6488765,4.6488765,4.6488765,135.881
4,74.81295829272267,8.729601959657838,4.72966748,4.72966748,4.72966748,107.16
12,244.87564254423367,7.730400546400804,4.49268854,6.60911523,8.24699921,90.609
36,352.55981742025347,6.42408572030628,3.517574,8.932098,11.221117,226.401
4,71.17719170856968,9.050700762947754,4.65088915,4.6510468,4.6527194,125.306
4,65.82554991990807,7.413707655403234,4.53213841,4.53213841,4.53213841,148.186
20,428.62771810036963,2.883972633540721,6.40031047,6.40031089,11.67889711,55.932
10,213.59168082902733,2.8937236791726177,6.40366205,6.40366205,6.3792487,55.493
10,136.0815089307812,3.757785188043301,3.53640232,3.5364022799999995,12.56449726,139.478
6,140.11601511543589,5.017118610631059,4.22397718,4.22397718,7.85316371,72.039
11,127.04036812598706,3.373334352905197,4.69146634,5.36251698,5.36251741,160.151
10,172.0160691876299,4.771727690140961,4.07924896,5.431962640000001,8.63849272,121.632
4,72.17269180643666,6.805264891260326,4.67354195,4.673569970000001,4.67177951,108.026
4,71.14060533570691,8.983696516831094,4.65108089,4.65101601,4.65093621,124.283
4,75.34548741851522,8.562191037603542,4.74086837,4.7408683,4.74086896,109.754
4,64.71107669643361,6.328091417374553,4.50641525,4.50641525,4.50641525,164.547
4,68.6121264775341,7.123368973828818,4.59520925,4.59520925,4.59520925,123.752
11,144.94527473754133,3.40987690756907,5.481393739999999,5.481393739999999,5.18344747,137.672
8,149.8081694920381,6.790454612914361,3.37093332,3.37093366,15.22314849,80.643
4,77.93414751562422,8.358613017717541,4.79454717,4.79454717,4.79454717,103.541
4,71.1149686000524,5.11055435018739,4.65041817,4.65041817,4.65041817,81.396
4,74.06993542975124,5.04515171780556,4.71405839,4.71383609,4.71392509,78.569
4,69.58834589285368,8.293057224955644,4.61690038,4.61690038,4.61690038,119.005
4,69.06780486537357,8.307787465780134,4.60540343,4.60523487,4.60500915,120.86
14,289.4395138095065,3.2538545359666777,7.42488351,7.42489113,7.4248797,73.999
8,175.2661733797678,3.066844429441806,6.31206687,6.31195623,5.07970298,66.919
4,87.05533142014359,3.0871979850676214,4.43330466,4.42781226,4.43484655,64.254
5,91.70294768893667,3.148222468529968,4.5094935,4.5094935,4.5094935,100.358
5,102.36724082715106,5.724184055214748,4.67792943,4.67792943,4.67792943,79.042
8,184.5506094242802,4.449901339498173,6.38224749,6.38159267,5.23225491,59.118
8,88.71523920757237,4.526741600270641,3.4370186399999993,4.32218057,6.5793104,177.226
8,89.94236354861802,4.407966166406433,3.4429838,4.3860128,6.57631479,174.3
5,88.9827850205707,4.920857355222823,4.46445515,4.46445824,4.46445824,96.711
16,187.02212783073952,6.661392815714821,5.61477441,5.61609626,6.74458885,189.75
5,94.44951496223662,6.2251360070527815,4.55407219,4.55407219,4.55407219,94.605
16,186.3531954698699,5.093646965432166,5.61342751,5.61323461,6.74758986,177.972
8,92.52853828522204,5.096381976631274,3.32094711,4.49582407,6.79831911,182.544
4,91.94279013485036,4.6348428318465995,5.7700824,5.7700824,5.7700824,66.598
5,100.80224414382151,4.355337812558858,4.65396808,4.65396808,4.65396808,83.179
5,92.97675738586938,4.74333571777569,4.53027743,4.53027743,4.53027743,101.411
8,160.32948332682713,4.82364148496256,6.24644873,6.24644052,4.74481507,89.781
5,103.17741501239456,5.633904350616358,4.690238,4.690238,4.690238,76.574
5,93.83712343170306,6.215917695614261,4.54420828,4.54420828,4.54420828,97.309
14,187.74561507305995,3.818325159450107,6.247849400000001,6.247849949999999,6.24784912,113.058
16,337.30546292709226,4.272617060680858,8.09218469,8.09218446,5.94786616,70.414
16,323.0465609007798,4.551170042633436,7.94300989,7.943010299999999,5.91240581,84.782
16,315.52304715788546,3.2527985258605874,7.89501718,7.89501607,5.84513224,87.764
16,376.0673494390213,5.130054610314096,8.4337605,8.43376059,6.10509602,72.275
9,200.7182908244128,4.708158703501041,7.66090377,7.66084432,3.94913743,71.045
9,199.21837930600873,4.840962302682028,7.7316355,7.731635350000001,3.84818603,62.054
9,195.93442725751362,4.946239194768899,7.75673557,7.7567362,3.76029828,71.461
29,365.63797935712006,6.382730602488177,8.02617726,8.0261953,8.02618372,159.405
9,201.13371788252132,5.904331802250306,7.71385336,7.71385361,3.90311596,72.034
9,199.70397317511262,5.220499354614902,7.78747728,7.78753396,3.8024229,72.813
2,40.04038736878905,6.33786097800883,3.42110253,3.42110253,3.42110253,80.1
3,55.87612874442956,7.74731139702011,3.53825892,3.53825789,5.11590965,88.836
5,88.966177729598,8.892463518392063,4.08325398,5.094732630000001,5.09473272,89.295
8,110.83397740398694,5.538115177242083,3.21142308,3.21142278,12.40930025,122.643
4,55.44877204340885,5.534940719107316,6.472899440000001,6.472899440000001,6.4728999,122.232
4,87.32342373391788,5.909098800170246,3.90558424,3.9055841,6.61040586,61.141
2,38.28464388341792,3.120179140324759,3.37034897,3.37034897,3.37034897,78.486
6,107.81919263764797,3.0469314823513174,5.34240827,5.34240732,5.34240747,104.136
8,126.19242513375102,4.147975280370856,3.99251549,5.14507455,6.66535673,95.155
4,68.30791227292657,3.060593396182733,4.08780657,4.08780657,4.08780657,86.5
4,71.67954910704675,2.9166303054910787,5.25997626,5.25997626,5.25997626,82.594
4,70.60857183839072,6.765377851308236,4.63935347,4.63935274,4.63935387,93.143
4,70.25506901269064,11.01125262991794,4.63159845,4.6315988,4.63159771,114.629
4,51.990181823146436,6.062234862334043,4.18923867,4.1892285,4.18917034,146.391
4,58.48712795323801,5.6507506891298105,4.3570417400000006,4.35704219,4.3570428,106.697
4,54.24072428958402,5.796019852848312,4.24893619,4.24893587,4.24893526,129.687
20,191.07007935746245,4.169314928792069,4.97364,5.264203,7.297695,205.767
4,64.00492299956372,7.388245474054528,4.489963330000001,4.48996324,4.48996314,129.942
4,64.19408593419179,11.953502312795909,4.49438224,4.49438224,4.49438224,157.156
4,59.32077249692149,7.774884482113437,4.37764559,4.37764559,4.37764559,163.077
2,41.192452805222054,4.832469994010423,3.8765394500000006,3.8765395,3.87653903,85.701
12,139.55219602473423,4.3758796489870155,5.67078758,5.67081614,5.67081524,142.55
2,38.97450235603529,10.307295977272402,3.39047224,3.39047224,3.39047224,103.841
3,55.12513530190099,13.220691621976858,3.54418747,3.54418703,5.05250053,117.569
8,144.88437802337955,14.57525113399636,5.9186159,5.918615220000001,4.77585005,116.515
8,111.10588947243741,8.187810584459653,3.24524785,3.24524673,12.18178308,134.634
13,101.47501045883564,2.858596431105874,5.23549812,5.23549882,5.23549871,218.18
3,30.291690367703335,3.649688170620892,3.14541047,3.14541067,3.53539734,191.13
5,70.29674651362069,14.938879860639533,4.12710079,4.12710079,4.12710079,242.814
10,100.67384880099091,3.423054239387806,5.79997527,5.79997508,5.7999769,158.788
5,68.75324322460001,8.80306029523723,4.09667077,4.09667077,4.09667077,195.322
6,62.92120579459403,2.375613243633354,4.53656047,4.53656051,3.53031121,108.626
2,54.65589301134707,7.715017427414747,4.25974797,4.25974969,4.25974885,57.536
10,141.53653540347594,7.084729776690314,5.91843586,5.918435860000001,5.91843565,96.558
6,169.60958669946254,4.009425202873562,6.72036105,6.72036105,3.75547769,37.721
2,43.84714927001426,5.959655527936458,3.52625559,3.52625559,3.52625559,67.024
8,169.49826508660377,7.488449746193729,6.35416496,6.35416669,4.84749721,61.151
16,344.6249211140154,8.016199436328673,6.23775799,6.23775693,9.31748608,53.455
4,75.88471413976102,8.164392965602852,4.75214591,4.75214591,4.75214591,80.644
4,64.00594070055367,7.379863989318576,4.48998711,4.48998711,4.48998711,90.97
4,84.0068676424518,11.040632691462552,4.91597799,4.91597799,4.91597799,68.137
4,69.41343371068093,8.856254590754167,4.6130289,4.6130289,4.6130289,113.454
4,65.6647698967597,9.184089319020803,4.52844546,4.52844546,4.52844546,139.152
4,104.84252921492852,2.5470987940710224,10.11512965,10.11512965,10.11512931,6.959
8,216.39147026974442,2.322312638044154,7.120524,7.120523480000001,7.12052309,5.757
2,31.026182396042238,5.560204565506459,3.1422648,3.1422648,3.1422648,119.727
4,59.17879454542145,7.899711209480073,4.37415014,4.37414965,4.3741506,137.52
6,60.25248876754192,6.707404964194102,4.86891601,4.86891732,2.93481571,244.868
24,206.57937135819418,4.730777732524946,5.769057,11.133661,3.216208,223.874
8,80.24864587048272,5.29355709108584,3.34281127,3.34281104,7.18148119,202.285
3,54.65659091364335,7.032943324442675,4.25976776,4.25976745,4.25976698,110.522
8,82.24278644104143,4.885074682399385,3.24638178,3.24638193,9.01089591,208.072
2,34.03957117059332,5.293006278650464,3.24086813,3.24086813,3.24086813,86.854
3,44.67341008208357,6.395130326455377,3.27586449,3.27586449,4.76622137,101.63
4,55.63004755305791,7.032402675956293,4.5991569,4.5991569,4.5991569,103.118
4,55.82767416978875,7.007508392448953,4.29323556,4.29158588,4.29025703,102.363
8,102.27311653409939,4.562429099523706,3.22138292,3.22138236,11.38010347,137.545
4,51.1902790438353,4.55764113509308,5.98617589,5.98617679,5.98617525,135.234
4,61.254520509937855,8.711206861392077,4.42504264,4.42452957,4.42447855,127.319
4,72.54168958451753,3.9516867619187797,3.73793898,3.7379390699999995,5.99504719,79.868
9,139.11656955700857,4.891050749833112,6.38308431,6.38308385,3.94264007,113.813
12,184.62361348446825,4.9139702049597895,3.94833885,6.53023046,7.16051603,110.432
6,114.89907360141486,6.567402938492742,4.38462551,4.384625510000001,6.90114119,89.047
4,65.907005993114,2.5686771533014494,4.039341770000001,4.03934139,4.03934116,90.536
6,87.13754698377923,5.970254290289472,4.97630254,4.97630254,4.97630254,125.32
12,175.36635473846746,5.9331028976574,4.988322150000001,4.98833167,8.13768873,34.513
24,339.6208124195528,6.1272253607654035,4.93713665,4.9371240300000006,16.08847839,128.842
9,148.4079283033058,5.82190076671329,6.58513716,6.58526444,3.95167433,98.654
12,176.5597312770534,4.848691624775592,4.054199,6.535067,6.664024,126.32
4,79.86080472604797,4.769018153785944,3.857858,4.06584117,5.48163412,76.65
6,105.10091338843178,5.826906149290442,4.27069655,5.41707842,5.41707751,79.908
6,106.23239345538926,5.764843835287109,4.08505321,4.11470088,6.64762999,75.019
8,122.47920109057235,6.591637754867239,4.013863809999999,5.157245800000001,6.42311583,101.551
4,61.24945348746724,7.739452941441979,4.4245836,4.4245836,4.4245836,128.767
4,68.00508346868223,6.205188248260726,4.08175681,4.08175681,4.08175681,73.065
7,110.21067458746097,6.817858173293001,4.09902984,4.09902984,6.55936051,93.026
7,111.30402938218222,6.7048127926065675,4.10923626,4.10924344,6.59155537,90.193
7,111.91513230827447,6.710464832276293,4.14936925,4.14936925,6.50016894,84.543
4,51.647682258659714,7.476629005942559,4.1790423,4.17956673,4.17959223,149.332
4,57.681942827605724,6.9600645440167375,4.33695536,4.33695504,4.33695499,107.905
4,60.274241554885776,13.750425866806253,4.40219554,4.40201086,4.40213995,192.627
4,53.726061296158655,7.172574576210169,4.23545436,4.23545446,4.23545426,128.473
10,110.73441289676465,4.878911496951043,3.29668545,3.2966860199999997,11.76513134,179.215
4,63.9158953261062,8.50896238582509,4.48788046,4.4878806,4.48788133,127.531
4,66.18626957791304,12.666041258191282,4.54040194,4.54040194,4.54040194,151.349
4,59.37999420657563,8.962379117440184,4.37763383,4.37766496,4.38080188,163.021
4,59.44326437401196,8.850290889790518,4.38065444,4.38065289,4.38065275,167.594
4,76.45148212229549,5.108406032178963,3.77495441,4.00969084,5.43429288,89.435
6,110.38740175401476,5.723373485890349,3.79181724,3.85786578,7.78877686,80.354
6,112.06641961423166,9.32203047291021,4.32577329,4.32577397,6.91540042,100.236
3,62.32065895172483,8.381543104695435,4.45022885,4.45022885,4.45022885,95.062
4,59.91357559489126,8.963407828735294,4.39465056,4.39465056,4.39465056,172.9
9,145.44010510613757,7.489748917302583,6.96186384,6.96186427,3.46499397,147.039
3,27.10169162671488,2.877993625914429,3.37160859,3.37160854,3.37160908,95.971
4,26.96199257701664,2.954982621359615,3.38948791,3.38948791,3.38948791,110.897
6,97.67153500456709,2.7683779846022833,9.449650510000001,9.449650510000001,9.44965083,16.745
8,84.84462678653156,3.0516966003830595,6.65588525,6.65588525,4.03634474,82.391
8,82.05689426467609,3.155372396743121,3.23353212,3.23353212,9.062126,155.028
2,43.08083746413857,9.46449985864371,3.50559208,3.50559208,3.50559208,76.842
8,173.0991456827468,12.40807560919068,6.4297891,6.42978837,4.83471501,63.522
4,76.8042738939419,8.118682883707626,4.77126416,4.77126416,4.77126416,83.809
4,76.75841935667037,11.978519059766679,4.770314440000001,4.77031444,4.77031444,101.827
4,64.511175208636,7.384023820319399,4.5017694,4.50176983,4.50177058,94.727
6,86.19264457802085,7.9750805782774705,4.95824978,4.95824978,4.95824978,114.133
4,66.42251636343269,13.605002474565621,4.54579773,4.54579773,4.54579773,175.784
4,60.38338215359138,7.62190149394126,4.40362989,4.40362989,4.40362989,128.198
10,132.66438212513657,5.201301266870339,3.46640047,3.46640047,12.748711,151.834
4,70.0555376365599,8.832134894304438,4.627208550000001,4.62720891,4.62720982,118.985
4,70.52174337309036,12.949198173977965,4.637451,4.63745091,4.63745096,141.942
4,65.66372456052139,9.24510501721774,4.52842143,4.52842143,4.52842143,149.145
2,33.336071853178986,11.814076001518105,3.21838608,3.21838608,3.21838608,166.725
6,100.22070728516401,14.22897011986406,5.213837179999999,5.21383699,5.21383799,216.325
4,60.5905796549935,17.0356938118787,3.9276704,3.9276704,3.9276704,243.259
12,203.5410963188509,5.052632477469619,5.34235869,5.3423590899999995,8.23470183,173.191
4,61.15619515231162,8.300631250795213,4.42598768,4.42598768,4.42598768,149.04
9,148.30308178516154,4.298930658950008,6.65185327,6.65183442,3.87022449,117.52
2,22.947872139431094,4.266614361308642,3.18971977,3.18971901,3.18971986,200.491
12,142.22346591160695,4.713655864951272,4.84276548,5.12754786,5.7282192,166.644
4,65.08156173998778,13.224858057291016,4.51499896,4.51499896,4.51499896,220.674
4,64.181966806718,8.796662325549828,4.49409267,4.4941598,4.49411278,196.752
4,65.6106160604087,8.449720682316721,4.52720483,4.52719835,4.52719726,186.133
2,31.330825990887007,5.493431041133103,3.15251587,3.15251587,3.15251587,106.024
6,80.50237737201964,6.697352913806613,4.84664729,4.846643860000001,4.8466466,142.02
4,59.98035358942096,7.78086457936845,4.39381082,4.39381049,4.39381102,126.056
6,79.94145643740627,8.276361299414994,4.83536203,4.83536262,4.83536245,140.435
6,74.8804196685173,7.504825289193019,4.69892459,4.69918796,3.91563614,159.381
3,60.23533918006172,8.618426623769128,4.4000287899999995,4.4000279,4.40002842,87.697
12,185.25797753599178,6.320597771875274,4.06859255,6.46959684,7.0381011,124.163
12,166.4542445572533,5.3719717283200294,3.73296501,6.33519374,7.03851522,147.371
3,56.26662658944472,6.65227314595388,4.30119025,4.30118933,4.30118992,103.751
12,212.36157043294358,6.954861449958314,4.31130236,6.66237812,7.39329728,93.391
2,22.131498721280835,4.573512092829029,3.15143684,3.15143684,3.15143684,184.583
12,138.24747210362207,3.8414089104034868,5.15595087,5.18427653,5.24956689,142.79
12,148.19296025129717,3.5836052554659914,4.88296744,5.2843506,5.74460621,104.243
12,199.52648188942717,14.161924486950328,5.17677481,5.1767740799999995,8.59708894,237.275
2,37.7853227610709,3.336856243484571,3.76657072,3.76657043,3.76656896,90.559
12,125.88204686471039,3.6916257889291075,5.48776415,5.487764200000001,5.48776493,149.784
12,190.06532582805747,9.471034065322716,3.83549843,6.68734675,7.41015415,149.536
9,134.52276414309185,6.554612724515524,6.54353532,6.54353582,3.62777384,175.386
12,279.5516568430259,2.4257765808015246,6.24729817,6.532406009999999,6.94663634,7.016
2,35.919566840721316,6.998013564139851,3.2994663,3.2994663,3.2994663,110.671
4,63.028097850547894,9.595637057498019,3.97964867,3.97964867,3.97964867,143.721
2,35.5928755096481,11.198748240165985,3.28943285,3.28943285,3.28943285,137.028
4,63.24632898569905,16.54617550459131,3.98423648,3.98423648,3.98423648,198.156
12,207.0439352784629,13.389603402496677,5.28014091,5.280140459999999,8.57513327,226.157
2,33.290103438813674,7.375454746271768,3.21690608,3.21690608,3.21690608,138.583
4,69.05545681006355,11.012481631108734,4.60508517,4.60508517,4.60508517,139.016
4,59.481841178569276,9.873380616482399,3.90356547,3.90356547,3.90356547,185.005
5,67.65469436399678,8.97544656773134,4.07473446,4.07473446,4.07473446,213.993
2,32.72296976281971,7.410138312879686,3.1985335,3.1985335,3.1985335,148.847
12,194.46074090704016,8.440005190406294,5.10082003,5.10082037,8.63020803,188.959
5,66.98805020090266,8.928269059086313,4.06130662,4.06130662,4.06130662,236.198
2,35.50954358668323,3.601742534021552,3.68937865,3.6893803300000005,3.68937958,99.417
2,51.11616564030587,5.415865642870862,4.16572993,4.16572895,4.16572991,65.333
3,64.0124422381591,7.085385858481167,4.49013929,4.4901388,4.49013962,99.2
3,64.26132368627991,9.349058726844865,4.49595042,4.49595107,4.49595094,112.645
4,66.26889884131427,9.334627591766614,4.54229062,4.54229062,4.54229062,156.139
4,64.09424865516281,9.556234225842354,4.491802,4.491135729999999,4.49222257,181.046
2,40.869937697445074,5.034683797663725,3.86639672,3.86639586,3.86639599,81.738
4,72.5562069746753,3.3432871792048315,3.66744889,3.99391713,5.34102402,101.131
16,242.37619187474849,5.591370816273303,4.02780802,6.31216298,9.53329411,140.355
12,170.96654682521591,4.790266090003171,12.19802246,12.19802246,12.19802246,135.947
6,106.5173060100497,8.418515603997855,4.22277924,4.22277889,6.89751733,113.183
12,177.13541392817774,4.939741798927391,3.99321341,6.42239402,6.90694391,134.315
4,63.080118211991085,7.525624034321712,4.46823321,4.46823321,4.46823321,142.61
12,199.21555980119706,8.939717810006043,4.14813211,6.6080052,7.26775537,149.146
8,127.3507661131785,12.079665465598868,3.72129737,5.2522861,6.9675177,173.75
12,191.4658013554722,6.103789175162352,4.06751002,6.51909704,7.22063075,147.712
4,58.877422742810886,7.864565108619932,4.36671247,4.36671247,4.36671247,179.189
4,99.60301267828324,6.686733753934163,5.94525968,5.945259680000001,5.94525968,57.057
3,67.77198707044221,8.836162994595547,4.5763762,4.576376309999999,4.57637675,88.353
6,131.63307226208624,9.098690988989887,4.59628649,4.59628649,7.194825,81.571
18,351.10608580215205,7.664148705646959,7.48229257,7.48229162,7.24166429,103.247
4,70.24232554449972,8.900656003470138,4.63131906,4.631318070000001,4.63131791,123.983
18,352.1015172617034,10.151360598736145,7.39407923,7.39407826,7.43650923,116.177
4,72.6956909225632,12.650857800477377,4.68462202,4.68462202,4.68462202,142.674
4,66.0863676890633,9.283773172805962,4.53887943,4.53758645,4.53792037,154.264
4,65.28643129775605,9.30415396344063,4.51973157,4.51973157,4.51973157,169.616
12,140.5524533256857,6.850006188576692,4.81674116,5.12263273,5.69800721,178.016
4,64.57140313851009,15.593447217410322,4.50316777,4.503168640000001,4.50317301,235.29
4,63.706277161087634,11.15719629994042,4.48296906,4.48296906,4.48296906,204.892
4,65.1105614403433,10.759970647517783,4.51335103,4.51567459,4.51555889,194.629
4,62.541460816680555,8.944927360670599,4.45547837,4.45547837,4.45547837,207.886
4,62.728624983731564,11.245108726302266,4.45992139,4.45991849,4.45991705,219.455
4,103.32076332671198,5.54652954978783,4.16335374,4.16335498,6.88287967,62.614
4,61.280858070273794,7.992666138857532,4.42533968,4.42533968,4.42533968,177.267
4,67.45473497957158,11.204472295119238,4.56922457,4.56922454,4.56922488,143.099
8,186.21082090642594,5.590737110719681,3.79249698,3.7924978,14.94939822,50.088
4,104.88475068080893,6.447742196209574,8.02662853,8.0266287,8.0266281,41.765
4,127.70384452994934,6.560546993803513,8.44183003,8.44183015,8.44183011,32.504
8,159.90015969173152,7.209470264988322,6.630648000000001,6.630648000000001,6.630648,98.649
10,211.81096216367195,5.945328817217585,3.75350386,6.40039877,9.22203523,79.572
4,58.72986735695018,8.426764590116836,4.3630642,4.36305841,4.36306275,194.203
2,37.05988695671879,4.945110826375377,3.33401869,3.33401869,3.33401869,75.344
13,191.5425308801615,7.1943366386076795,5.07102493,6.645962810000001,6.64596072,81.144
12,199.2522603484708,5.8594958503846355,5.22584519,5.22584525,8.42472586,81.128
4,65.71487247185505,7.167309177518465,4.52959691,4.52959691,4.52959691,84.013
4,66.78189033897482,9.268233171101254,4.55398122,4.55398122,4.55398122,98.751
4,63.99189017491605,7.322709402808901,4.48965854,4.48965854,4.48965854,104.061
4,62.968957725975315,9.779803797515639,4.46560701,4.46560701,4.46560701,123.901
8,129.1041772241152,6.204193493083763,5.86550128,5.86550071,4.33310712,79.006
4,62.892833555175436,6.367874135938621,4.46380677,4.46380677,4.46380677,78.798
4,57.702868207149265,6.833394800160808,4.33747981,4.33747981,4.33747981,99.218
4,63.423575076913124,8.462064508221218,4.47632804,4.47632804,4.47632804,117.696
4,63.75850157370089,13.035978499205049,4.48864917,4.48864917,4.48864917,145.311
4,59.49725597747914,8.824313758707508,4.38198256,4.38198256,4.38198256,151.149
3,87.49651060208987,4.495590646290005,4.50481872,4.50482269,4.97879632,4.123
6,178.72568158149306,4.401700876618736,6.72650907,6.72650791,6.72650912,4.152
32,1051.2788779256284,3.9910601880449486,9.26334182,9.58286289,11.84337975,1.09
24,356.22925606998524,4.137816741346638,5.08259694,8.37185999,8.37185999,17.612
32,489.4817316049533,3.44558805949318,5.27206215,9.6355827,9.6355827,5.11
16,252.99262669027766,3.490678413373312,5.50715117,6.08236604,7.55280572,8.58
2,40.32952679750501,2.3128002594385935,3.8492784000000007,3.8492794099999994,3.849278,88.916
4,80.50275379828166,2.317290667447857,3.83132107,3.83131386,6.332622,88.815
46,1055.1208729391324,2.0332317139657037,10.18046007,10.18046007,10.18046007,75.91
14,298.66408678986795,1.202422664518137,6.684378,6.684378,6.684378,105.736
14,184.82940635434278,2.2318209099967024,4.84964611,5.4732534,7.37342482,134.468
3,40.12563830809437,6.294884491882011,3.20426459,3.2042645300000006,4.51739594,205.746
9,119.81431887134751,6.324442538050276,4.58547219,4.58547093,6.5797601,207.258
3,39.06735984159242,4.882255279124072,3.8086959299999994,3.80869651,3.80869654,141.692
9,89.89316075152907,7.742550432337035,6.07193095,6.071930270000001,2.81541495,211.027
6,102.5350347074747,3.3650571294943994,3.50759932,5.28096872,6.37876067,108.208
24,339.3463361977261,9.645802968270232,6.5068847,6.50688585,8.22288206,203.505
44,642.4418909360118,10.4831597890817,7.46804512,9.08311357,9.47092013,163.342
24,334.7715976929394,6.239593216041972,6.48151621,6.48151563,8.17718301,183.66
4,52.070063537126515,10.983111542918552,4.19148293,4.19148293,4.19148293,264.313
3,40.31525500933441,9.885777539501614,3.21473396,3.21473271,4.51500845,219.443
9,122.81591476743284,9.735244244817718,4.61685276,4.61685276,6.653222,220.371
7,151.32910358157244,4.213017658832416,5.32896009,5.32896009,5.32889943,58.179
16,227.82922154760936,8.220822553490468,4.89711669,7.24696983,7.24697039,240.773
12,176.69731152839756,10.72016917046084,3.49148667,9.20416689,5.49838402,193.812
14,145.4966310645555,3.202079644904892,7.6045442,7.60454467,2.90519908,234.569
28,292.42902148208634,3.1863581690546376,7.752169379999999,7.75231902,5.61885196,222.026
14,136.57196742830467,3.4113281774213746,5.61902743,5.61902743,5.61902743,254.688
8,138.20486146237022,3.206156837099198,5.168390399999999,5.168390939999999,6.33440648,104.417
12,205.4016102257852,5.5181855388917755,4.86306707,5.49931364,8.10097196,122.687
10,159.18038467679563,9.898209746161987,3.91138822,3.91138691,12.01426456,161.294
16,211.89267141274732,9.384979850552552,3.86964966,5.35038801,10.23432043,198.297
20,275.07805322977833,6.915456494883525,5.57043126,5.57043126,8.86499109,200.155
28,356.44870125221195,9.103514104481828,4.01329825,5.1835339,17.13442985,230.632
16,229.14495616600868,14.543446646973566,4.94090837,7.244184030000001,7.24421386,267.109
9,151.084534868572,3.70727243468905,4.94923406,5.64607356,6.17584892,119.975
28,397.57128330289885,7.034553237771573,3.6224201700000003,5.82808737,18.83172617,178.662
17,257.3771869918662,16.00965743279047,7.34089358,7.34089358,7.34089358,253.998
22,337.06786641200955,12.91640758046664,3.52920036,6.18220855,15.47652074,180.761
18,254.84492160564113,7.194177203548872,3.52983205,5.9419649,12.34263152,181.55
7,112.17294129545986,16.452091098861736,3.973763,3.973763,7.103693,197.096
32,325.62657189893974,2.4689221903825156,6.206337549999999,8.15371629,8.15371661,156.676
40,1420.9977274602475,3.2505156843791747,11.24254051,11.24254051,11.24254051,1.204
4,41.27465867127914,3.2262559526172656,3.0735135,3.07351436,5.04524771,213.563
12,123.76576660625844,3.22777332250758,3.07662093,3.07662109,15.09808432,213.119
2,20.634942452003543,3.2266291398726623,3.0787385200000004,3.0787372599999996,3.078738,212.682
14,144.40303742609115,3.2275577758892764,17.700330639999997,17.700330639999997,17.70033138,213.105
8,82.50386819986171,3.2280332094946154,3.07569427,3.07569403,10.07064648,213.331
16,165.03918248414044,3.227418149462938,3.07718443,3.0771829699999995,20.12563135,213.059
32,330.0630377983505,3.227568021398745,3.07648508,3.0764842699999995,40.2676834,213.188
10,103.14784333539392,3.227469642711547,3.07652583,3.0765258,12.58369976,213.208
20,206.28562925119195,3.2276269974266936,3.07637091,3.07636943,25.16872034,213.229
28,288.8140435549203,3.227468723957558,3.07704414,3.0770453099999995,35.22248581,213.095
36,371.3055586120029,3.2277015285043986,3.07613653,3.0761359400000003,45.30955144,213.254
38,391.9321696902381,3.227713679867602,3.07622888,3.07623076,47.8236512,213.212
54,556.9714242352885,3.2276256920710336,3.0765093,3.07650915,67.94943436,213.186
42,433.2194157084566,3.2274810135951584,3.07699899,3.07699814,52.8351129,213.198
20,606.8888112375612,1.8594604562673458,6.43901036,9.79116576,9.89194955,0.521
5,73.70707884505887,2.344787444720684,4.57485225,4.57485071,4.57485147,7.258
4,85.16536916699833,3.927855409363136,3.9044506,3.9044506,6.450783,73.122
4,74.16791187627852,1.302741105880624,3.86528743,3.8652887600000003,5.73220392,14.705
8,113.34210324048406,12.910327151934572,3.23541299,5.55681317,6.30428368,215.0
8,110.29876996037822,18.20851828198386,5.25407296,5.25407315,5.45593271,298.389
8,116.90830442134573,8.974100299087523,4.88969519,4.88969519,4.88969519,251.363
8,95.11263185898753,6.060173122810512,3.32129709,5.14153507,5.56977526,164.819
4,45.152543077218,6.382796803337007,3.28032554,2.94277066,4.67744676,173.822
6,63.85114037068384,7.566425163067568,3.87261215,3.87261158,4.91620593,202.978
12,127.59978623566468,7.572502892740211,3.69732692,4.92873769,7.00206904,191.4
4,41.55620475515073,8.158231084405731,3.46374006,3.46374006,3.46374006,209.083
9,122.90445406741829,2.4353631852263202,5.06108903,5.06108849,5.54050141,134.073
9,113.71112995289597,2.632257571093698,4.916578779999999,4.916536829999999,5.43162525,33.568
12,172.83869832405802,2.309027516318023,4.99264721,4.99264721,6.93392642,12.474
9,113.62545088484896,2.6342424202080004,4.914966,4.91496635,5.43130114,29.797
12,202.51152301448928,1.9706992687338867,5.23280957,5.232809379999999,8.53982323,146.02
24,355.1584355418974,2.2473874776811256,7.08175196,7.08175196,7.08175196,19.957
6,101.25396006849067,1.9707343300197144,5.23169405,5.23169405,5.23169405,146.005
24,274.6752148981973,2.9058996856542296,7.13312616,7.13633683,7.15097335,110.695
54,1013.8285365370511,1.7714059445900654,12.44098984,12.44098984,12.44098984,92.441
9,143.2585779018329,2.0893477173927764,5.28403296,5.28381568,5.2839658,63.433
6,89.73893634057625,2.223612885271006,5.06200331,5.063597599999999,5.06315053,35.06
12,176.75461740602768,2.2578720498038316,5.02315223,5.04070642,6.98076509,19.96
12,180.89068304758501,2.2062458032172696,5.0550601,5.055059660000001,8.27706003,24.084
12,163.87165817065411,2.435377262731012,4.71916133,5.273585379999999,7.73162861,119.344
12,174.806226881372,2.2830382958020827,4.87585996,5.07809853,8.47990181,14.613
36,439.0425829752664,2.726997283113123,4.84142187,8.68775542,10.43821243,56.961
72,1064.5003442980408,2.249445831290978,9.60865043,9.60865043,23.8314188,18.824
24,338.84472454181315,2.355588158289845,4.89419588,8.52299036,8.69225329,18.076
12,173.4854773556981,2.3004191267064105,8.017794,4.864328,4.99272001,25.788
8,108.2579655882025,13.394724910304806,4.76599176,4.76599176,4.76599176,209.102
2,25.3548941071467,14.297887246889406,2.937789,2.937789,2.937789,290.957
12,187.2148351124774,3.1942629707777455,5.72066812,5.72066812,5.72066812,108.341
8,118.28681767456312,7.552883478499378,3.4403273,5.60170188,6.13785457,151.127
9,127.37244386634019,9.422749379031298,6.47789618,6.477897319999999,3.50528514,177.478
16,232.84628474446436,9.908352607756417,5.29195367,5.82306144,7.55617325,160.007
8,120.74430185067973,12.276576801102458,3.6073755,5.63304949,5.9419874,173.672
3,46.4438018877734,14.954121954545869,3.94218989,3.94219076,4.08675144,206.108
8,119.33297702303331,17.069395343872763,5.39143227,5.50272918,5.50272989,203.951
16,237.9737101526157,17.119048663494155,5.56096385,5.64928911,7.57504311,199.75
7,115.46707305948965,17.41123014931308,4.00105549,4.00105549,7.212885,179.035
8,109.45495626207786,7.949047922730235,3.08801144,5.54852767,6.38820398,195.549
8,102.903164708807,8.45515971418063,4.68607869,4.68607869,4.68607869,221.514
8,105.91867285333709,8.214441035457012,4.56750587,4.56516354,5.54334483,184.478
12,158.03492360542506,9.830593579514693,3.92589762,5.45743621,7.37607685,220.895
8,104.39365818349003,8.217654499239124,4.70859538,4.70859538,4.70859538,203.638
2,24.798076353136825,8.648564133030746,2.91612407,2.91612407,2.91612407,257.369
12,156.44539350414988,9.77461665949277,4.01013555,5.27355362,7.3977621,256.319
6,156.6513760611013,1.9550091976244808,5.54870538,5.74938054,6.33035701,6.09
6,134.03449933441004,2.2848959226228187,5.55922901,5.55922977,5.85336657,27.416
7,116.15878014004494,16.086147972671665,3.996377,3.996377,7.273093,189.634
7,111.73399841970307,16.677848352816014,3.98299386,3.98299386,7.04313587,201.214
4,56.103013238637246,12.073794095113366,4.2970169,4.2970169,4.2970169,286.173
2,68.70530727221849,7.268103857349915,3.69866895,3.69866958,5.79920785,35.412
4,135.2077693816621,7.38651796548829,3.64968901,3.64968872,11.72085632,36.692
3,101.92044135687406,7.349222130874479,9.014428020000002,9.01442796,9.01442807,36.407
1,33.83156725963784,7.380049895018783,3.63460603,3.6346062399999997,3.62819989,36.46
5,99.89636377709662,8.500414419672294,6.31021728,6.31021728,6.31021728,83.302
10,107.40320100419878,6.060737488232411,3.73550848,5.36208568,5.36208568,173.961
5,61.380354049595326,7.841345705983822,3.5552758999999994,3.55527594,5.46819609,152.954
18,183.50964303084885,7.769951323968993,3.7722269400000004,6.974773670000001,6.97478715,203.871
5,71.3778541089628,7.681187541702617,3.87382671,3.87382689,5.4888153,140.398
5,74.61891871951836,7.219007581381299,3.8931194499999995,3.8931191999999992,5.64063528,118.652
5,79.94326549389461,8.67395778126252,4.03998151,4.0399816,5.67023946,97.913
5,81.66280676476055,8.398525168093613,4.093752940000001,4.09375236,5.6677913,101.792
5,71.83358372609095,7.621369802329936,3.90988982,3.90988934,5.45192797,138.122
5,80.0427011797687,8.59798951653955,4.05103137,4.0510313,5.65638484,142.12
5,83.98341376253391,11.684693761544704,4.09015385,4.09015425,5.79364219,166.894
5,87.04007976205678,8.000704178761813,4.19011672,4.19011725,5.77545049,127.742
5,88.84114768925367,11.152962649145834,5.79544576,5.79544576,5.79544576,140.382
5,84.86454133497658,7.9964393981225355,4.18885589,4.18885576,5.67145957,143.09
4,103.82775649752831,9.7427146184984,5.27565219,5.27565219,5.27565219,59.622
4,92.91079031038734,10.737832538905405,5.08386158,5.08386158,5.08386158,89.778
4,93.08178671563752,9.124827770562725,5.08697851,5.08697851,5.08697851,79.206
4,90.2115641258549,9.381362146816926,5.03414519,5.034145189999999,5.03414519,83.326
4,107.91206243439822,8.11400729740927,5.34394111,5.34394111,5.34394111,62.377
4,106.31085002821315,6.874407126581272,5.31737794,5.31737794,5.31737794,56.287
4,98.23179569516292,6.645255776196986,5.17911666,5.17911666,5.17911666,56.309
4,96.43967883316303,10.423137203013177,5.14742765,5.14742765,5.14742765,83.241
24,277.6658367401444,8.91891992361441,5.02056986,5.020569860000001,12.719961,178.372
4,87.13901262086922,10.604455282392097,4.976330439999999,4.97633044,4.97633044,89.382
7,91.6538343217198,7.759069163435988,3.9071623900000003,3.90716319,6.60899421,142.528
4,84.57987705944869,9.135844541744166,4.92712994,4.92712994,4.92712994,84.831
10,216.83081012684806,8.37916998882791,4.32132889,5.92146522,9.36449838,88.624
6,108.78759676358898,10.411248248304867,5.12695494,5.126956679999999,5.12695664,131.74
6,179.22412320796377,7.7000469721390505,5.49598066,5.49597991,6.85133956,48.746
4,110.05242870066395,9.29652009987281,5.37904127,5.37904127,5.37904127,56.894
4,84.50039143105066,11.709055229410344,4.925586,4.925586,4.925586,110.279
4,84.59721211211384,11.659625726256284,4.92746653,4.92746653,4.92746653,114.186
4,105.08266162630915,5.562483865694659,5.2968217,5.2968217,5.2968217,50.087
10,235.51896919760293,6.631821033092131,7.37591389,7.37591389,4.32906609,68.5
4,113.08907615538047,7.773546265004964,5.42806723,5.42806723,5.42806723,46.667
6,131.88749138479147,7.975357360471375,6.48050196,6.48050196,6.48050196,80.158
40,654.3533565454709,7.079480092535837,9.47279338,9.47279364,9.47279343,130.35
15,224.53006873533332,7.736961892075535,3.61816616,7.33587071,8.86012329,133.404
4,87.79598304458057,9.612086236192843,4.98880522,4.98880522,4.98880522,94.638
4,91.27652904808292,10.892818624525425,5.05387743,5.05387743,5.05387743,93.022
20,458.84211819880477,5.7457050118037625,3.98836771,7.43455468,15.47437526,76.96
5,102.16170219187313,7.482034217898702,4.00505994,4.005060380000001,6.9702353,75.322
11,171.51981105276104,5.233540457549334,3.8429099999999994,3.842909999999999,11.92796941,130.487
6,178.77412528432154,9.38327917596,5.49790877,5.49790867,6.82934433,48.346
4,107.82158949701093,9.440253372565179,5.34244995,5.34244848,5.34244774,57.182
4,111.57336888229982,9.190424480670652,5.40370769,5.40370769,5.40370769,53.486
4,110.32512612983409,10.621617544728966,5.38348049,5.38348049,5.38348049,57.031
4,105.60047681311725,8.971152328468753,5.30550782,5.30550782,5.30550782,55.425
4,98.19010856412285,8.015989397187383,5.17838222,5.17838368,5.17838441,57.911
4,95.95211640128964,7.542817203114783,5.13873851,5.13873851,5.13873851,58.628
4,101.97908766205391,9.227960968996179,5.24410357,5.24424309,5.24408492,56.78
4,104.82309232412605,7.618848727629593,5.2924568,5.2924568,5.2924568,55.434
4,90.31605115100783,10.265676312896016,5.03608803,5.03608803,5.03608803,86.846
4,89.67426589702674,8.651335862076765,5.02413086,5.02413086,5.02413086,81.483
22,299.7139688111966,6.59490611149632,7.51174196,7.51174196,7.51174196,162.119
4,113.96039436291156,6.965927650840615,4.848246,4.848246,4.848246,44.626
8,242.02354729486387,7.732295728603731,7.09224582,7.09224582,5.555964,41.081
8,272.65505144938044,7.531685636329015,7.33801769,7.33802474,5.84689317,36.589
5,125.16206999407768,7.068898471778906,5.00216,5.00216,5.00216,67.541
8,232.284716690074,9.317216478662434,6.999103530000001,6.99909536,5.47526881,44.884
8,274.5295608066072,7.452087856859256,7.3551958,7.355200580000001,5.85962154,36.414
4,119.66646020885898,7.852624172082963,4.92785002,4.92785002,4.92785002,44.614
5,120.76308437141928,7.973913680762462,4.9428586,4.94285653,4.94285653,79.926
14,303.8066867866943,6.333084464750798,7.33510527,7.33510629,7.33510678,95.742
5,128.182522531986,8.646784542812627,5.04207852,5.04207852,5.04207852,66.659
8,278.55247051546706,6.438051681463624,7.38730347,7.38730296,5.89392422,35.996
6,190.72597618206478,6.757090459738574,6.26803998,6.26820609,6.67321548,35.469
6,192.08863887851132,6.709156156284927,9.33194836,9.33194836,5.756733,35.158
4,84.26370151721464,12.851789815652737,4.920982759999999,4.92098276,4.92098276,84.99
4,90.43150197610628,12.108314630840983,5.03823299,5.03823299,5.03823299,67.274
4,70.94303479131891,6.793242969842861,3.63372971,6.54914665,3.63372959,100.303
8,141.82228953182724,6.796298014174861,3.6329517400000007,3.6329539400000006,12.4077923,100.001
8,163.48575266079652,4.6987623704965715,6.41124974,6.41124886,4.59265606,68.731
6,106.88246155070514,6.900285379715762,5.42541091,5.42540872,4.19286401,111.237
5,102.30846683121634,4.192167702501814,6.45074238,6.45074238,6.45074238,72.01
20,208.41780048360832,7.181448779466399,5.28319658,5.2813461,7.46953229,179.771
2,52.71526996802912,7.096404865908609,4.2087239,4.20872543,4.20872482,72.532
12,263.8536505204332,6.478350141615861,3.8760329,3.92631767,17.33764946,79.756
6,79.9100984586799,9.988958279584466,5.41118754,5.41118662,3.15127231,205.017
6,79.72613941774345,9.897317078200576,5.51436504,5.51436587,3.0274644,217.544
7,69.53739470205298,5.139553806677553,4.11218652,4.11218652,4.11218652,174.855
5,74.55304841797864,10.465924174858868,4.20876944,4.20876944,4.20876944,175.916
2,66.60716482251574,8.958477287410883,4.55000577,4.550005330000001,4.55000635,52.053
8,147.34775300544456,8.026407575528262,3.958292,3.958292,9.40433,64.294
8,141.1246797216788,7.8573110032508895,3.937122,3.937122,9.104272,63.228
8,154.8759213201602,8.140188784068023,3.989438,3.989438,9.731067,63.113
4,96.48435811758439,12.964175373465295,5.14822244,5.14822244,5.14822244,81.328
4,86.64583281238785,10.965650370371097,4.96692451,4.96692451,4.96692451,92.277
8,244.94148279641095,5.288853388955258,4.05174522,6.89076705,9.17687892,10.18
6,128.15220129386657,6.381942609122315,3.94264325,3.94264325,8.24424913,22.04
3,45.278988957415685,6.395176532437601,3.77315123,3.7731517,4.15133498,106.514
2,54.841131626168696,7.956464404373577,3.7992873,3.7992873,3.7992873,51.061
3,75.07990349366034,8.297884519898844,4.99735884,4.997357960000001,3.47145928,53.428
4,93.31381205511063,8.676820809268024,5.09120178,5.09120178,5.09120178,56.236
8,192.31709450511934,8.420127480766997,6.69739413,6.69739463,4.9508016,54.374
4,86.71303774429065,9.163330603299578,4.96820834,4.96820834,4.96820834,67.735
4,86.40489654837835,12.620614356732277,4.96231639,4.96231639,4.96231639,82.573
4,94.49734917368502,11.667169343788576,5.11263601,5.11263601,5.11263601,60.568
8,279.8780117916759,3.0462695265348616,9.33487264,9.33487186,3.70869702,4.313
6,107.08906164704587,6.258666751549691,3.98835344,3.98835344,6.73221284,74.842
6,65.7612588885719,8.807091868385598,5.08932746,5.08933803,2.93169067,197.382
4,50.307464702749066,7.701203044835128,3.71570967,3.7582720300000005,3.75827203,151.847
12,221.296273386907,8.462159402104769,4.39762645,6.93192109,7.25942386,100.361
6,110.24989003823597,7.150602999060397,4.02764459,4.02764459,6.79635232,104.084
5,79.4722995022536,6.1335929659771224,5.57469554,5.57469554,5.57469554,136.209
6,90.8707923875192,9.363629997443647,5.04606585,5.04630569,5.04605066,100.508
6,89.02730125147897,8.730824385826814,5.03068509,5.03068572,4.06198402,104.928
16,350.37939387421306,7.048720451430508,6.66766568,7.13884582,7.40808229,62.981
8,138.50090046854655,7.406205475957589,3.970247,3.970247,8.786533,74.998
4,104.24486867714354,11.374097658886571,5.28270746,5.28270746,5.28270746,61.688
4,107.84877562499427,8.352768007911003,5.34289598,5.342897449999999,5.34289598,56.106
4,111.20487137767691,5.397560824507213,5.39775212,5.397752119999999,5.39775212,40.294
4,110.27132958757478,10.86673360114202,5.382605319999999,5.38260532,5.38260532,54.144
4,92.06756373219625,8.002217319047471,5.06843502,5.068435020000001,5.06843502,57.307
4,102.84687101023513,11.60554337216387,5.25898615,5.25898615,5.25898615,62.653
4,106.46217214219986,8.535785902884143,5.31989965,5.31989965,5.31989965,55.814
4,110.22286701130736,5.517344804768288,5.38181668,5.38181668,5.38181668,40.708
4,108.9971578423957,11.06626715574535,5.36179317,5.36179317,5.36179317,52.76
16,204.35309557727106,6.739734981008864,4.37738984,6.64583764,7.02451377,112.098
6,102.11787440869834,8.522391707233195,5.24651364,5.246544809999999,5.24652607,91.626
12,190.15114330189306,8.328275993737893,5.18314814,5.183148,8.7036088,101.016
6,91.67908816787367,7.780865736969325,5.19560092,5.19545633,3.92167717,92.119
6,110.66427571078405,7.031149415255949,4.0427747,4.0427747,6.77093068,84.808
3,65.24899476396921,7.375350181994975,4.2099696,4.209970510000001,4.2509417,71.852
8,147.12015810687458,7.872409404842129,9.00203525,9.00203525,4.0897679,93.932
8,158.97028885894883,7.510987810300267,6.38238041,6.3823813,4.5062977,69.324
7,121.50799562373011,7.624422984780181,4.20975338,4.20975338,6.85632741,90.833
4,82.0842205608987,12.42136161041974,4.87818454,4.87818454,4.87818454,82.054
6,137.09082752387823,7.161992953175527,8.69448622,8.69448622,8.69448622,68.822
6,123.86029781406488,8.689320235168966,4.30178986,4.30178986,6.69319899,89.845
3,38.86418345744529,6.510521497978182,3.80208129,3.80208214,3.80208301,75.078
4,37.59425196828855,6.774967244062652,3.76021042,3.7602104200000004,3.76021042,90.319
8,194.11223940780454,12.868238022672402,6.69798405,6.697983139999999,4.99613552,57.544
4,87.05353620323821,14.20858481315452,4.97470278,4.97470278,4.97470278,83.971
9,200.44544029559376,11.366894944059776,7.75934895,7.75934958,3.84427933,83.107
4,107.1844202935991,8.44219189285329,5.33190276,5.33190276,5.33190276,56.394
4,82.9179096955003,14.012890280283244,4.89464405,4.894644050000001,4.89464405,127.431
4,110.73834012746832,5.456743327170409,5.39153727,5.38498832,5.39380484,40.49
4,109.72552605786049,10.957567003578296,5.37371023,5.373710330000001,5.37371017,52.516
4,91.51603500613902,8.094540965204324,5.05829396,5.05829396,5.05829396,57.325
8,440.0223160353135,4.008288278264486,11.16611543,11.16611408,4.07511518,2.8
6,154.00686649789762,6.32408313618047,11.21875062,11.21875062,11.21875101,15.981
2,55.70120579164084,7.905366193780851,3.81904579,3.81904579,3.81904579,55.174
4,101.3826565367505,8.10452208411737,4.6628834,4.6628834,4.6628834,54.505
4,86.88154411992997,9.191562582081604,4.97142412,4.971424169999999,4.97142513,72.272
4,86.86617462355073,12.599608537528383,4.97113072,4.97113186,4.97113188,85.394
9,203.447988064955,9.0989299447217,7.76630224,7.76630224,3.89488141,83.172
4,74.49145846678498,10.49913173441611,4.71994629,4.72005403,4.72776074,121.874
8,244.31954715349724,9.178940328614123,7.14299832,7.142995340000001,5.52925533,43.336
4,104.97802293561918,8.778387299884752,5.29506531,5.29506526,5.29506494,56.065
4,108.55211118661816,5.7201743110021095,5.35448563,5.35448563,5.35448563,40.91
4,89.39409316375041,8.473116811029525,5.01889304,5.01889304,5.01889304,59.305
2,57.183663784324445,5.072043959387207,3.85263021,3.85263021,3.85263021,36.23
4,99.26328365285107,3.735085592269382,5.19718074,5.19718077,5.1971823,39.515
8,205.06746112216888,3.6159501715607103,6.76044027,6.76044176,5.18102968,38.754
4,87.40372618717075,7.417038214970513,4.9813785,4.98137849,4.98137842,62.849
4,85.2756770198448,11.072083572487406,4.940604139999999,4.940604139999999,4.94060414,78.669
4,95.02750353227253,6.980755532532298,5.12267851,5.12267851,5.12267851,52.617
9,211.20893884815007,5.764185325512921,7.36408804,7.36408984,4.49721481,57.196
4,93.95291347227801,10.177578159131594,5.10279847,5.102798470000001,5.10279847,59.687
9,197.59552229063775,9.321810328642128,7.44659793,7.44659864,4.11462861,80.64
2,32.391523152552544,8.426196128351707,3.5780703,3.5780694,3.57807006,145.3
4,83.11887119910537,8.352888656512377,3.78448075,4.29449388,5.45514265,70.621
6,92.68895819360885,9.593462493118537,5.07981158,5.07981417,5.07980853,110.17
3,57.24189918627909,8.23787450800703,4.05811437,4.05811428,4.01360637,105.535
8,144.81868140459798,8.125808748105015,4.15670837,4.19143673,8.57225024,99.958
3,43.17453601374423,7.129060375884552,3.93774473,3.93774473,3.93774473,136.531
2,49.2195262398246,6.117730488669446,4.1135572,4.11355613,4.1135572,80.277
3,59.42099849111415,10.519116405118998,4.14677338,4.14677192,3.99014651,122.978
4,92.36806892832922,13.509903694560878,5.0739427,5.07394196,5.07394343,77.954
4,93.73888502355554,9.097467331942976,3.80311758,4.61000701,5.67469497,75.905
4,70.98995444435569,10.984967713389098,4.14062245,4.14062245,4.14062245,120.483
8,185.89072638882305,12.343235604430674,4.54495118,7.24419316,5.64596888,97.549
6,114.68951744973334,15.652134245635478,5.45355394,5.4535543099999995,5.45355292,156.601
4,71.29285679279462,17.133728686403735,4.14650321,4.14650321,4.14650321,160.432
2,42.18690066515078,9.968906246458792,3.48117514,3.48117514,3.48117514,101.019
6,108.18678746777843,10.933606118814726,5.348471409999999,5.348471909999999,5.34847312,146.007
4,56.6775812743411,8.123948136053658,4.05776417,4.05776417,3.639572,149.588
6,109.12224173635924,10.728152436759666,5.36385134,5.36383955,5.36381346,157.736
2,45.37848534313976,6.675494727448554,4.003639219999999,4.00363952,4.00364009,90.438
6,103.40814430194918,6.468957211566963,3.87544003,3.87544003,6.88513885,101.622
2,63.23093644392548,7.1462786548359025,4.47179124,4.4717913,4.47179129,55.79
12,347.26667051877945,7.5337276392131,4.35305802,4.35305839,18.33162567,58.083
6,176.40281092157926,7.525397958922276,4.31000974,4.31000974,9.49618131,59.933
20,254.95794113861217,6.3388116046311715,5.52626673,5.78431658,7.97599084,162.11
6,142.86211629991126,5.1933540155476985,4.261782,4.261782,8.42317297,69.1
2,50.9882197673638,7.468290146667778,4.16225114,4.1622505,4.16225159,76.17
8,133.99191600757803,6.573761930622106,4.01015959,4.08828699,8.42464426,101.226
8,147.73808954722827,6.955977286217771,8.61762681,8.61762681,4.196766,122.727
6,96.79300996936924,8.83936354685234,5.53383616,5.53383631,3.64973037,171.945
4,106.05602067494064,7.930209220229743,4.73345707,4.73345707,4.73345707,57.389
4,88.38259050990679,12.456555155420043,4.99989144,4.99989144,4.99989144,84.809
9,201.9179554672661,11.451371660512523,7.55417216,7.55418361,4.08573463,103.847
12,154.39452525384317,8.5031537565071,5.20272281,5.39397885,5.53927078,148.256
2,61.99665343969116,7.444973462091802,4.44250323,4.44250432,4.44250347,60.983
6,181.8229887914403,7.4077346244007956,4.47774812,4.47774812,9.06837502,56.908
8,253.78565968369043,6.9770136822453654,4.364951989999999,4.36623132,13.49330837,22.055
4,130.03103595742593,10.809753505172683,5.06620012,5.06620012,5.06620012,52.79
2,57.95179702880222,10.164742756723157,3.869804,3.869804,3.869804,52.78
4,88.62075696314287,10.689412529727564,5.00437852,5.0043792499999995,5.00437778,65.15
6,157.17320053201746,9.870995357200886,4.93072322,4.93038338,7.46563114,52.82
4,73.54293169940948,8.732319365116117,6.836318919999999,6.836318919999999,6.83631848,79.013
4,144.37068922815286,7.015514609585206,4.52886089,4.52885996,8.53798887,28.406
4,123.90130333647018,8.807366769870063,4.98530758,4.98530758,4.98530758,41.344
8,250.47616021437537,8.713357956423906,7.20851996,7.20851904,5.56600296,41.991
4,102.246053419523,11.700946235503647,5.24872538,5.24872538,5.24872538,63.549
4,108.52076574630713,11.140479992380454,5.35397068,5.35396554,5.35396481,52.625
4,90.38362092460117,8.269517225100277,5.03734363,5.03734363,5.03734363,58.598
4,133.46635861066474,5.189124613527097,5.11042581,5.11043011,5.11042796,39.02
4,97.97311435804174,7.711799482155469,5.17456658,5.1745665700000005,5.17456648,63.294
4,96.05901452788522,5.068947377257858,5.14064612,5.140646120000001,5.14064612,61.458
4,108.59885942455655,7.169779181288529,5.35530787,5.35531008,5.35531376,55.99
4,112.75927896697807,4.23937701892849,5.42278554,5.42278554,5.42278554,40.002
4,77.96243813472381,5.777725275388546,6.85622182,6.85622182,6.85622157,104.052
4,111.0257209983708,9.692197370812268,5.39485198,5.39485198,5.39485198,53.46
4,93.1008644256003,6.600783950748654,5.087330209999999,5.08732651,5.08732873,59.049
6,101.71480064504235,7.793847593176123,5.29025404,5.29025299,4.19662876,76.323
8,140.09990696112095,6.228321410300198,3.96406852,3.96406852,10.54629235,98.485
2,70.89750637455614,5.560776477245381,4.64567349,4.64567292,4.64567271,35.858
46,1831.1638714087928,4.951844787715563,12.23420454,12.23420454,12.23420454,33.622
7,246.6840124726749,7.048296133572558,14.680731749999998,14.680731749999998,14.68073214,16.764
7,203.69559608191855,6.812922531277538,5.878975120000001,5.878974379999999,7.21216668,23.898
28,492.6133731728575,8.05110500157804,8.80197414,8.80197414,6.35837329,47.458
3,64.52897027446805,11.055949303376096,4.502183149999999,4.50218432,4.50218407,110.242
18,375.6067990551618,8.842608367169765,5.51722159,5.51722264,14.24826146,117.067
24,526.4496270237389,8.67638192372326,6.5413712,6.541370970000001,13.14812086,82.369
3,68.21965076374595,10.52760870839644,4.5864308,4.586431309999999,4.58643039,92.692
6,118.60580071454662,9.529446038812882,5.377140989999999,5.377140319999999,5.37714082,107.752
6,117.79075550623291,9.543632979058163,5.36048667,5.3604866200000005,5.36048734,117.026
20,496.657169252844,4.461675181784953,3.76347324,9.11779358,14.47365181,16.845
7,197.0560088274968,5.526392017772907,5.8191427,5.8191427,5.81931234,34.489
16,368.2534857256103,8.342974348938029,6.515835259999999,6.52225112,9.25742696,64.308
10,216.4975238071483,11.448232425612067,4.37376576,4.373762929999999,13.0680725,102.187
20,384.1007761847308,9.654020022704866,6.2044697,6.20446413,9.97783319,125.829
10,255.135059320975,8.744866797613712,6.56703733,6.493780650000001,6.80705203,53.102
13,383.2314299809985,6.263431377367737,7.4296635,7.4296635,9.50292532,31.593
20,464.33652375878813,9.541995109322727,6.305650290000001,6.30565046,12.50036787,71.396
10,241.8644471739399,7.981370974348286,6.44536491,6.46469418,6.64395251,56.496
10,239.38539325880728,9.294092342588941,6.46246995,6.45735722,6.58265763,60.455
20,420.2023905831552,11.12516119429207,8.17259799,8.17259799,8.17259799,110.258
12,240.34334370358118,12.38135949720121,6.514732409999999,6.89222127,6.89222144,135.271
20,420.37323792536546,11.073545988936816,8.1737053,8.173705309999999,8.17370576,119.38
20,416.0590824422529,9.05328248157681,8.14564727,8.14564837,8.14564896,106.18
2,47.620191020782656,6.752027446449442,4.06850917,4.06851009,4.06851,64.044
4,92.13631139378256,11.378646877380701,4.36102709,4.36102606,5.59400424,72.865
6,110.74464124767763,16.54685940289734,5.72875091,5.72874969,5.72874999,114.725
6,96.55971667718299,6.735865112380027,6.22847729,6.22847729,6.22847729,118.856
12,397.626590899177,4.652505953906189,4.23954006,8.76486682,10.70067946,5.015
12,332.83981688897273,3.7839796817021543,4.28953839,8.06362599,9.62264224,7.644
12,214.31970032488843,4.856628186740035,5.04075254,5.04075254,8.43473297,12.518
8,164.50951129675377,3.5470941814090073,6.15038128,6.1503806899999995,6.1503813,50.256
5,64.61203990177042,5.003911908768153,4.07831223,4.07831477,4.83836442,36.861
8,120.78897313971748,5.956633710579511,5.92633892,5.926339120000001,5.92633863,16.357
9,362.5936857618613,5.117978702383649,4.491083080000001,7.61404253,11.10183355,9.95
6,265.68913167217136,4.656436263609922,7.58387907,7.58387907,4.61945766,20.719
4,77.95965142945805,13.245478183012905,3.9940875,3.99408714,5.64292393,154.138
8,132.6421071196327,10.178652350255527,5.09988603,5.09988603,5.09988603,216.251
4,71.07659251782975,6.294342869480089,3.81369522,3.81369522,4.8869133,29.755
6,72.82143907393863,6.873191565905563,3.20749977,4.76383605,4.76580004,171.933
6,81.98448641827363,6.105005016516639,5.85257429,5.85257554,5.85257481,139.796
2,42.93913750536004,5.788559091409229,3.93057501,3.93057496,3.93057541,73.018
8,170.26114480281862,4.128035424826586,5.58462084,5.5846204,5.58462069,43.262
7,109.59757291485077,10.329869022152844,3.959982,3.959982,6.98899151,154.449
20,484.469985166197,3.3710347639275793,7.731397,6.6306069999999995,11.4073524,16.223
20,544.1465557894778,4.718612826637354,7.895084,6.959541,11.99390218,17.329
12,211.54816570440784,6.30945344075456,4.368471,4.368471,11.085374,24.569
8,156.40566222102117,9.56070656975781,4.00620273,6.00459695,6.50183116,97.577
12,202.36388154892524,10.88241091416938,4.3672498,5.672751840000001,8.16829068,130.558
4,64.3382463048615,11.303794209260857,4.00703442,4.00703442,4.00703442,145.871
4,81.4357218522242,12.797017936139301,4.14407046,4.14407099,5.47557816,127.368
4,65.41569252853934,17.869663361357404,4.02927876,4.02927876,4.02927876,198.87
8,137.44621856023807,10.70967829840899,5.16072755,5.16072755,5.16072755,140.398
12,189.600063768296,11.36876831103885,4.24565504,5.550060200000001,8.0462974,176.402
2,49.046125710171054,5.104741189873277,4.10871987,4.10872048,4.10871931,53.469
8,204.3235483638381,4.901398397224073,3.95685521,4.53281069,11.39201851,23.336
4,187.26509359557173,2.6739396361515326,4.12347904,4.12347765,11.01513752,7.142
4,382.94088149130454,1.3076053783622892,4.13244806,4.13244759,22.42882656,3.861
4,98.68275517116516,5.074195135353693,4.09043972,4.09032326,6.242655,28.192
3,72.82621587673059,4.169006445086254,3.67430564,3.6743055600000005,6.22883184,13.762
2,57.829993661676625,6.904891469282852,4.34066253,4.34066309,4.34066341,51.179
8,226.25694595101302,5.802938007029996,4.70090745,4.12625095,11.6644585,23.839
4,109.59369069042303,5.990103183596861,4.27065983,4.25993691,6.39129199,27.105
2,54.565382191753365,6.015512850252226,4.25739655,4.25739709,4.25739495,48.326
4,201.83341204837464,3.2525710626617688,4.28532743,4.28532741,10.99069213,5.698
4,137.24062999685296,4.783404998373194,5.94598806,5.94598806,6.125123,13.848
3,82.90705264181386,5.540601287804862,3.84189796,3.84190031,6.4858801,11.592
2,64.66821356488911,6.324705067896773,4.50542039,4.50542039,4.50541987,38.189
1,55.83496991842072,2.6058298845929726,4.29016349,4.29016143,4.29016388,10.978
1,55.44915142636933,2.6239614038453665,4.1607559,4.1607557,4.16075653,12.611
2,112.86603925902948,2.5782145661168028,4.30119916,4.30119785,7.04455701,11.529
4,227.2660810549814,2.5608121113959124,4.30120395,4.30120394,14.18482419,11.444
5,107.48339086995408,6.931101297697073,4.46239439,4.462394719999999,6.25229659,59.767
5,128.7401212482384,6.9751397702850655,4.71006468,4.710063660000001,6.69091614,49.71
5,84.035118038651,2.8375241714671917,4.5394836,4.5394836,4.708876,42.514
5,113.12684023617322,2.9027450120879448,4.19038506,4.19038516,7.43921561,58.659
7,237.38920131699857,4.560626035046861,6.71857284,6.82767772,6.82767772,23.229
11,174.68495743455892,9.550959924000692,7.25172446,7.2517235499999995,3.83567994,163.16
5,99.70397012197927,7.4996618042881655,4.39805502,4.39805571,6.02003937,79.52
10,153.7320255034403,10.664899297379057,5.609085760000001,5.609086080000001,6.16988731,165.802
10,119.03913324506881,3.7289239754386916,5.48144557,5.481446999999999,5.48144607,104.82
5,129.7739407811849,5.915229444082595,4.48296996,4.48296889,7.45633266,46.795
5,117.18098682802514,6.403578763826041,4.52918042,4.529180799999999,6.54890408,43.715
5,119.80281791672697,6.344302053333247,4.52729053,4.52729033,6.66431709,46.529
5,120.3419240410542,5.1660170514165555,4.35952244,4.359522,7.31153407,53.94
5,154.41306408835317,5.978746858534325,4.75283313,4.75283396,7.89311149,37.561
5,90.74522953646364,6.502145286890626,3.98151416,3.98151503,6.37922966,79.041
5,87.27069060446256,6.674191422397722,3.9894849800000003,3.9894845,6.16632629,71.077
5,82.53391075839343,5.380630318744823,3.79453839,3.7945377899999997,6.32900955,88.052
5,94.79280200591045,6.386119405355266,4.18554239,4.18554182,6.16745834,56.86
5,92.09467231053247,6.490937700315621,4.242513,4.24251242,5.93126129,77.539
10,146.0255625240704,5.610975435304061,5.4509605,5.45096009,6.24573346,68.022
10,224.34155790672676,6.78351479529004,4.56626323,4.56626323,10.75939482,62.734
5,86.14865228402167,5.221344648820288,4.17053736,4.17053641,5.76441433,86.566
5,89.85883050551732,6.452148624423059,3.92408881,3.92408936,6.46166159,84.292
5,81.44829640329385,5.326426024961768,3.7900215999999998,3.79002216,6.27162816,94.787
7,234.7655283987917,5.216230480481644,6.794816829999999,6.794816250000001,6.79481735,22.92
5,95.46349461255706,10.738211813144947,6.16492304,6.16492304,6.16492304,90.062
5,99.61404606623347,7.430364630388187,6.00965842,6.00965842,6.00965842,76.495
5,95.53802789886426,7.625201937768093,4.19836551,4.19836566,6.17994906,80.352
5,96.50594562502631,7.485558655109645,4.32168011,4.32168027,6.00313412,78.082
20,231.3900006853263,3.491579371232366,3.91295568,6.01056677,9.83839449,41.76
7,124.09152388179965,2.372973709579156,8.22360054,8.22360022,8.22360022,42.562
5,125.26424056610955,3.7922692304214283,4.416646930000001,4.41664191,7.41514765,47.545
5,151.981703138591,4.149115968567214,4.72855219,4.72855221,7.84881873,37.968
5,105.78864418054653,5.452101836484223,4.07630999,4.07630999,7.351467,52.687
5,91.55284784327391,4.705656540212697,3.85172638,3.85172638,7.125747,77.447
15,291.3435459781337,5.242369861613026,6.62925887,6.629418449999998,6.63099647,58.991
36,466.4669089834225,3.01345749745532,7.75544901,7.75544901,7.75544901,31.616
5,91.17975475206703,6.462424583269718,4.0732555,4.07325543,6.20462126,45.823
5,89.16461282564357,6.523495120921787,4.15522533,4.15522412,5.94154504,62.062
5,93.89173062129329,9.373896991577357,4.05885676,4.05885578,6.3811397,94.67
5,88.28159289702455,6.816730789786702,4.25239767,4.25239777,5.7337487,103.811
5,92.47407773598479,6.315543758138556,4.03057771,4.03057792,6.36590083,87.317
5,117.65070739183746,7.677812252353458,4.65347463,4.653474140000001,6.35176504,69.54
10,234.6073512989542,7.700526328009636,4.67114016,4.67114016,10.75216249,76.461
15,176.03798099650538,3.4730472963386085,4.8119424,6.5473852400000006,6.54738333,148.737
5,100.99990639014494,5.9109885878615165,4.38351184,4.383512780000001,6.10211563,71.734
5,99.27275337542892,8.994531823586298,4.432806799999999,4.432806960000001,5.9454748,86.085
5,92.64047047784656,6.392451437621132,4.304351999999999,4.304350679999999,5.85367276,90.986
5,140.13758807474554,5.627056363729855,9.308935010000003,9.308935010000003,9.30893479,40.513
5,111.91806181071965,5.464223656615948,4.21587802,4.21587697,7.27099062,53.997
5,101.41235354395448,5.955565845414195,4.3898492,4.38984912,6.10976571,53.367
5,102.37357479506817,4.547961892447621,4.08128156,4.08128113,7.09682644,63.496
5,136.51136898892955,5.619307116188641,4.51285601,4.51285608,7.73989782,42.07
4,109.87600535032101,7.226844733034211,5.37616538,5.37616538,5.37616538,39.938
6,200.4069507643869,4.145595836462935,4.862658,4.862658,9.14641032,31.995
4,112.96218002379436,6.572764382581582,5.42603621,5.42603621,5.42603621,42.139
11,157.23871369262167,7.7410594702338145,5.54174745,5.75062221,6.27558001,146.854
4,127.08271114653307,7.594138177134924,5.6433089,5.6433089,5.6433089,35.078
4,98.44161147922875,4.54010500296889,7.67164672,7.6716473,7.67164717,44.628
7,152.0751188137957,3.124749368031629,5.31327797,5.31327797,7.34312223,42.78
4,132.99237977509023,5.025216479766612,5.72946299,5.729462990000001,5.72946299,26.36
4,134.96590082850787,6.088348343914175,5.75766446,5.75766446,5.75766446,27.344
4,131.71163209560905,5.123149002478237,5.711011609999999,5.711011609999999,5.71101161,29.052
24,378.32371350518287,4.727279033148019,6.1552959,10.95076952,12.28543105,88.705
7,170.41167040814022,5.11178840330908,4.059242,4.059242,10.7330381,15.256
7,103.97757507999825,4.931293317781098,7.0713802,7.0713802,7.0713802,89.884
6,87.13389130203866,5.46534030941213,3.51666645,3.9279606300000003,6.83661372,96.649
7,91.05639784609026,5.52167677528915,6.71583337,6.71583337,6.71583337,104.977
10,126.92007564187249,6.053917300012452,5.64090051,5.64090051,5.64090051,147.444
10,126.85609003294874,6.056970867127083,5.66360335,5.663603349999999,5.66360335,144.046
20,278.01189357949886,6.325981813761306,5.78367797,5.85659814,8.20781955,132.861
9,109.73254426353775,4.272806174091824,5.37382454,5.373824540000001,5.37382454,48.381
4,79.37321261560457,3.980250418907696,6.67578327,6.67578327,6.67578311,39.431
7,106.01044182078587,6.54325166514096,6.99508816,6.99508816,6.99508816,122.77
4,133.23426919928397,7.266479556429543,5.73293451,5.73293451,5.73293451,28.446
20,280.19250736931724,6.367783144483363,5.862911,5.805209,10.04311277,137.633
7,171.0266165419611,7.044104722151396,4.28652007,5.925010060000001,7.82037523,58.384
16,650.4321313767732,4.720867003544076,10.06203584,10.06203584,10.06203584,14.254
28,387.64967614894067,7.392728681037064,5.46508284,5.46508176,13.54221959,128.645
9,108.74844475000675,3.139305686506229,5.475437950000001,5.475438639999999,4.18846773,44.442
10,127.03055372002667,6.297398666409053,5.64253675,5.6425367500000005,5.64253675,131.312
24,342.6745617101767,3.5637300122634907,8.09718,8.09718,5.22654,86.466
3,89.41106158816139,3.514683009376006,7.341413489999999,7.34141349,7.3414141,24.67
4,92.38896951821265,4.038605826759974,7.38898116,7.3889806700000005,7.38898081,47.295
24,429.52794436623566,4.796368335655884,6.393192680000001,6.393192680000001,12.61111035,70.857
14,220.4426983744759,6.725802960146619,3.5229134,6.18357867,10.11937897,91.606
6,90.8117795975282,6.027966007448916,3.53986739,4.00535438,6.94013108,97.839
4,106.85438956773253,8.815811470779492,5.32642466,5.32642466,5.32642466,45.405
6,227.84177641557585,4.329145525706363,5.05471126,5.05471121,9.60799587,27.607
4,123.01198899410174,6.668055636464806,5.58239821,5.582398209999999,5.58239821,37.562
6,191.66241543642545,3.523173134272488,5.41390812,5.41390812,7.550654,30.437
4,131.00694550533905,6.2683927785357705,5.70080833,5.70080833,5.70080833,30.248
7,104.36676139933584,5.695165457437782,4.06418316,4.06418169,6.94136615,108.931
28,418.3856102043846,5.682661735290429,5.77743647,5.77743647,12.53448174,106.729
10,123.27093055743705,7.030428219165283,5.59372343,5.59372343,5.59372343,159.165
24,428.66029561082377,6.170293027988267,6.39790347,6.39790347,12.61895072,69.088
20,284.5464631338606,7.264080661262032,5.890886,5.833096,10.09276804,138.501
10,146.77667246126572,6.9732088422054,5.92094025,5.92094025,5.92094025,142.094
7,95.59542768959204,4.987146526659193,3.8962357,3.89623532,6.87349342,127.094
4,132.50634733187937,6.166060682001258,5.72247486,5.72247486,5.72247486,25.727
9,127.6207832330289,6.807183428000522,3.740781,3.740781,9.120042,108.842
20,284.77150159912605,6.41858204520006,5.846439,5.885426,10.11591332,138.817
10,145.87467327980636,6.219272026474043,5.9087865,5.908786500000001,5.9087865,142.445
9,145.06286366792276,5.3099318896352,9.364018609999999,9.364018609999999,9.36401861,82.152
5,95.3645353322984,4.678095583387354,3.85915524,3.85915506,6.96049765,67.594
7,111.9686838752133,4.900873874603877,7.0691622,7.0691622,7.0691622,117.107
7,198.20505796691103,3.871446175136746,4.231717680000001,4.86564731,10.15225804,40.325
9,220.99727882295565,4.563781666739181,4.1790902,6.69512813,8.87176448,45.827
36,566.2227940193515,4.373768025392947,5.91148632,9.58619902,9.99181118,85.441
18,449.1035678568418,3.2590685875337204,6.68322625,8.33664027,8.3366402,51.236
7,195.68302894779373,3.1651760553624935,4.20638298,4.849937809999999,10.11497915,43.146
7,223.41097536765986,4.119503448093664,4.49214576,4.986903440000001,10.52223944,36.254
14,313.7353554212952,4.616947042960735,3.88487592,9.05306976,9.65555984,50.267
15,537.2085774382798,4.438097531321178,8.48051405,8.48051413,8.48051514,21.352
22,322.8565552290292,4.256963957300818,5.730619329999999,7.2515448099999995,8.57413587,104.031
5,132.31336935948244,4.414959871151411,5.09566939,5.09566939,5.09566939,47.628
5,143.46141423607256,5.623589418572905,5.23493993,5.23493993,5.23493993,43.271
5,192.7749031069175,4.331178732037496,5.776749,5.776749,5.776749,30.724
8,129.7370225187281,5.622317037100928,5.06237884,5.06237884,5.06237884,89.762
14,274.59172124267513,4.316276326073073,7.78656902,7.78656989,5.22955166,47.647
14,266.0176915717844,4.503445753181685,7.62679874,7.626292860000001,5.28097266,58.192
14,269.6166492026367,4.614277973768856,7.58021642,7.580217180000001,5.41817207,60.178
12,179.53215684977644,6.768937438607039,10.91467097,10.91467097,10.91467097,135.285
14,272.55766503368955,6.057060662702714,7.70334941,7.70345621,5.30343206,65.898
4,191.14145401969353,2.3438929228168646,7.25583338,7.25583338,7.25583338,11.008
14,268.0833766285606,4.457509413622978,7.67070334,7.67070187,5.26100725,51.62
40,942.397138480907,4.100238636871713,10.6975736,10.6975736,10.6975736,50.639
5,129.49301741662526,3.9475573613419663,5.05920313,5.05920313,5.05920313,49.284
14,288.19645119716193,5.659121147433846,7.83008343,7.83008343,5.427817,58.683
14,277.64124053343033,4.855878037332238,7.78017689,7.779715440000001,5.29682378,61.376
5,140.19996748628466,4.721364927059681,5.19496514,5.19496514,5.19496514,45.977
5,136.73790480998701,4.828065211504286,5.1518472,5.1518472,5.1518472,44.124
23,314.3579849872524,4.9291401436948625,8.41219425,8.41219425,5.129503,93.461
12,155.59136328639266,5.022340133988591,3.90867599,3.9086761,10.55260473,139.441
14,292.7321784541847,5.544582246488508,7.95299171,7.95188249,5.34462689,56.853
22,309.2805647082492,6.619834721701557,6.764818680000001,6.764818680000001,6.76481905,107.808
7,192.89810553473666,4.444698132672741,4.85774818,4.85774943,8.86680865,46.741
7,222.96671279194933,5.842098952891103,5.03531068,5.035310679999999,9.48746372,37.73
36,677.3710257433166,4.1038936320850326,3.82074641,12.29755643,14.41649143,52.92
26,360.86229277044316,5.42589450486027,5.44949814,6.7266755400000005,10.74960988,94.546
7,185.36289571034249,3.8379830157105443,4.81425609,4.81425522,8.69203954,50.236
7,215.40099439114624,4.702521632181441,4.9886021,9.3476541,7.05470164,41.23
18,332.65742978123393,4.5362308443844395,6.31535893,6.43394275,9.29666018,72.97
18,358.0462788314589,4.616729669149059,6.47418811,6.47078983,9.759047,71.003
26,433.5365474622747,4.430114818301778,6.0216069800000005,6.0216069800000005,13.3889299,81.348
42,644.6342483692324,4.136537437526268,10.12349042,10.12349042,7.263103,64.465
42,634.3825335748727,3.970677508081983,10.07199652,10.071996520000003,7.220869,66.189
42,618.3271709465862,3.985400564095919,9.84985778,9.84985778,7.359152,75.339
28,548.1884947613943,4.764178094562098,8.64558738,8.64558738,7.33400003,63.615
10,301.98706583710896,4.3349684816852365,7.53068439,7.53068439,7.53068439,31.841
10,290.00648018669415,4.558622440236083,7.42975056,7.42975056,7.42975056,37.078
10,284.14317268945183,4.63516358301162,7.37933808,7.37933808,7.37933808,43.347
4,187.04313714189541,6.823685480558639,6.982732619999999,6.982732619999999,6.98273262,20.33
4,128.0150446883191,9.28495450223744,5.65707587,5.65707587,5.65707587,37.418
4,137.70020301284427,8.723383734744086,5.79628671,5.79628671,5.79628671,33.088
4,117.8378184144357,6.276993343343956,5.50300487,5.503004870000001,5.50300487,34.157
16,507.0049745777115,5.122092443108224,4.72537706,6.37293143,16.83590654,27.873
6,130.0440434885578,8.005697202738506,5.71044569,5.71044573,4.60489563,60.814
6,149.59243363027855,6.003325524185567,4.53769608,4.53769568,8.38896219,48.889
6,182.1612034517358,7.374082952074128,4.90354998,4.90355034,8.74790383,35.76
8,121.38192168649023,6.224173186960633,3.52164349,4.4147146,7.80739204,80.968
8,123.66640241769176,6.109194474591795,3.58868566,5.98232524,5.982325,79.857
8,124.09995165053766,6.087851705778926,5.46400825,5.46400825,5.46400825,77.721
6,140.07673038882663,5.369184938589518,4.4053484,4.40534838,8.33441036,55.717
6,140.761795827287,3.3404551257215616,5.838929629999999,5.838930319999999,5.83892948,47.886
6,150.5503074397321,3.1232647104707203,4.80801321,6.090295720000001,6.09029427,44.927
28,384.0068146216395,3.5559238357994896,8.81561304,5.16206111,8.45348419,83.129
42,573.8437517692912,3.569348749583086,8.892708,8.89270843,8.37905329,79.915
42,592.1876058906352,3.458783090796492,5.19050372,5.19050372,25.381054,88.628
5,110.70542388303247,2.9331176176276785,4.4442157899999994,4.44421604,6.42588252,54.006
12,207.62070596903953,3.585640777568699,7.84298531,7.842984070000001,3.89742083,65.439
3,76.4017467196046,4.0695652065531895,4.29651992,4.29651904,4.77902219,46.288
3,74.75593100848202,3.169479652349088,4.24977964,4.2497808,4.77949609,52.321
4,76.91066313349816,3.102445307990031,4.22939071,4.229390709999999,4.964784,51.695
8,204.1583085828955,5.081616991611573,5.9302144,6.189163430000001,6.18916383,37.824
6,142.5235944214365,6.267330636057248,4.29379133,4.29378936,8.92636061,64.685
6,142.2782852064056,8.34774301622269,4.25751375,4.25751507,9.06349631,72.367
6,128.29725130198673,13.8806547344115,5.66184737,5.66184783,4.62136593,90.516
8,131.14839016042419,8.016909292289466,6.137745379999999,6.13774538,3.67159854,80.847
24,201.65104179953778,3.9997629823405325,4.24129241,4.43227665,10.72692872,147.126
7,73.57091183690322,3.4416993638010784,4.19020605,4.19020605,4.19020605,144.836
4,128.957475111668,9.201147810213278,5.05221907,5.05221907,5.05221907,42.244
10,209.26030896470854,5.777712020182761,6.98754986,6.987549859999999,5.680544,38.621
12,422.91355683995914,3.886031592978407,4.73752988,7.83340755,11.39590769,18.143
3,57.20419161701498,3.2407573845302595,4.09778161,4.09778188,4.47228316,47.378
6,115.9607005266955,3.197374723797007,4.167096520000001,4.167096370000001,7.78868954,49.739
4,69.0452310499713,3.0698429383736476,5.535409260000001,5.535408970000001,5.53540918,56.929
20,258.4475691195478,3.794093432363294,5.11695695,5.98602397,8.43766419,60.547
10,148.7814341650151,3.2953514331605698,6.916295300000001,6.9162953,6.91629501,62.636
4,116.3466754446254,7.548325539480129,5.47969423,5.47969423,5.47969423,31.022
4,125.86637274931296,7.077509329412232,5.62476094,5.62423522,5.62492154,28.313
4,62.678492619145764,6.147157213796837,3.552499,3.552499,4.966502,97.832
4,68.69945082071688,6.181736032521272,6.34630019,6.34630019,6.34629972,114.646
20,318.88019245785824,5.743441236763687,6.00426811,6.17442523,8.60143538,113.27
3,85.73142956203948,3.070503055698137,4.9493893,4.94938928,4.94939066,33.615
16,234.479309605362,4.748484364305033,6.09719585,7.40803843,5.67865465,92.015
12,158.66746022106182,5.498802971901097,3.5143524,3.93636032,11.46958533,96.392
6,79.18200073470709,5.509339835518626,6.06106198,6.06106198,3.50991446,96.447
6,134.25629063047458,5.592695746848524,4.25250108,4.25250086,8.57265166,57.771
6,169.4390959040628,7.059022175962282,4.68198033,4.68198033,8.925321,40.538
36,641.0462447560105,5.1342764809124475,5.36473302,9.04270999,13.2142538,67.221
8,114.1959698347582,5.326848344841362,3.5947001900000006,3.92119811,8.29855074,86.243
4,52.72603186622967,5.768541566385607,3.44582579,3.91170311,3.91170311,108.889
6,124.15141668461617,4.872279332472047,4.10057236,4.1005724,8.52574067,65.501
8,134.19405957745002,5.00483890204041,3.93943137,3.93943137,8.64701502,65.563
6,157.0721013761452,5.770652865192884,4.51064311,4.51064305,8.91438591,47.985
8,204.0370940278819,6.324950251910284,4.55246154,4.625321759999999,9.96209072,47.714
28,408.3139428161181,7.753270831520993,3.40993292,10.05860192,11.90448888,113.78
28,397.19850875785056,8.129407727308443,3.36747122,9.99608255,11.79977925,120.303
4,67.03648432547809,6.727289689851591,6.28064791,6.28064791,6.28064802,80.014
3,48.74194517924419,4.27950944454684,4.10020863,4.10020812,4.10020874,65.882
3,77.15142620028634,4.887167778915139,4.30785851,4.30785891,4.80054429,41.237
5,105.09353069608639,5.791103326692886,4.44829314,4.44829216,6.17268688,48.048
4,82.80341800508052,5.7040571687424855,5.87948155,5.87948198,5.87948207,52.608
3,76.11336550869498,5.081099049644412,4.1319091,4.13190929,5.14788355,46.921
5,103.33142902312761,6.620209178363084,6.04245239,6.04245239,6.04245239,70.823
12,291.60587215245323,8.093974110340552,6.63130121,6.63130121,6.63130121,67.988
12,178.64195163180634,3.3327867134770797,3.85318502,6.34859877,7.30273785,37.591
6,83.50945728828827,3.564719147992818,4.12151687,4.12151647,5.6766334,39.071
6,117.81682200616075,3.4976541561704027,4.1068944,4.1068944,6.9852223,38.352
6,167.403137619621,4.275905368473032,4.28956644,4.28956644,9.0978086,7.823
4,57.787372109450864,8.45173225490398,3.35672642,3.35672642,6.23107409,156.263
8,132.94097552148477,7.3476728280010715,4.02121058,4.02121058,8.22138958,114.728
20,270.9121553948899,7.701226062859422,5.76053461,5.77701466,8.14070902,155.349
10,135.60049740201634,7.693023963205331,5.78671125,5.786712429999999,5.7867133,154.085
5,71.01997313864919,7.344257043717289,4.141206,4.141206,4.141206,163.199
20,271.36984779283307,7.688237174622645,5.7672191,5.7672191,8.15933204,154.945
5,71.00848373784919,7.345445368102092,4.138109,4.138109,4.146736,156.926
10,135.63234597107638,7.69121752239493,5.76855927,5.760483450000001,5.76048417,157.502
10,136.00212319147215,7.670305811826364,5.73453937,5.73453937,4.13569603,154.13
2,62.24023270066357,7.689302309570747,3.96299693,3.96299693,3.96299693,27.259
3,87.49158282498749,9.277138104950176,5.01531981,5.01531933,4.01641337,30.199
6,183.80827138588774,8.951149520432491,5.05572057,5.05572057,8.30363516,32.261
12,534.5025542574858,4.242869109709232,5.015496,8.500977,12.536233,13.289
6,164.1782912599705,4.723813988550106,4.27610854,4.27610854,8.97879985,10.84
8,194.76522734975558,8.687380520349754,5.95985888,5.9598588800000005,8.05724384,58.263
8,198.31306317318865,7.095150862042304,5.91485085,5.914850849999999,7.97875727,47.596
8,197.09074180186505,8.633186711791266,4.50706637,5.93458525,7.96515564,55.359
12,282.69634256915367,7.114334816847193,4.50243477,7.32647958,8.86068452,47.444
12,297.1343279784529,7.30208527284624,8.89721627,8.89721627,7.52249575,47.85
12,296.32430830407003,8.31575474352715,4.583701409999999,7.53504621,8.8803961,52.456
12,295.11780299396906,8.94694667767916,4.5660886,7.61531526,8.4871756,62.337
6,114.62452013974601,13.677075527719603,5.4525239,5.45251712,5.45252883,146.445
4,91.71005526714774,3.9872468551003153,5.06186608,5.06186608,5.06186608,30.554
14,194.58666093544562,2.4474132392923313,3.80853906,3.8085391200000003,13.68461315,52.666
6,108.55704661742793,3.321404056028238,3.92118596,3.92118596,7.06029978,54.044
3,68.04032157932753,3.0637035800240553,4.258062,4.29548154,4.29548154,42.523
6,133.0685863273876,3.1330516474521284,4.37129639,4.37129644,8.04126415,44.645
2,73.5768145849534,2.5260108953789753,4.19031811,4.19031811,4.19031811,19.806
12,375.2137591662833,2.4115878677969254,6.50676951,6.50677111,10.23334223,25.64
5,73.57960114306734,3.7066330650795045,3.64360656,3.64360656,6.399763,93.805
6,166.77104741521464,2.0824564512364483,5.02906601,6.188019119999999,6.188019,28.947
12,171.57641568056212,3.6374019948360727,7.78532819,7.78532819,5.600931,54.98
12,308.96128341891256,3.967842052749049,4.60440487,7.84980931,8.54813651,39.991
12,148.70569947050896,2.589688639655216,7.02241797,7.02241797,5.57623307,37.878
5,139.8311228102056,5.419645816355625,4.70640596,4.70640621,7.13632507,35.493
12,304.14046951960967,3.0577042992831105,4.59551364,7.81954387,8.4636702,43.089
4,113.56725939085968,7.613362771066864,5.43570711,5.43570711,5.43570711,29.945
16,233.42476017899503,4.853650456745789,7.72526952,5.55486251,5.92558605,92.183
8,172.25272205600038,3.918779425512912,3.82299559,6.71191539,6.99682196,39.109
3,45.67856418888532,4.203586119258437,3.81104041,3.81104063,4.14164883,68.626
14,209.0689419861331,2.7268370516509077,6.13165966,6.5630453499999994,6.6274904,39.156
28,381.8459466703274,5.869553422846706,5.12647151,5.92015555,12.58161869,147.015
5,67.40372672579457,5.629866651769479,4.06969111,4.06969111,4.06968705,173.24
8,152.33946322606008,6.052842106663647,4.08777286,4.0877727,10.52708999,69.921
12,198.57867159432007,6.83988461663312,4.01895303,4.018952790000001,14.19633066,92.315
8,157.81977186699012,6.136141590006867,4.1772937,4.40240297,8.85956966,66.576
8,195.2395428143331,6.5274103141643565,4.55017116,4.61577782,9.57818272,57.57
5,122.90653879067932,6.78830356651676,4.74450734,4.74450694,6.40833773,51.162
2,34.49840021196152,4.987595394014526,3.6540231399999996,3.6540233599999996,3.65402447,84.99
3,41.98421693492621,4.7311038594622,3.54424074,3.54423991,4.17749883,71.147
5,63.63388435567394,8.503074613722083,3.992358,3.992358,3.992358,185.233
12,342.36289366091523,3.451242738815802,8.08553955,8.0855402,6.04697283,44.749
26,318.30205899887665,2.604214286388095,5.877508,7.24755992,8.24920125,25.933
12,255.86887515098888,8.068404772362182,6.34851992,6.34851992,6.34851992,98.247
20,296.90377048683945,7.669326848943649,5.88572476,6.02726206,8.3694263,105.376
6,121.91891300878015,8.184547521544461,5.56581421,5.56581472,5.56581351,80.634
6,111.81439323257244,9.203370353677562,5.42730703,5.4273072,4.38327057,106.301
12,181.36031552107184,4.944867488653183,5.83218048,5.83218051,6.74063144,62.819
6,120.03738757113784,13.218975466139065,5.5370345,5.537034530000001,5.53703297,117.262
6,112.31855523137554,15.71618730483467,5.45320389,5.45320353,4.36131516,158.423
8,104.25928969063652,4.8500290232180525,4.76314576,4.7631460599999995,4.76314559,56.453
20,243.42479049130682,6.458339801120403,5.5432724,5.57521296,7.87656975,166.165
2,55.307314038743215,3.593405717089607,4.27660618,4.2766059,4.27660487,48.468
24,306.7245740028718,3.977668037487586,5.34282259,6.87054329,8.35577502,60.595
6,195.7708135034631,5.617496269661684,4.36037677,4.92129242,9.32971049,29.551
3,81.63104058589265,8.227608874653113,4.507174,4.50717343,4.63998053,58.536
28,351.2297387223793,4.567597792882324,3.19476322,9.71199018,11.31994639,141.067
2,61.90118566122297,4.468615506245031,4.44022002,4.44022119,4.44022279,41.256
4,110.84004811512852,3.466860697125569,4.05582393,4.82878783,6.15300353,44.145
8,220.7925938010332,3.480796161343414,4.04645073,6.12276327,8.91174552,44.901
12,280.16467761877396,3.409003237502706,6.54341492,6.54341492,6.54341492,58.246
6,136.49552481199387,3.498584639869377,4.437862,4.437861039999999,7.60792667,52.527
16,221.00923023498498,4.319291970538322,5.51387146,6.00496759,7.28292443,96.042
12,278.5954119408786,5.2958240537236625,6.53117499,6.53117499,6.53117499,68.756
12,276.25113651619534,7.472593430287761,6.51280424,6.51280424,6.51280424,78.261
4,139.84902071853864,4.8998416196252315,4.55719316,5.09035678,6.54381424,32.734
5,131.88394124081802,6.927141932159394,4.80538447,4.80538447,6.64436871,56.392
6,175.9696461742506,7.679808110267159,4.94529768,4.94222037,8.31539394,36.162
20,266.2174999396318,6.345516917916609,5.73820206,5.72649997,8.10161313,137.515
10,132.91090818003713,6.354962406186177,5.75585768,5.75585737,5.75585461,138.388
5,69.67305836625314,6.061480898514071,4.114859,4.114859,4.114859,142.602
6,172.41244461888135,4.571040899904268,4.38118796,4.38118796,8.9822438,41.51
12,293.24198777586633,9.092335444417017,4.74622811,7.70338824,8.02039507,69.787
28,383.39369070652657,8.761685019754239,5.53780908,5.53548553,12.80953138,86.266
12,150.75696951344315,6.207071776174356,9.90515426,9.90515426,9.90515426,75.39
10,132.9599555464957,7.857424220475902,5.75652955,5.75652955,5.75652955,178.247
20,268.0635515308889,7.794590268599433,5.72168,5.730921,9.97924591,151.127
10,149.7316212421464,5.0491042114817475,3.75669677,6.465001680000001,6.67080225,100.89
10,153.29286262424029,4.931805346077234,6.69554467,6.695544670000001,5.719636,85.068
5,62.21175901326076,6.235672394797204,3.96238547,3.96239136,3.96240069,181.627
2,75.58435534096776,4.728243256170987,4.74586786,4.74586885,4.74586757,32.317
8,116.53294840462976,4.659605814509041,3.8876311,3.8876311,7.71043072,121.679
10,119.62507796991582,5.093987788166359,5.5223297,5.522329559999999,5.53489848,168.22
5,59.90045030664282,5.08651173086108,3.91270131,3.91270131,3.91270131,170.929
2,67.06459780085667,7.230087166755116,4.06285299,4.06285299,4.06285299,25.126
6,189.32238678236155,8.70757395992388,5.1196249,5.11962585,8.34055437,26.768
4,111.43073793895088,10.329806414846846,5.40140408,5.401404080000001,5.40140408,29.409
6,82.30568888126356,7.861221523298842,6.59515279,6.595152,6.59515293,132.524
10,152.79145943312707,6.8138095586000755,3.82253228,6.427569319999999,6.70071516,99.971
28,409.79199475584693,5.3395891583766675,3.4090934,10.08264432,11.92202761,112.287
8,221.05939548718422,2.421450949145239,6.752706,6.752706,4.847896,31.352
26,314.6308119475301,4.084069546396236,6.06146913,6.06146913,9.888144,170.189
8,251.88150818874178,4.035399581415028,4.54911253,6.23291024,8.88339007,24.149
12,267.60707599170007,5.4217524972769695,5.89136292,5.891361980000001,8.90298103,36.313
6,140.34552449458423,5.169026008388946,4.74030399,5.93512088,5.93512125,35.093
6,109.4431105874518,6.291555761872319,5.4862932,5.48629255,4.19855517,52.276
8,241.0709991505263,7.866154570196023,11.98876843,11.98876843,11.98876843,30.573
12,305.0627113072312,3.2097990444093734,8.553606,8.55363112,8.55360374,32.01
12,172.8590853604777,4.40012736880406,5.448069669999999,5.44806929,6.98265433,61.603
16,220.7972612182532,5.566117786807331,3.34284254,5.82466437,11.33983816,92.231
6,181.15326366182086,6.60406902052465,4.79900094,4.79900094,9.082678,32.355
6,142.97270895790578,4.207064486502215,4.28005382,4.28005442,9.01205716,49.807
6,169.4103281984716,5.327104089198296,4.60772754,4.60810945,9.21271523,37.518
4,58.47388180180308,5.8743285687699975,6.23458327,6.23458358,6.23458433,148.786
5,73.96074740540564,5.09297632587517,4.197594,4.197594,4.197594,152.318
20,278.2199660312183,5.415575897777201,5.79524115,5.8442896,8.21457412,145.804
10,139.29130394102935,5.408526231317878,5.84404202,5.84404243,5.8440446,143.03
10,139.96387922066543,5.3825363754871995,5.78296588,5.78296588,4.18518549,142.374
20,474.6162826351481,3.849113666652493,6.76185335,7.15875562,9.80481376,69.284
30,554.6545628565603,16.251792248716406,5.30817345,10.22206745,10.22206745,195.555
1,18.129972704572488,16.573164729722247,2.86641844,2.86641925,2.86641841,194.527
8,114.50589407960862,11.627177610152264,3.0804831,3.0804831,13.93347938,195.615
6,81.72050713004383,15.14660537399085,4.76583123,4.765830799999999,4.76583049,248.908
6,88.79836650085004,13.872037356854246,4.902311799999999,4.91138804,4.91138881,185.869
3,41.50315299211341,14.95997870498071,3.1148898,3.1148900300000006,4.93929643,260.465
5,82.9893682790896,8.764696858461155,9.065776649999998,9.06577697,9.06577615,37.686
5,82.55022705677297,8.81132228674753,3.28676412,3.28676492,8.82369465,34.146
22,281.9840607497356,8.229125868173853,7.360599470000001,7.360599470000001,7.36059947,155.679
6,91.90798307514997,15.206577224937892,4.96552439,4.96722522,4.96722524,213.632
4,57.10260011738891,13.659910521382251,4.32238679,4.32238679,4.32238679,231.932
4,60.88330787875423,14.04513514995973,4.41574934,4.41574934,4.41574934,243.884
9,112.14539867060724,7.720944835632365,5.6993843,5.385319530000001,5.38871089,133.739
4,61.39351918434151,13.893762440483673,4.42331705,4.42463287,4.42462978,231.554
4,61.699386612104256,16.362548400812273,4.43539138,4.43539138,4.43539138,247.114
3,38.830886181695625,15.518980671362788,2.92984094,2.92984123,4.75856939,203.084
3,38.78428779134817,15.537626353939435,3.41011164,3.37243552,3.37243552,202.519
8,126.2807760371272,12.853042010578568,3.16751349,3.16751349,14.53348,175.354
4,60.70002481580275,16.607129380732868,4.41131383,4.41131383,4.41131383,249.914
4,65.14247460300308,16.519767175988147,4.51640712,4.51640712,4.51640712,265.254
4,64.69492330190911,14.345559171519064,4.50604025,4.50604025,4.50604025,246.749
20,199.9905554692441,13.414994813383945,2.98648427,8.16377988,8.20272154,327.072
4,67.09972068999755,16.01199750551537,4.56119427,4.56119427,4.56119427,234.508
4,67.06655359089464,15.970718813326556,4.56044262,4.56044262,4.56044262,240.518
4,66.73741220833486,13.831033827213455,4.55296998,4.55296998,4.55296998,221.392
6,92.895672985232,15.036324291558186,4.83921993,5.00518465,5.00518545,228.033
14,168.1248934351357,8.728989232471855,4.86775326,5.53778915,6.86812387,126.687
14,193.99668060539335,7.5648736871479105,3.84085413,3.87416451,13.03732305,194.214
4,65.53209615975216,18.648875428739558,4.52539354,4.52539354,4.52539354,272.496
36,570.0937737294583,13.731955415008915,3.40841768,11.57848827,14.44580102,220.662
9,184.34290232734455,5.951559369463927,3.2932453000000006,6.400312610000001,9.32061679,19.314
9,211.43893303138623,7.398607167253755,3.3996680800000005,6.78533514,9.73160804,17.445
4,65.89338685127196,16.23012894220997,4.53369475,4.53369475,4.53369475,256.583
6,117.13469111504334,12.499426195087343,3.38258849,3.38258849,10.23734179,42.606
10,203.81465508145854,9.75681108509962,3.42564383,6.62382263,9.27578397,70.995
6,96.24440807656147,13.45697129461289,5.0435427200000005,5.043543700000001,5.04354275,214.601
4,65.34937028048729,14.123885072209111,4.52118351,4.52118351,4.52118351,242.63
4,65.78062729835214,16.25020045328279,4.53110719,4.53110719,4.53110719,250.356
4,62.908043416889655,15.918739353887984,4.46416658,4.46416658,4.46416658,245.861
4,62.55326709440636,13.642182457771858,4.45575944,4.45575944,4.45576016,227.823
12,158.79204799833067,12.420085982141094,3.08869848,3.08869923,19.21971736,225.648
8,141.82722226024813,17.32366658604008,5.21501522,5.21499071,5.21495395,200.678
7,72.3857216778809,13.444936397291041,3.13523218,3.2926257099999994,7.37113958,294.112
16,205.60475931040233,9.899638888042633,3.88114493,5.49273983,10.30944779,241.568
11,133.09361432367976,8.407120585283483,6.25869656,6.25869656,3.84792555,233.926
4,66.66596197112538,16.0388258807936,4.551343369999999,4.551344089999999,4.55134625,225.21
8,146.78834858673545,15.036620006857543,5.27509795,5.27509795,5.27509795,187.381
40,1086.8257043095693,8.168223644029274,6.40547354,11.58084383,14.65104002,20.916
8,148.7909777461229,14.76615964283307,5.29897901,5.29897901,5.29897901,178.536
8,88.56831089031064,11.885813752808957,3.1240445,3.2703845,8.6688669,266.336
16,204.79618464256018,12.759228964772218,3.12943415,3.12943421,24.14679989,235.646
16,206.41627506315135,12.659086160559553,3.10753899,3.10753899,24.681993,236.717
12,190.08414324923928,14.16267574896356,6.107509,6.107509,5.095862,214.356
26,485.556840750874,7.080828461222088,6.68174605,6.68174656,12.55823803,62.712
9,100.95688149974167,13.056836146425272,4.274952599999999,5.308927540000001,5.30892762,289.948
11,117.32878933236279,13.722698898519178,3.14929914,3.28700842,11.44303366,291.265
16,274.15520206613263,13.493732042713368,7.74054559,7.740545590000001,5.283512,177.165
22,243.60767318107028,13.479929715766238,5.19125827,5.1912581499999995,10.43794667,418.89
9,189.967923696507,12.165759482165306,3.56297819,7.517094629999998,7.51495702,105.592
16,253.09367421606385,12.9775375543342,6.53002846,6.53005713,7.52019244,215.33
16,253.11487276662143,12.976450676337059,5.09808867,7.49313203,7.49313264,210.57
10,186.09968242734584,6.870790234224921,3.39027577,7.24814296,7.78929486,82.882
4,62.498739870832836,6.958263831105173,3.83420145,3.8342019900000004,5.04222874,132.414
4,51.89836101427479,10.424157104342461,4.1868706,4.18687023,4.18687095,203.111
4,50.4457668646256,10.521012262437628,4.14743806,4.14743806,4.14743806,219.675
4,52.26570434146668,10.335655044641456,4.19672611,4.19672534,4.19672537,192.409
6,63.750137284195084,7.083050445323235,4.59943469,4.59943469,3.013948,208.145
12,127.51754361112783,7.082091224361245,5.50194449,5.50194449,5.50194449,215.809
4,59.42322413851371,16.442117227550046,4.38016432,4.38016432,4.38016432,268.452
4,58.232126010518805,11.693481540268818,4.35070077,4.35070077,4.35070077,240.988
4,69.58536443306728,12.211799752602545,3.44367825,3.4435752,6.3525886,175.774
6,108.44605436304577,10.130225856837045,3.41990513,4.98527149,7.02980015,133.144
4,45.035015400785824,14.141134813369497,3.15708283,3.28148501,4.64637706,286.134
3,27.406671691109324,12.273478652117968,3.09430565,3.09430549,3.30521129,303.164
4,43.11449827945021,11.496998410738358,4.57753351,4.57753351,3.12204691,296.676
8,85.44345555197046,9.99725517203109,8.92919694,8.92919694,3.100139,315.136
8,84.6126938474802,15.223482723375584,3.09928222,3.19736444,8.53851325,324.571
13,112.32961306530588,4.273601366237837,4.208472999999999,5.578450150000001,5.57845129,136.248
6,69.02866236404958,9.572869398806642,4.60448905,4.60448914,4.6044896,167.518
4,54.328626781448534,11.984427187828034,4.25122974,4.25122974,4.25122974,234.983
2,22.29563441036498,14.371210743587001,3.15920881,3.15920818,3.15920808,323.894
6,74.57697172218647,13.30686291565237,4.7246891,4.7246888,4.72468954,247.841
12,153.95524345577587,12.891870612470363,4.78638883,4.786397780000001,7.75973698,255.669
4,47.54505208476607,12.494541837507652,3.62273736,3.62274353,3.62268763,242.198
3,53.162240214863075,11.295971191895614,4.22058603,4.22058603,4.22058603,165.084
6,82.05275296480195,11.532925296099654,4.8775607,4.87756118,4.87756143,242.207
12,164.34779479761337,11.515922941925867,4.86869331,4.86869197,8.00587071,239.813
6,50.629473604185456,9.05837842086871,3.06880107,3.06880107,6.207767,245.291
8,165.15806593774687,5.0255711549174675,5.48655743,5.48655743,5.48655743,32.41
8,182.050806442569,6.270214084917091,5.66757839,5.66757839,5.66757839,41.99
8,211.6887727778828,6.918515293735051,5.95981266,5.95981266,5.95981266,34.708
4,56.79264107520807,13.166298168368685,4.3145506,4.31455205,4.31455276,224.467
20,397.93832257772516,5.686581698610843,3.51188539,9.52958893,11.89053138,39.914
12,162.03055373123817,11.996172859890384,4.86479389,4.86479024,7.9055319,424.186
12,149.27172718304368,11.914834209676721,3.56711173,6.08489622,6.8771369,254.448
4,58.34803679773822,12.491683283195353,4.35358197,4.35358197,4.35358194,238.287
4,62.23462292159853,10.409066372929765,3.79033667,3.79033625,5.09396809,125.826
4,51.68755972112651,11.839803203902946,4.18119443,4.1811942900000005,4.18119439,195.874
4,50.37986854764276,11.943548398090957,4.14558241,4.145591590000001,4.14563503,222.56
4,51.97605009362991,11.758764972618794,4.18895866,4.18895861,4.18895895,192.999
4,59.80717071964667,17.523274738318058,4.38957805,4.38957948,4.38957519,268.88
9,144.493656749002,11.247154075115208,4.97481538,4.97481612,6.74161826,148.824
3,23.024713804783545,13.195320222107684,3.19327475,3.19327473,3.19327627,196.872
4,95.9321007855435,7.714299180804261,9.89375134,9.89375134,9.89375142,18.901
12,190.92577023092227,19.4731657745116,2.86185079,4.83237205,13.80566086,273.081
4,59.56154573157762,21.121388361535946,3.90530826,3.90530826,3.90530826,323.564
4,53.03972621666228,9.949683020469788,4.21734138,4.21734138,4.21734138,201.123
6,75.33241832725707,12.824274747922123,3.094669,3.094669,7.865992,306.124
6,68.47881037574821,14.182330051233127,5.20849575,5.20849524,2.91474775,306.305
2,21.63377561609257,14.964086828841792,2.93994249,2.93994187,2.89017508,337.979
12,128.59579156200792,10.89607432029399,4.97914292,5.04121064,5.19528015,267.592
4,45.19835723455492,10.943631613499752,5.50328963,5.50328963,5.50328994,308.794
4,64.3652873091479,12.121616915669513,4.4983741,4.4983741,4.4983741,251.053
3,38.75467570576832,12.782880587490254,3.14716957,3.1471686099999996,4.50134202,213.178
12,285.4927043134367,7.923500182299326,3.72261652,7.82110355,10.43074609,21.521
8,96.10938198256784,12.337173818244443,4.20694764,4.50834174,5.06736105,218.124
4,48.131050546307186,12.317600983404708,3.6045047200000004,3.60450561,4.49823467,221.34
12,167.9855463133636,12.347616263723602,3.75179829,6.26086406,7.15151676,196.746
6,72.1081980464664,9.807658250146309,5.007146,5.007146,2.876101,255.403
8,123.20744221449154,6.2521202546675125,3.981168,3.981168,7.773488,183.266
4,65.74443670151213,14.516379357213017,3.28743175,3.28743175,6.08338802,201.83
3,46.78608674254386,13.97638069636996,2.87867774,3.84945966,4.85740826,205.117
4,61.01939319045501,13.612307233687407,3.90425166,3.9042511299999996,4.86273001,210.488
40,629.0373700717007,13.20453707268567,5.5698795,5.5698795,23.412845,201.293
6,96.93679611515051,19.56656851943149,4.76960917,4.81644878,4.85851745,243.933
8,125.1586367314436,20.331075322781526,4.59164941,4.89359383,5.57011528,259.644
4,57.9508764968834,14.03096696375624,3.86978351,3.86978351,3.86978351,260.037
2,31.53228555825666,14.8514990138851,3.0409624,3.0409624,3.40983489,253.312
2,32.12231431364372,14.578703866149654,3.178842,3.178842,3.178842,241.27
4,58.29862568741037,13.790429290327115,3.87753777,3.8774945599999997,3.87749354,276.055
3,110.67433869290595,3.6771070825849264,3.3435064499999996,3.3436655299999996,11.55260038,14.33
3,61.12809137099921,6.65751842631816,3.38285756,3.38285712,6.16797857,21.703
6,121.14893334359567,6.718365295283067,3.33852097,3.33851946,12.55107349,31.338
3,61.05212741728426,6.66580202662805,6.61529007,6.61529017,6.61529102,27.546
3,62.96767954795803,6.463020355675226,6.64502353,6.64502353,6.64502225,21.258
6,136.77168966329776,10.306891725573076,3.69775716,5.46235228,7.48602831,101.369
3,58.39362125910033,11.48222923066617,4.35471994,4.354719249999999,4.35471861,176.103
6,140.45816806358704,8.012397736632188,3.47662508,3.4766263,13.41839114,23.348
12,277.5845069988489,8.10857003549449,3.48776937,3.48776849,26.34930564,24.691
3,70.34849268034267,7.998797593275643,3.4718083099999997,3.4718083099999997,7.03104184,22.878
12,281.7552618083133,7.988540839743654,3.47660071,3.4766002,26.9173199,22.817
3,70.85755650903131,7.941331618884902,6.947563369999999,6.947563369999999,6.94756378,19.6
16,364.18516580788173,7.62051378215693,3.52664896,10.10898692,10.75011511,19.248
9,128.4277979235035,9.197662124201868,4.76862017,4.768633140000001,6.52140995,184.701
9,129.86803969759302,9.095659681983731,4.78379146,4.783790080000001,6.55280556,184.679
12,176.64944599937257,15.087325717655805,3.78499997,6.4089414,7.28215802,258.184
12,174.24972663409923,11.890674547635857,3.74207714,6.38437253,7.29358669,234.349
12,268.69181267401456,10.342201394340005,5.681004709999999,5.68021525,10.0259028,103.041
2,32.00455365321284,14.473060863509595,3.17495269,3.17495269,3.17495269,257.672
9,250.13985124945646,8.68602812725394,3.68673087,7.837415349999999,9.6518562,24.147
10,304.71815105558505,7.534898469146997,6.63092989,6.63092989,6.93025879,32.198
6,52.989918258795306,8.52547831986198,3.06250853,3.06250853,6.52391199,276.819
4,54.78515501720007,10.32070925454896,4.26310436,4.26310436,4.26310436,211.21
4,54.61569183308804,10.297582418148272,4.25870423,4.25870423,4.25870423,207.781
4,61.45856715709142,16.461899272163656,4.42961325,4.42961325,4.42961325,267.946
4,62.74486199829605,15.911486818317115,4.46030327,4.46030327,4.46030327,257.421
4,60.55452925782853,11.817735583985481,4.4076487,4.4076487,4.4076487,234.152
4,61.71933752241201,11.429508702072557,4.43586916,4.43586988,4.43587133,230.754
6,89.77236127991146,10.463169720414138,5.02599077,5.02596356,5.02594656,194.158
6,50.85911559086044,8.983045051929954,3.0488328,3.0488328,6.31787349,293.658
4,65.46837781154397,18.57830562061885,4.52392635,4.52392635,4.52392635,275.924
24,350.5726428270692,11.813800869832177,5.00042705,5.00041669,16.18948782,151.886
4,50.71488038540708,11.925631393558946,4.15480011,4.15480011,4.15480011,201.21
4,58.5714591061267,12.819254324708982,4.35913528,4.35913528,4.35913528,213.299
4,58.1973982039562,12.796905265742577,4.34688934,4.34688934,4.34688934,226.089
2,65.42556813843662,8.067236104343324,3.67247543,3.6724764500000004,5.60143055,38.449
1,32.00468581184319,8.245722337918702,3.56376975,3.56376773,3.56376895,40.344
3,96.77094864827878,8.181228656007775,3.60710191,3.60710191,8.83700656,40.128
6,195.0653544493628,8.11733339716023,3.59371968,3.59371977,17.44058705,40.022
10,102.66619081977318,6.6174540799210035,3.60435932,5.3370305,5.3370305,177.757
5,77.75500796662404,9.013781008907976,3.92874913,3.9287485599999994,5.75278149,131.45
5,72.3680081674084,7.640083681530072,3.85815218,3.85815185,5.57483466,113.474
5,77.99000640242521,7.28576839925226,3.97745181,3.97745137,5.67564818,119.971
5,60.02395718379961,8.084630868083158,3.46120274,3.4612020699999997,5.57618714,128.275
5,83.70965229321705,8.250069834695958,3.92492402,3.92492457,6.10163622,109.098
5,73.75933461249437,7.356919693156303,3.95275317,3.95275375,5.48618946,145.871
5,88.3396354577448,9.517882111287987,4.23796335,4.23796289,5.75957947,132.27
5,91.49796255099085,7.514904044463956,4.07995215,4.07995232,6.20778603,115.215
5,79.42242080490811,8.814516469406307,4.04629389,4.04629384,5.63188462,112.504
5,77.90011542057792,9.017052158918636,4.03774937,4.03774988,5.56618244,160.356
5,82.27836946694642,12.099699782920709,4.06969267,4.0696911,5.74108596,175.73
5,74.06476509401986,7.454303806023498,3.95185955,3.95185981,5.50454607,120.154
5,83.73004572200009,11.811107690086306,4.174265890000001,4.17426588,5.63943407,170.188
5,85.04498299233191,8.355637254346854,4.13843862,4.138438239999999,5.76376301,130.983
5,85.53529109821889,11.750297301792868,4.16328213,4.163281270000001,5.7462314,145.156
5,81.43921337968526,8.582267314052064,4.04373272,4.04373418,5.74288787,152.124
5,82.96484901848319,8.350973555007933,4.1682339,4.1682336,5.61154574,152.051
4,88.26046617761132,11.625892638878113,4.99758748,4.99758748,4.99758748,96.964
7,133.4123097155729,5.662815852893581,4.04808142,5.47331108,6.60758492,86.815
7,83.49442576568751,7.468048139127846,6.85868126,6.858681259999999,3.705411,152.212
7,82.29196613250977,7.528755510925456,3.28295061,5.29377762,5.29377762,160.424
3,69.89501607671782,7.836721024964518,6.52596099,6.52596114,6.52596103,56.514
7,94.81158536291234,8.019266034540548,3.40095768,5.46918135,5.56459553,156.439
19,260.487576637595,8.078163288095586,6.42626841,6.426434960000001,6.42645555,101.385
7,108.98457146043518,7.583527462661707,5.650377780000001,5.65037778,6.76516419,127.515
3,88.01911931954052,6.454994231889988,3.6836924300000002,3.6836910799999996,6.98995592,39.124
7,149.3995202896169,5.647990553005904,3.56569399,3.97193859,10.73410569,48.67
40,606.4592871659014,8.013812694473167,9.23580022,9.23579972,9.23580033,141.499
5,90.70279915128263,7.8504184494507,6.68800359,6.68800359,6.68800359,84.414
22,283.0273177440632,7.829789021521042,7.36966564,7.369665639999999,7.36966564,166.521
5,96.53668043622928,8.21266636271015,3.93073194,3.93073165,6.83839404,79.972
11,166.87837036792277,5.549563223813724,3.805008,3.805008,11.83613164,136.183
6,169.2541659899814,10.247191908643458,5.39678933,5.39679013,6.71023527,52.499
5,90.86441783894797,9.14926978832974,4.23481032,5.27568504,5.27568566,70.66
5,117.86021811405159,7.2666876698083875,4.90293061,4.90293061,4.90293061,76.355
16,404.7412252374899,8.308387347972237,8.51081304,8.51081401,6.45215306,13.02
16,398.6867946160203,7.321135253802258,8.47189374,8.47189227,6.41416758,77.519
9,254.432540027337,9.315567725837843,4.166942,8.396770750000002,8.39677075,36.09
2,47.58236627254329,9.310615419445842,3.62345741,3.62345741,3.62409617,65.884
3,63.83516892910246,9.74604569772359,3.72233573,3.7223357899999994,5.30597561,72.426
6,120.97831461219484,5.844180452004689,5.55146379,5.55146331,5.5514641,79.498
8,142.3351366481344,6.3367661013896415,4.02016769,5.54402931,6.85245706,90.658
4,66.1229566532422,7.860309177861815,4.53890533,4.538905290000001,4.53890526,92.528
9,178.95893709277775,8.137401137409547,7.14004824,7.14004788,4.05340965,93.543
2,49.77262631838676,7.8017180395267465,4.12890824,4.12890787,4.12890802,76.698
3,62.95821729416461,14.581783893571728,3.73582995,3.73582878,5.22760468,96.855
8,159.47437697175587,15.61522077272871,5.00920306,6.24779167,5.09560479,101.371
3,36.886074842835725,8.127889176129123,3.30546358,3.30546125,3.89822966,160.306
6,80.73466695509288,15.57394723379662,3.1514454299999994,5.438880320000001,5.43888459,246.928
6,75.05681374673125,8.813421971331064,3.813182,3.813182,5.82374975,202.448
6,78.63697615193567,10.21527046004595,5.48113243,5.481132779999999,3.02242509,222.108
7,68.42998247109847,5.430576869112918,4.09024017,4.09024017,4.09024017,174.096
2,63.55465316055573,9.612543553844361,4.47941069,4.479409599999999,4.47940991,55.237
8,143.13549821385254,8.361980320812597,3.924939,3.924939,9.291408,66.169
8,138.72774010555338,8.095594985306192,3.905936,3.905936,9.093123,67.575
8,152.27013805818757,8.37289801024115,3.95449,3.95449,9.737193,64.933
3,42.18809482894055,7.200851973494269,3.68221478,3.68221443,4.0572005,114.409
2,52.37602565819626,8.602497122128298,3.74148648,3.74148648,3.74148648,54.797
3,73.07227955940712,8.72050894144416,4.92794378,4.92794251,3.47448646,54.807
8,192.33986204633413,8.567026260499349,4.995282,6.6679037800000005,6.66790378,56.173
4,83.79897277505891,9.651709370619253,4.91191939,4.91191939,4.91191939,71.476
4,83.42369085162593,13.242113420145737,4.90457597,4.90457597,4.90457597,87.541
8,192.2683836456979,4.582292930280262,7.43151409,7.43151397,4.01996813,26.359
16,481.17623864509716,3.6619848792904297,6.41482522,6.41482522,11.69323067,12.883
6,91.9907374000448,9.992821260374477,5.06404773,5.06402406,5.0640728,40.461
6,64.73839320437374,7.962383449034798,5.71986895,5.71986895,5.71986895,171.359
12,174.32620455854484,9.593813604613377,8.62604117,8.62604117,8.62604188,35.76
6,64.34682015983145,9.221722926671344,5.03689182,5.03689635,2.928657,205.718
4,48.038477900890726,8.361028829626454,3.5906249,3.73387974,3.7338798,175.952
12,191.6130810214497,8.525507618031591,4.17203856,6.975810789999999,6.58388366,110.589
8,129.11806081003826,7.048382893239586,3.95930328,4.03068144,8.33989471,125.927
2,41.2605612690306,8.953401432947953,3.45550647,3.45550647,3.45550647,71.128
6,105.44285287907802,9.008538200472076,4.29194248,5.406779249999999,5.40677897,84.123
6,87.22607709325199,9.074176639155187,4.98564505,4.9856474,4.0520315,109.637
6,113.933901078758,8.602249580096027,4.21969531,4.21969494,7.38856615,86.002
6,134.53302646286528,10.606853680906976,4.58012341,4.58012341,7.40532069,69.232
16,192.15475558257788,7.463661753503382,4.3419152,6.44254512,6.86929759,101.962
6,98.54853473110961,9.119716747703292,5.18467721,5.18467721,5.18467721,83.099
6,105.4422876922952,7.649144112229702,4.04578139,4.04578139,6.44184091,97.721
3,62.59913790396063,7.914762092754888,4.17582484,4.17582337,4.14527529,73.518
6,88.2618371929262,8.939762949393758,5.19069207,5.18136931,3.78700536,135.088
4,77.04135050579058,7.933856886085749,4.25508228,4.25508228,4.25508228,72.033
8,153.2372519480602,7.977630001233522,6.28012838,6.28013022,4.48638519,71.201
7,118.25233443369356,7.954612122347178,4.176832,4.176832,6.77822074,92.096
6,176.8270665300611,6.677816470752898,4.18420984,4.18420984,11.66249004,11.861
4,66.18925342632224,10.89960510486263,4.54047017,4.54047017,4.54047017,132.553
4,91.21469200095314,8.431170510976804,4.29622219,5.78071569,3.95607515,80.709
16,309.2465500107575,10.723993167805183,4.34784842,8.70230921,9.51109055,111.302
4,34.64103593831149,7.763131692801069,3.65905235,3.65905235,3.65905235,97.788
8,188.11415759060569,13.4297637604694,6.62477376,6.62477224,4.94935762,59.883
8,437.81081213496856,4.093508973493764,11.23011483,11.23011595,4.00855111,3.138
4,98.6621174584652,8.47215829839091,4.62079616,4.62079616,4.62079616,55.261
4,84.09925438549378,13.183266627326185,4.917780139999999,4.9177794,4.91777885,89.859
9,188.72484282344575,8.903154478654331,7.4348438,7.4348438,3.94234608,76.971
4,71.73445524588227,9.278703749791552,4.66388261,4.6638823899999995,4.66388219,90.141
6,92.46958353914654,9.48034971797272,5.07580154,5.07580154,5.07580154,103.672
6,109.57518821992993,15.97387119156634,5.37125463,5.37125463,5.37125463,161.456
6,107.67920145509984,16.758471774406786,5.34009442,5.340094499999999,5.34009508,196.495
4,98.20801084455033,12.428887879522401,5.17869862,5.17869862,5.17869862,67.917
2,54.822882851376626,5.549893383237973,3.79886584,3.79886584,3.79886584,40.716
4,96.83796477801081,3.9755065052183434,5.15450406,5.15450464,5.15450323,40.267
4,92.12208823482041,7.355313826716998,5.06943537,5.06943537,5.06943537,54.108
4,90.77540699947501,10.690519057235662,5.0446116,5.0446116,5.0446116,61.719
4,69.7619537243358,9.260324956682261,4.620736579999999,4.62073658,4.62073658,113.246
6,111.61434016567298,7.199175163929087,3.90815999,3.90815999,7.30760943,81.024
2,29.87110603788731,9.61331746233983,3.48274821,3.48274905,3.48274856,157.952
12,150.26547856437904,6.980271804094187,5.12268233,5.32588547,6.570867,134.127
4,79.22848095493133,9.122084183592873,3.72261276,4.20332662,5.39465066,76.757
6,89.80650617737592,10.218126499344232,5.02659888,5.02660014,5.02660283,119.456
6,65.49497411925923,7.8582446906289425,5.7333997100000005,5.7333997100000005,5.73339971,174.217
6,79.2406454132215,9.48017482364156,4.8370488,4.8370375,3.91059117,143.336
4,48.66818656206707,8.24466531505066,3.62166012,3.74270449,3.74270368,145.7
8,140.69456918504474,8.566180712272814,4.11851572,4.111523580000001,8.55925751,95.826
3,63.519765228302134,8.872067954135558,4.47858958,4.47859011,4.47858943,89.316
2,46.21334656524938,6.823459413050475,4.028043719999999,4.02804427,4.02804325,85.585
3,57.23008789441707,11.17033927205915,4.11561334,4.11561361,3.90143711,127.592
48,1101.3616608636783,3.8375451362241413,12.20132743,12.201313290000002,12.20145819,38.774
4,89.17249801432645,9.882336600247802,3.70567459,4.57436458,5.57732986,81.785
4,68.899663252008,11.524663813753003,4.09957686,4.09957686,4.09957686,126.101
4,82.9685876447625,10.201898670949735,4.89564102,4.89564102,4.89564102,102.32
6,112.02051632994821,16.278999419598286,5.4109171400000005,5.41091732,5.41091647,163.153
4,69.1733676405655,17.86432562169602,4.10499822,4.10499822,4.10499822,169.757
2,40.005726551930486,10.867952999407573,3.42011509,3.42011509,3.42011509,109.058
5,71.75090685055872,11.100651319167282,4.15536456,4.15536456,4.15536456,196.967
6,100.07698141916491,11.174345515245175,5.18027079,5.18022516,4.30627574,179.088
20,229.55338451111137,8.964942831177725,5.22941294,5.77580762,7.6000779,185.684
2,42.43693454979362,7.473370575096057,3.9151925,3.91519152,3.91519092,96.236
6,97.81704624855097,7.129524803608861,3.78629042,3.78629042,6.82317797,105.651
2,60.08388917534119,7.757303931979326,4.39633758,4.39633707,4.3963379,59.906
2,57.18495727179635,5.920312213622811,3.50028551,3.5003628800000004,5.38917681,45.098
6,139.9641807280842,6.561312423642524,4.24039352,4.24039169,8.34219248,71.319
20,247.2443722811714,6.766676765186815,5.4395561,5.73025335,7.93211736,163.461
2,47.95741376040615,8.236847791088284,4.07809124,4.07809097,4.07809204,80.122
6,138.03817598922862,7.623022815394005,4.07256111,4.07256111,8.32269525,76.389
8,174.54869352035504,7.116382631663161,3.83896042,5.72157454,7.94671079,90.719
3,57.223964499667716,6.241718760313511,4.06306607,4.06306414,4.00257683,85.829
6,95.4013050732627,9.117398358013721,5.49415997,5.494144290000001,3.64940435,174.624
6,79.74995322746751,8.782319356228859,4.77035019,4.770350190000001,3.91340464,151.371
6,158.25546117646158,8.317525772155307,4.32200031,4.405268909999999,8.59683721,60.169
4,85.68103153085231,13.01531613071184,4.94842009,4.948420089999999,4.94842009,88.449
2,58.601750065370624,8.118981726317628,4.35988607,4.35988705,4.35988699,63.35
2,59.50576293329203,7.995637976179714,4.11013034,4.11012065,4.06741581,60.402
6,176.4374417214071,7.795072478901557,4.4473096,4.4473096,8.92064022,58.632
6,124.9953861689153,7.424407388414791,4.03047922,4.030674340000001,8.2050244,83.674
6,126.80621205256364,7.3183849085056965,4.04114053,4.04114053,7.764842,81.218
2,53.94497126725346,11.183400291619023,3.77847879,3.77847879,3.77847879,52.636
4,85.92526981986873,11.190269523801927,4.95311754,4.95311754,4.95311754,68.02
4,140.3951846747139,7.315477237838241,4.46425164,4.46425104,8.53295118,29.494
4,99.30086946466339,12.191219258145995,5.19783732,5.19783732,5.19783732,68.08
4,131.78101440556435,5.363418001042225,5.08882616,5.08882508,5.08882725,39.722
4,101.88448769353211,10.577748175054792,5.24253117,5.2425311699999995,5.24253117,64.962
4,108.40788849673488,10.05744429290087,5.35211325,5.35211325,5.35211325,54.245
4,98.67438260769818,12.3377158761878,5.186883240000001,5.18688324,5.18688324,52.205
2,45.21563019583022,8.238654444544858,3.56256554,3.56256554,3.56256554,57.624
6,118.22108748849845,8.139498000837964,4.45477183,5.61585156,5.61585228,65.918
9,158.04479272004554,8.9211158755991,6.97519601,6.975196049999999,3.75091051,78.188
6,152.70388066877092,8.08846511387893,4.28024954,4.280249079999999,8.86761022,79.598
2,28.50338102012651,11.418493029949868,2.73658099,2.7365798200000007,4.3949028,296.007
1,14.327518229029518,11.358061190558523,2.7262266,2.72622658,2.72622686,298.021
4,56.99167187579318,11.421516400418469,2.73935562,2.73935496,8.76968444,299.67
10,143.20500538189248,6.700395450091896,3.10799732,6.3594216900000005,7.71587299,185.303
4,47.719117010123206,10.718076755917767,2.7978063,2.7977805999999994,7.03934024,331.138
8,105.61615486674452,11.0903709908613,5.32623269,5.32623303,4.29892048,286.678
8,113.47862934154676,14.171528824568572,5.48769627,5.48769501,4.35114367,325.151
8,114.4778748763008,11.616446491436337,5.49954363,5.49954359,4.37056571,252.716
8,115.12042086959933,14.109453107431047,5.51387585,5.51388023,4.37227574,286.08
8,112.42738916377658,11.67027313962731,5.4755310900000005,5.47551721,4.33031315,303.39
6,53.80727677674614,7.383276627305287,2.89072041,2.8907158599999994,7.43531289,309.759
7,123.92356844789667,2.840608753663623,5.44002567,5.44002567,5.44002567,6.037
8,113.64850015629092,19.714898865278766,5.48248726,5.48248697,4.36594059,341.997
2,24.188193009035064,7.689350802737845,3.2461815700000005,3.2461815700000005,3.24618157,266.248
6,64.85627949124572,8.603245643588306,4.01776561,4.01775747,4.01775747,322.518
12,128.12185037479742,6.73946202560247,4.78907131,5.493455,5.54183666,255.97
8,113.03717200580408,19.646384464379555,5.49494077,5.49493913,4.322796,377.014
4,59.665543420655,19.015441322955645,4.823390419999999,4.823390419999999,4.82339042,261.344
2,27.732923794298568,11.919533436206343,2.72486253,2.72486253,4.31289415,306.075
8,109.59235927062255,12.15823592585039,5.43944418,5.43944191,4.2770151,308.589
12,229.41552712720286,4.694071105217298,6.381344489999999,6.48675849,6.95590854,26.399
3,108.19281588508932,5.87519929472673,4.601351650000001,4.601353389999999,5.900062,19.355
4,129.4406301058856,6.54770561672529,3.15220164,4.4566412,9.21401589,34.252
4,129.5363194653305,6.542868782091695,3.15652018,4.47747103,9.16537415,50.533
3,108.68856356978846,5.848401475785673,4.61817964,4.61823576,5.88511486,19.198
3,98.0886317038611,6.480408020183997,4.38285132,4.38285132,5.97683447,42.656
52,481.92667684521786,3.165069863829938,9.24972815,6.414368009999999,8.24616287,26.626
12,301.64932763619584,9.956465136094208,4.15262811,8.75799202,8.80206108,65.345
9,218.24387820796144,10.212704448337789,4.027404810000001,5.40559745,10.2252015,87.362
3,74.90085844027932,9.919157457872906,3.96318417,3.9631824900000003,5.50640135,48.777
12,280.0632255621504,10.61122404925107,6.542625,6.542625,6.542625,111.463
6,161.2801510253049,7.230668931716004,3.56565515,3.56565397,14.64777841,16.944
12,329.44813340206355,7.0794960364697745,3.49421554,6.34644956,14.86630007,18.341
14,196.85389019380347,5.65503393137717,4.71663094,5.39747983,7.97540373,47.587
12,266.96623055059365,11.082359232380307,6.43900521,6.43900521,6.43900521,130.119
3,75.07510946296576,7.998445055868571,4.07008754,4.07008814,5.23308461,53.053
10,198.60777026878105,9.606001540028643,3.89741014,6.67286037,7.98481739,106.336
14,343.4227637604423,9.562794531801341,5.97156416,6.60002227,8.71355898,33.635
3,77.7045654182936,9.62252565321654,4.04696682,4.04696522,5.47843874,45.176
12,274.79636614183545,8.655837511886235,6.50135172,6.50135172,6.50135172,95.422
10,180.6941946414787,10.364531984179987,3.71834305,6.533200590000001,7.75901667,146.115
12,266.9397354959026,8.8649260550902,6.43879219,6.43879219,6.43879219,110.797
12,332.7590647462631,8.763614880027982,3.5185996,6.30233621,15.00577666,18.391
10,306.5208835284996,5.771057640268955,4.03514784,7.768216990000001,10.15471588,15.222
14,370.0451941420216,7.1638573697277135,7.1850206,7.185019390000001,7.18502019,32.683
7,171.04102018334586,10.637056245280082,4.00576263,4.0057641,12.52689232,47.518
2,52.27276800842107,6.43346510837176,4.19691492,4.19691492,4.19691492,62.239
20,304.12454739916774,4.4465354885443364,5.27243883,6.19096135,9.31712309,11.814
12,178.68987282677674,5.932513993328801,4.83261952,4.83261952,7.65129122,31.251
24,375.2639411768228,5.649784350111546,5.41754019,5.62679509,12.31044051,22.059
12,178.2575262765153,5.946902737596544,4.82587151,4.82587151,7.65413938,31.468
12,187.38091447094357,5.6573540267110785,4.40728137,4.87095789,8.72851176,21.082
8,91.53646036596352,6.370962354590902,5.19994121,5.19994111,5.19994277,89.234
2,69.98911833466263,7.943355960223292,4.6257465,4.62574692,4.62574704,38.461
8,288.38576677253866,7.7111777948863125,4.57058289,7.91496846,7.9717385,37.434
4,86.90821273113295,8.942753295614631,4.18200749,4.18200774,5.73799994,97.958
4,69.0652122392335,10.743881967194923,4.60930813,4.60930813,4.60930813,134.524
12,366.3905779719974,6.54306327069415,5.75684511,7.97773996,7.97773996,24.702
8,283.19734952825706,5.720809288428765,4.09552777,7.11932551,10.57381709,6.67
4,94.67215796556133,11.319682585249584,7.29301828,7.29301732,7.29301709,46.872
1,32.144276723894734,11.986838820983042,3.5734126899999996,3.57341133,3.56672208,55.005
13,204.2941400775945,5.3310666546657215,6.85313279,6.85313279,6.85313279,119.17
5,83.32262060210509,9.868546135548309,4.15921606,4.15921675,5.64350083,142.488
5,84.79829659730636,7.680172140749562,5.99857435,5.99857435,5.99857435,134.222
5,82.58342577196983,8.35063003317499,4.11342076,4.11342203,5.68171074,133.026
5,88.46668192444734,9.17878879350598,6.11572657,6.11572657,6.11572657,145.046
5,77.63181298348191,8.553813021160227,4.03378817,4.03378805,5.558651,146.711
5,90.65971870525223,10.680692596242272,4.17582307,4.17582288,5.97910051,145.97
5,94.83620929684938,8.530548892902104,6.227261680000001,6.227261680000001,6.22726168,133.86
5,83.45223309021873,7.921129487538627,3.97541716,3.9754177599999996,5.98208273,149.607
5,83.68813906340907,9.815928001364444,4.16251652,4.16251527,5.6562092,115.166
10,148.47894620230448,9.201303389856067,4.07752222,4.07752222,8.93042657,167.095
5,95.8025561423041,11.823523462729181,4.36180433,4.36180456,5.90492929,127.616
5,87.11227875484025,12.74620655295757,4.227556,4.2275545,5.71783692,183.234
5,89.27574303368398,9.319570034401403,4.22182576,4.22182562,5.83094328,141.173
5,90.70954086012271,12.418446845918284,5.83713817,5.83713817,5.83713817,161.712
5,86.39828114667189,9.424305214543752,4.2134192399999995,4.213419050000001,5.70625607,168.505
5,88.88300577564196,9.046139412573448,4.27742292,4.277422119999999,5.72258725,151.246
6,168.62064851808998,11.264763799138072,5.812705420000001,6.12011968,6.12011972,71.978
4,118.87938631211159,11.183784451535931,5.51917101,5.51917101,5.51917101,80.336
6,166.05792219775742,10.675724253125525,5.827142340000001,6.08162835,6.08162935,72.297
6,167.63350996630115,10.633173359650081,6.06207192,6.06207215,6.06207266,80.239
6,87.36786202462507,10.663180881921258,3.53891548,3.87618614,6.88857021,197.985
28,600.8505821132239,6.902497794315345,7.6466928,7.68385843,10.22618131,96.675
5,111.05716210147742,9.265666788964278,4.10575568,4.10575569,7.19942532,79.455
10,272.995723479887,10.164850244813818,4.2899822,7.97719442,7.97719442,74.25
10,266.099587400078,10.501090376748905,4.16334055,7.99468087,7.99468087,85.628
4,122.33366120910328,9.77886366324406,4.964193,4.964193,4.964193,52.8
7,119.06127029430942,10.490056754295109,9.42320766,9.42320759,9.42320804,147.036
14,326.14184603365976,8.350092921399584,7.51062591,7.51062614,7.51062597,108.466
38,380.0711602893914,8.242345520085703,7.9036709,7.903672719999999,7.90367294,81.272
3,68.75221915619339,10.814879781630653,4.8838155,4.883816580000001,3.32841518,83.938
4,107.87315507712721,7.974405917463972,4.20936707,4.46436683,6.15905891,72.139
3,70.28603725652293,6.7569047938048925,4.39740507,4.39740588,4.19706222,86.769
6,129.53119064777485,7.332844849200147,5.67932201,5.679322180000001,5.67932086,80.85
8,169.46731624209357,6.133571624142238,6.53795164,6.538013950000001,4.57792958,85.595
6,97.99491573234302,7.292677617974145,5.29107423,5.29107479,4.04189658,122.373
2,54.370874002034014,9.374844847874453,4.25233094,4.25233219,4.25233115,100.068
6,135.34405079794496,8.31900168405285,4.02688767,4.02688767,8.34641818,97.846
6,146.4493978762923,8.751619087374385,4.14012068,4.14012068,8.54400688,86.821
3,68.26731281501661,15.22616882715517,4.7844953,4.78449515,3.4435778,107.422
12,148.88287260973186,8.889337008013213,5.44289918,5.442898160000001,5.44289759,181.305
6,84.02876371152236,16.408238007877728,5.46229239,5.46229163,3.25197657,255.394
6,81.20301777327188,11.387563126332386,5.52100688,5.521006090000001,3.07613235,230.004
7,69.37503533234552,7.1066023820978295,4.10898358,4.10898358,4.10898358,195.95
28,277.0331680460069,4.186172451407949,7.31727334,7.31727314,7.31724026,117.752
2,61.33042773166373,11.940702356570144,3.94359219,3.94359219,3.94359219,73.55
6,193.95156525996248,11.130082918761282,4.54793935,4.54793935,9.37700095,63.583
6,189.73360008215445,9.953041187541697,4.54051626,4.54051626,9.20309228,65.77
10,327.8978044036591,5.587369642955226,7.54122143,7.54122292,7.54122283,26.598
10,321.16184136786273,5.704557647675774,8.3921226,8.39212226,8.39212277,21.662
6,134.88801006631013,8.025185488020067,4.07401477,4.07401477,8.12696051,24.781
2,38.570674051008204,10.50675184378551,3.7924873900000002,3.79248736,3.79248704,97.603
3,76.03765347857592,9.977082983930913,5.08946094,5.08946036,3.38964729,66.397
4,90.31693181305712,10.299395954861712,5.036107330000001,5.036102930000001,5.0361044,82.451
4,90.16877485803124,13.597972130646225,5.033349130000001,5.03334913,5.03334913,99.567
4,98.5280170158367,12.56643767480963,5.18431737,5.18431737,5.18431737,72.453
4,77.8807599438343,11.732401280563026,4.79345211,4.79345211,4.79345211,127.909
10,272.34551959369134,4.558860608202685,6.4779754,6.47758762,7.94258309,24.216
4,81.56075386954791,11.848079227737085,3.6840693700000005,3.95744871,5.88966732,101.93
4,52.567872816981506,9.950138402430662,3.82905657,3.7869830499999995,3.78698305,180.213
3,57.53018820544997,10.36585337290953,4.35172469,4.35172493,3.50786044,94.521
28,407.4451048977848,9.998224996748334,5.04011191,8.02552918,10.0729168,117.353
6,91.36724436846303,9.291867030616359,5.08754342,5.08755042,4.07606604,117.852
8,164.60469461791135,8.901830683674904,6.50158061,6.5015821,4.49649011,85.675
4,86.77431844043626,13.313010307225154,4.96937842,4.96937842,4.96937842,100.3
2,56.52797607789611,8.950078477523686,4.30783864,4.30783833,4.30783951,86.356
6,140.9756612982586,8.88878795487289,4.01549755,4.14771287,8.69925867,87.818
12,152.2175586130082,8.043754515158133,5.13922484,5.139224,6.81330995,172.653
6,135.0226702934885,8.282683287217406,3.96830389,3.96830376,9.02173541,98.687
3,40.832459763624385,9.518302689932279,3.7986713899999995,3.7986713999999995,3.79867137,88.564
3,41.337184515582024,9.402084737003653,3.8810743600000004,3.8810743600000004,3.88107436,93.607
4,40.92391551495381,9.537929849629277,4.1358541,4.1358541,4.1358541,101.664
6,155.8457966708879,13.49389396746106,4.87849922,4.87850018,7.56121989,77.59
6,161.8412834555817,7.65313712194578,4.12057337,4.12057337,9.53178002,18.541
4,105.65697518141467,9.060334984117187,4.72751292,4.72751292,4.72751292,65.84
4,91.2224470541602,13.48472272819625,5.05287908,5.05287908,5.05287908,99.696
6,113.54261033202594,18.031573125439326,5.43531383,5.4353136,5.43531431,203.203
6,156.4221117054894,5.958583005502918,6.04789768,6.04789721,6.04789669,50.194
8,206.51847453065375,4.904030706865805,6.76275752,6.76275842,5.21411579,46.981
4,85.13431103353923,7.5515507001778275,4.93787253,4.93787253,4.93787253,67.816
12,209.36866104810727,10.847121082005998,5.34255445,5.34255445,8.469995,92.241
2,34.54079879011944,11.828531794114653,3.65551975,3.65552005,3.65551925,176.864
3,54.248184404306635,10.695908776549539,4.08537472,4.08537454,3.75310611,223.876
6,82.19462851366173,10.61652931371432,4.90031092,4.90025247,3.95247917,154.083
3,70.608620170579,9.62904443003039,4.63935473,4.63935427,4.63935458,98.7
3,43.92656475019291,9.981284085344615,3.96047591,3.96047629,3.96047634,188.295
2,50.49913292984712,8.648493165725228,4.14889974,4.14889955,4.14890139,112.228
6,140.6166287083444,8.076677361943585,4.09281088,4.09281088,8.39447088,89.668
4,120.53364758691265,12.1023792739816,4.56110574,5.14066235,5.14066235,68.606
4,123.79669952099849,11.783382949767741,6.49824192,6.498241919999999,6.49824192,64.039
4,117.29798301552393,12.084601225917703,4.89512194,4.89512194,4.89512194,58.108
8,151.05597091815486,17.9687312857735,5.8963249,5.89632562,5.01700383,174.749
12,237.04401755528065,16.937213117983045,5.37276925,5.37276914,9.48204418,194.385
6,114.00114258024836,12.75540672600008,4.71583251,4.71583297,5.91918306,145.788
4,69.37022003054538,12.944229860900796,4.10888851,4.10888851,4.10888851,170.311
5,74.76849403634931,12.154110678582345,4.21281975,4.21281975,4.21281975,224.114
2,46.85251595566316,9.360296675771453,4.04652891,4.04652795,4.04652903,118.095
12,271.2432004290448,7.2525118980800904,4.306120829999999,7.28851418,8.64238571,90.46
6,107.0206249745882,8.692176451801572,3.97421556,3.97421556,6.77586343,135.883
2,64.87343156810076,9.056026279747202,4.51018114,4.51018127,4.51018117,79.402
2,57.57537013872078,10.203937894321895,3.861407,3.861407,3.861407,81.728
6,178.8127815799199,8.832508853030225,4.40751749,4.40751749,9.20471763,73.11
3,75.43358352389983,10.053534100690994,4.74270964,4.742709400000001,4.74271076,112.537
6,162.09765673621126,8.866404123157118,4.30227869,4.30227869,8.75749016,78.808
6,181.72235421646872,8.797820056635054,4.44950425,4.44950425,9.178783,69.097
2,52.37429932478903,9.8602642067977,4.1996294,4.19963116,4.19963038,101.246
12,309.63554989639835,8.365197007732624,4.45313753,7.63900106,9.10223699,77.932
6,123.08220741464162,7.7766301758701974,4.13812926,4.13812887,7.76044055,106.389
3,61.1726594437495,7.823468989226836,4.10248946,4.10248974,4.19693016,105.59
8,138.6293695209488,8.310577908924401,4.08856079,4.14357099,8.4411489,132.143
6,99.964457561773,9.824236325466666,5.64503996,5.64503996,3.622271,193.609
3,66.83062091673682,11.357309071957122,4.28403883,4.28403955,4.20472894,119.857
12,161.6012546473966,6.661035527453325,5.961677070000001,5.961677320000001,5.96167787,162.659
6,171.6106569880017,9.085140323236365,4.38434138,4.48654337,9.00803905,71.526
4,106.7357751862456,9.150409420053013,4.7435484,4.7435484,4.7435484,68.417
4,92.18497496233488,13.414032207248427,5.07058865,5.07058865,5.07058865,99.611
3,78.56960325420862,11.535955676988031,4.807543299999999,4.807543029999999,4.80754309,109.3
4,77.79365459663322,11.801633811006461,4.79166002,4.79166437,4.7916651,152.686
2,57.8227769395323,10.327989780309318,3.86693004,3.86693004,3.86693004,83.002
6,133.1453171336779,9.36962247727598,4.1293283,4.1293283,7.80849023,79.236
9,116.29259212357711,6.050979440361081,3.82692672,5.29463244,6.61716338,150.848
4,110.83233062870728,12.66298037945684,4.80347449,4.80347449,4.80347449,58.019
2,34.638701032411625,4.589376693867304,2.93573124,2.9357326100000005,4.64085615,112.944
3,51.05915966385448,4.670172255200405,4.56737542,4.56737424,2.82624427,112.881
1,17.345854553994428,4.582364239511606,2.90560773,2.90560751,2.90560626,108.54
7,175.1445893566678,6.278853828091936,7.41259598,7.41259598,7.07828012,47.988
9,154.2768045058895,4.631598570987748,5.40855088,5.4085509599999995,6.51468449,75.053
13,146.03550248870735,5.170914626830915,3.02988811,6.318353970000001,8.04047977,150.756
7,116.87755313988723,5.22846333379898,6.74861459,6.74861459,6.04752222,104.193
7,141.57118456496056,6.445513848228326,3.506074,6.39055139,7.20305294,82.772
28,431.8164595308152,5.37265971845804,8.53328795,8.53328795,5.93015972,63.04
7,169.51728359566934,6.466625957517069,7.23139895,7.23139895,7.02980116,53.833
3,51.28598885218207,6.592237279318419,6.268071880000001,6.268071880000001,6.26807188,115.12
8,110.79616045202715,4.038374288264327,3.05744835,3.0574484,13.68598019,137.103
4,63.650624248670745,5.70435983569521,4.48166326,4.48166326,4.48166326,150.337
8,104.78271974142329,4.333398089794957,2.9800306,2.98003161,13.62440329,156.701
4,61.64099010997336,8.322026361030954,4.43418107,4.434079550000001,4.43414171,172.0
4,61.435097509852085,5.9657555667466,4.42905431,4.4290543,4.42905431,159.815
9,120.64203252379744,9.964966014655154,5.54631494,5.546315559999999,5.54631544,225.583
19,167.10646701067552,2.4737307887688016,5.54789431,5.54789575,5.54789622,126.701
6,123.2878462866675,8.20827326135609,4.16185927,4.16054831,7.70477789,75.979
12,160.40452004685233,4.461577111837144,6.0987939,6.09879312,6.09879167,121.304
8,99.8873295125136,4.648426786400374,3.20542782,3.20542851,11.22555157,179.75
3,54.63961264163579,6.325683653126385,2.84776207,2.84776178,7.03200417,89.283
8,119.62477426359382,6.1120640493729095,3.09037302,3.09037253,14.46334469,112.721
4,57.09065288471831,10.089475756241487,4.32208532,4.32208532,4.32208532,193.269
4,56.62055113846493,9.996987083363463,4.31049364,4.31053461,4.3104893,190.189
4,55.755258148053095,7.525097410863277,4.28812037,4.28812037,4.28812037,187.175
4,57.93031587721137,9.744387413881084,4.34317136,4.34317136,4.34317136,194.37
7,169.6496942241456,6.441807917663106,7.45581155,7.45581155,6.89495324,49.615
3,45.659475779131654,5.7926784831476565,2.9285518999999995,2.92855113,5.71239886,130.928
5,68.21481343374563,6.971094258091369,3.10916942,3.1091698700000006,7.39013294,139.182
10,135.54038375270534,7.016829686897898,3.11958153,3.119597,13.92752275,130.158
14,248.24346145044663,3.8467994370322423,7.05441962,7.054415270000001,7.05441657,100.958
6,119.97586196834325,7.260230180488391,3.807949,3.807949,8.273926,90.931
4,58.12455732748834,7.350137554504769,4.34802019,4.34802019,4.34802019,167.17
4,57.064273186904906,10.004275141971442,4.32141952,4.32141952,4.32141952,191.953
7,113.8469903701533,4.081650213120852,3.362218,5.90789136,6.64157203,57.144
7,133.96209964377186,5.793933605993631,7.00431769,7.00431769,6.25786089,57.172
6,95.81587517618019,5.734912136868915,4.50529807,4.50529792,5.45079398,120.013
10,154.97157834628288,6.5341445074474676,3.97643212,6.24279741,6.24279741,107.755
8,108.88942234638793,5.412684592704137,3.07045549,3.07045539,13.33673191,138.904
8,103.48906980854302,5.759187629268606,3.0009195,3.0009195,13.26951916,157.125
8,106.61083374984112,5.619238331598919,3.08729383,3.08729291,12.91561085,154.628
4,60.76740338918221,12.892230771280595,4.41294545,4.41294545,4.41294545,216.082
4,60.96457820718677,4.838887186242672,4.41771326,4.41771326,4.41771326,108.188
4,51.763441505938154,5.122570870666921,4.18325585,4.183258939999999,4.18325893,153.777
4,51.645313971736726,6.739385692588298,4.18005478,4.18005478,4.18005478,185.408
4,57.12701229909835,6.002932900200387,4.32103924,4.32326706,4.32218711,184.197
4,55.87184921976612,10.19083247607517,4.29111088,4.29111082,4.29110957,212.034
4,52.68192136016257,6.599218330089557,4.20783661,4.20783661,4.20783661,173.551
4,56.69261838594792,9.98509471803714,4.31201911,4.31201691,4.31201691,210.074
4,57.34973942413249,9.754199780854899,4.32861356,4.32861356,4.32861356,230.659
4,55.43647052625846,7.595639052703931,4.27993478,4.27993332,4.27993043,191.897
4,56.37723744491949,7.41482768503386,4.30400661,4.30400661,4.30400661,193.143
4,60.34342833225018,10.563967300579732,4.40266133,4.40266136,4.40266073,208.29
4,61.38684214772141,10.461961338097593,4.42789495,4.42789205,4.42788987,194.966
6,75.78771830583787,4.808924819856783,4.13742523,4.13742556,5.30660893,179.192
6,74.00545978835848,4.924737183493445,3.02970931,4.94232613,4.94232613,203.884
4,56.81064479963859,10.132195669533992,4.31500672,4.31500815,4.31500815,190.543
4,57.62300791013782,7.214910577598945,4.33548053,4.33547691,4.33547691,170.681
7,113.84969523287454,4.123098186879208,3.41065457,5.89862019,6.60026394,91.139
7,131.57972834849124,5.934784942489077,3.59224,6.17075085,6.91517709,69.621
3,36.44456111186841,5.090956519787649,2.95407944,2.95407919,4.82233863,183.19
10,103.7211154582029,4.602205298457333,5.45736044,5.45736193,5.45736145,214.394
30,299.87604106935703,4.775431862659976,13.2402465,2.97464134,7.71079796,206.646
4,58.29876626793232,11.023991057489956,4.35235977,4.35235977,4.35235977,231.602
3,47.868499009661285,7.012641337901623,3.1074323099999996,3.1074318300000003,5.42245708,141.684
10,154.55998800795663,8.917104086885814,4.59806935,4.70005421,7.52805833,154.553
10,112.48720306262915,8.96241008140113,5.949095,5.949095,3.178347,251.582
4,59.45009909549909,13.244012975927557,4.38082455,4.38082455,4.38082455,234.973
4,57.07042164800461,9.911206419795207,4.32157472,4.32157472,4.32157472,194.083
4,59.37775954862419,13.20458027839469,4.37904695,4.37904695,4.37904695,240.23
4,60.82869530446152,10.601717004072256,4.41442863,4.41442863,4.41442863,193.113
4,61.71069962157293,12.836001766453034,4.43566245,4.43566245,4.43566245,212.512
4,59.29550748654133,10.77742102017038,4.38057929,4.38057934,4.38010954,213.72
4,59.75537850423134,10.643472524922286,4.38831034,4.38831034,4.38831034,219.69
4,59.58427291861523,10.5884798702885,4.38411779,4.38411779,4.38411779,217.331
3,45.71597401390036,7.215172759535666,3.0519901799999998,3.0519901799999998,5.36148088,162.15
36,527.413887485313,4.828433323530562,3.31829333,11.35121262,14.00214364,147.515
8,144.2296241690446,5.721299331467974,3.63660026,3.6366004,12.59309981,114.291
6,109.11486734589624,6.5269316410688525,4.73535301,4.73535408,5.61886152,114.555
20,419.65661051991844,7.1519219002304055,5.96672611,7.029793589999998,10.4429238,87.487
8,119.19691751539203,6.309506731027668,3.17017283,3.1701732,13.6952021,134.1
4,58.94407300431372,10.872793166869222,4.36835958,4.36835958,4.36835958,223.944
4,56.21737800709564,7.456156345694209,4.29993471,4.29993471,4.29993471,168.312
4,58.873536419851746,10.829776192004132,4.36661639,4.36661639,4.36661639,225.088
4,60.397915217453004,8.252229268148435,4.40398315,4.40398315,4.40398315,182.368
4,60.30114805552965,10.70705120082917,4.40162993,4.40162993,4.40162993,201.234
4,58.71188638874843,8.389808426071841,4.36261623,4.36261623,4.36261623,203.459
4,58.3962561065141,8.38296137993826,4.35478449,4.35478449,4.35478449,208.121
5,114.75795976665393,5.526176666213938,10.165329419999999,10.165329419999999,10.16532937,21.093
4,60.068323974322,9.368402498703524,4.39572335,4.39748213,4.39587522,179.691
7,140.44071790728395,5.468677953057049,3.6315629,6.39420347,7.02475792,67.424
7,175.10624823378518,6.231071420840512,3.9224880899999994,6.933232449999999,7.52342903,46.041
3,48.299495981474585,5.540104337436734,3.02102584,3.0210248000000006,5.70704478,112.106
8,101.07478967542842,5.7550042041852905,8.25156571,8.25156571,4.15054872,147.64
4,60.570475270831245,9.522597321720607,4.4081733,4.4081733,4.4081733,168.977
4,60.21921900991476,7.145842855688417,4.39963558,4.39963558,4.39963558,158.023
38,488.3055963547007,7.967744404585356,16.70806185,16.70806185,5.42117964,81.207
8,132.47951521996472,4.276268211738846,5.74770194,5.74769387,4.63054727,113.96
5,72.50844376204412,4.181626175993707,4.16993733,4.16993733,4.16993733,153.159
12,152.17007559807493,4.247187783024231,3.0715885,3.07158792,18.62398323,158.241
5,69.78230623535126,4.3924836958486155,4.11698988,4.11703682,4.11699906,162.649
8,131.56207348665203,8.597093963998441,5.08600641,5.08600641,5.08600641,137.742
7,67.90256861756679,4.569244266439877,3.03529135,3.25982346,7.21497063,224.584
8,150.6121745626649,7.774606420424699,6.00294536,6.00294536,4.826148,103.657
7,96.02431184364681,6.87885724821307,3.11489273,3.1148934000000006,10.13893406,132.608
8,129.3655209941549,5.476464418278734,5.68686926,5.68686834,4.61893144,118.806
4,64.98239749353873,5.451212174397101,5.07929214,5.07929214,5.07929214,116.433
12,147.5203604178839,5.408949664471101,3.09232207,3.09232207,17.81360626,173.577
8,138.7567791766582,8.238049428100146,5.17707834,5.17707834,5.17707834,118.442
4,70.95532167350427,8.054964577576792,4.139949,4.139949,4.139949,115.477
8,141.15542970223754,8.162573724763918,7.28148007,7.281480070000001,3.07416836,123.289
8,124.97952086848798,8.923684539219225,4.99972693,4.99972693,4.99972693,169.105
16,185.90740836505245,3.958790687966066,5.14682466,5.14682466,10.052788,183.115
4,70.6208120757683,5.561104907099526,4.133433,4.133433,4.133433,123.599
4,70.26138787766814,5.589552902964128,5.29105416,5.29105416,5.29105416,122.685
14,180.23709640312083,6.9719920984712225,6.65670246,6.65670394,6.65670356,156.786
10,171.26323111203388,3.826792603629662,6.62884623,6.62884803,6.62884418,73.57
7,71.67694297087627,4.809434828898382,5.01045847,5.0106297,3.01417371,179.336
16,173.76464253252473,4.273518586071117,3.83695506,5.22785962,9.3142469,170.755
4,63.04724120992336,8.79244527244091,4.4674568,4.467455319999999,4.46745606,160.895
8,123.22267082184108,9.105693797455285,3.27980186,3.27980186,11.45500814,160.452
10,137.32421651927154,6.43349408467565,5.6765752,5.85361517,5.67661302,170.984
8,126.94224354720104,8.860717423007456,5.0257636,5.0257636,5.0257636,157.855
16,246.55876689650148,15.072902195539765,5.45340013,7.386887920000001,7.38688773,202.97
16,230.55847958411888,9.480007749799478,4.11055216,5.37826891,10.42889808,204.618
8,143.13436942932628,6.157044036656068,5.23097607,5.23094826,5.23095244,119.611
16,293.6758824041355,6.001750014477524,7.92632374,7.926323739999999,7.92632374,109.29
12,144.36799425835895,4.5021144155360036,3.0695225,3.06952274,17.69288488,183.669
8,143.97542045958946,6.050722579132602,4.756222,5.91218217,5.912182,116.002
4,71.83197147520971,6.063841138730242,4.15692889,4.15692889,4.15692889,114.12
12,159.50298640928284,5.961846202397593,3.13974687,3.13975278,18.68310533,157.86
5,72.29986126465135,6.047748637525824,4.16614803,4.16665784,4.16499926,123.281
7,175.39717048821183,6.191629024515744,3.88318819,7.04924953,7.54260273,52.172
12,216.20223957264463,3.0660222927139102,5.499250000000001,5.500751560000001,7.3427328,6.146
4,72.68008207430555,7.950479815501763,5.27372885,5.27372885,5.27372885,108.872
5,76.45206469424494,7.819092453638529,4.24420109,4.24421542,4.24420006,148.372
5,74.83343002536053,8.032508972176084,4.214039,4.214039,4.214039,153.716
4,64.18026065475878,5.407726102297076,4.00375191,4.00375191,4.00375191,110.213
10,135.50740736015916,5.465796307169136,5.53821855,5.53821855,8.29981295,145.73
9,90.73767649571904,4.967927940778108,4.15057096,5.1154962,5.11549635,207.408
30,384.0024982448426,5.386685370367536,9.17462209,9.1746231,9.17419049,171.113
32,612.1578815255849,6.560313013714612,7.19325282,8.33712834,10.20755277,108.776
9,164.37514857308366,5.608449851394505,3.50120883,7.071967580000001,7.07196894,84.426
16,245.6685688309902,4.374481690330447,7.44707532,7.44707584,5.11502135,139.791
16,304.0508630204736,6.504128203101768,8.04403104,8.04403063,5.42585497,106.614
9,195.40759895687273,6.371114866988895,3.75797452,7.4517591,7.45175888,68.104
29,403.17430748238723,4.65310233595708,8.29211455,8.2921124,8.2921102,128.39
29,448.74416002707727,7.713492586219717,8.59348492,8.59351247,8.59354344,131.544
9,131.45516067645252,4.474045496273267,6.77759024,6.77759084,3.30442852,149.647
22,430.33390942927446,6.797154832483838,5.70279845,9.08892111,9.88492968,102.154
24,251.0187069437495,4.161113757856086,9.15666377,9.15666377,9.45360718,196.424
13,160.8901450382485,4.57207227761813,6.08174689,6.081746580000001,6.08174738,168.542
4,68.57596960312469,7.542128401616839,2.90381219,2.90381219,8.13270293,102.455
8,109.58508192711543,4.087143256124296,5.04540029,5.18233445,5.75462252,20.057
2,32.12605775377784,3.8687884940458015,2.81075181,2.81075181,4.06642192,113.483
6,94.19215440579067,3.59038016803965,3.91093511,3.98894172,6.34530781,109.309
12,188.30075858206914,3.5919732422754342,3.94871003,3.9487093100000004,12.39509586,109.691
16,162.22632218670785,3.722342483122284,5.0050733,5.00507382,9.666436,184.787
4,62.53764472155624,3.420287436774608,3.82221359,3.8222135,5.06248796,106.208
4,61.89571334923711,3.455759841715259,3.95567125,3.95567125,3.95567125,102.749
6,97.96825996989993,9.214404866048872,4.39993021,4.39993104,5.84336584,130.385
4,65.90070939498521,11.81216857807233,4.53386213,4.53386273,4.5338628,138.455
4,48.74678814895176,6.56475391007499,4.100344569999999,4.10034448,4.1003442,179.963
4,53.431661210055466,6.275869893428289,4.22770375,4.22770433,4.22770342,134.483
4,48.54963901745468,6.380161366249864,4.09480998,4.09480946,4.09480871,184.183
4,49.023140639258855,6.423142123259226,4.10807827,4.10807827,4.10807827,189.547
4,49.932503512620755,6.392915790646897,4.13332408,4.1333243,4.13332296,164.644
4,56.50137440129421,13.381225231591031,4.30760934,4.30760934,4.30760934,244.229
4,59.99008271160819,7.9632838701414235,4.39404823,4.39404823,4.39404823,158.18
6,91.36267986034625,9.812179918610306,4.4168468,4.4168477,5.407711,161.564
4,56.227634283066486,8.28856015111977,4.30019832,4.30019827,4.30019837,194.292
4,55.58225406945089,8.275128414433144,4.28368253,4.28368251,4.28368261,209.627
8,138.53114559972977,5.8873480511631024,3.64445296,3.6444540399999994,12.04348028,118.615
4,70.65314285560596,5.7717253409290405,3.68018745,3.6801875499999994,6.02366704,115.242
12,179.75215424514667,8.339791470062032,3.81464214,6.37028541,7.39709866,176.642
3,50.67875708495859,14.476013856720789,3.43727479,3.43727479,4.93015943,147.433
5,85.01659114777013,16.323493300059233,3.9636582799999998,5.03752547,5.03752561,146.22
8,84.91330836137911,4.589957139411367,3.05025322,4.55886905,6.10636486,207.405
3,25.602622260863033,4.50692894596853,3.02592696,3.02592766,3.22876771,254.22
10,95.70124596791464,3.7019371280351487,5.6866017,5.6866017,5.68660124,178.989
2,25.13476743186745,3.757747278753866,2.92926249,2.92926249,2.92926249,124.845
13,113.50515503598463,2.2824160472400807,4.22878591,4.22878591,7.329149,122.106
6,66.70157204549005,3.2807377958590935,4.5520975,4.552110189999999,4.55199874,124.06
4,45.45515503291667,9.42905204319843,4.00592664,4.00592661,4.00592636,189.33
4,42.639084597369205,6.805302040763699,3.92139473,3.9213940199999997,3.92139473,191.214
4,52.0444527393683,14.080612664144176,4.19079562,4.19079562,4.19079562,241.903
4,51.02946852522931,8.548145274470993,4.16337062,4.1633778,4.16337924,203.582
3,83.80640604965986,4.114869821927658,3.88138245,3.8813818400000004,6.42353065,3.721
2,20.315907229994846,4.894158015265572,3.06278796,3.06278939,3.06278936,251.478
4,75.18844526052057,7.0794888753500205,2.88810108,2.88810108,9.01418209,81.552
8,114.35551412512038,3.9826100991878923,5.66548206,5.66548179,5.66548183,16.341
4,82.80598270099877,11.25912541759425,4.468384,4.468384,4.147255,72.925
10,119.044147888275,5.810462309340608,5.823052730000001,5.82305359,5.82305217,148.77
20,229.44471704617422,6.029352458903562,5.400747,5.523009,7.692163,146.93
3,73.5287869831306,2.6823128046173825,3.52736774,3.5273677399999994,6.823784,12.683
8,204.04815284678315,2.5101751216102053,6.11381816,6.11381816,7.2244611,6.025
8,199.95324989339437,2.5615817555333096,6.38099538,6.380993729999999,5.67047114,6.621
8,193.69830406220197,2.6443008851643377,6.032435249999999,6.0324373,6.1699207,6.83
2,26.626730192135117,6.660445916042594,2.98611099,2.98611099,2.98611099,351.113
4,48.90040864331163,8.094581171563346,4.10464663,4.10464715,4.10464687,188.455
4,46.69309650228438,6.892749961955557,4.04193378,4.04193379,4.04193424,206.714
4,55.66203477892597,8.48566467012944,4.28572904,4.28572903,4.28572912,165.425
4,46.144177318710504,8.08482594232024,3.58680216,3.58679689,3.58676316,142.93
9,121.66647316703369,7.347154394531903,6.16737014,6.167534940000001,3.69345868,168.613
3,50.22244198132978,7.557042597382366,4.14130832,4.14130857,4.14130887,141.018
9,113.27885834840171,5.931812069390103,5.96493398,5.96495525,3.67628078,177.798
12,153.58307667292937,5.8335324760532385,3.69018195,6.09899008,6.8239786,185.534
6,79.51794527346597,6.34242078835709,4.8268071500000005,4.8268082,4.82680851,198.812
24,318.3116387766954,6.33764157777062,4.84101424,4.84101423,15.68383809,198.395
6,48.31290333666169,4.918663838807525,3.01632605,3.01632605,6.13163,277.905
9,113.81789069335339,5.726508891064393,6.37725356,6.37719397,3.2316153,206.197
4,56.4596007878481,6.5535581797951,3.0975765,3.0975765,5.8842853,127.744
2,29.13702149567507,6.349504163047176,3.077148,3.077148,3.077148,129.327
12,284.12159452839376,6.519607297566338,4.00301668,7.173769649999999,10.17867399,41.734
8,100.74487125114773,7.862372857581126,4.27789499,4.37877117,5.37824493,141.202
8,104.11866070223812,4.8244702953529375,6.08988543,6.08988543,7.26436837,79.739
20,246.64927907419548,8.134100179639713,4.29938597,4.4683404,12.83888075,141.045
6,88.617712511817,6.897654850009311,4.94368077,4.94368077,5.135966,127.282
12,163.15931558310515,5.678933096228867,3.7271252,6.17257321,7.09204763,147.728
6,100.19369389174825,7.6277900796818185,4.38902779,4.38902779,6.00583146,103.401
8,120.44610858794518,2.8913810157168562,5.52740604,5.52740443,5.527404,102.198
2,25.377989104011977,6.786110089731469,2.93868071,2.93868071,2.93868071,198.715
12,159.38119062620328,6.649483070836309,4.84550273,4.84550268,7.83829352,163.482
4,47.186642463890394,8.171214777170816,4.0562210599999995,4.05618749,4.0562534,210.464
4,55.238387982287655,8.45676143556464,4.27482819,4.27482819,4.27482819,187.429
4,45.006167025426855,6.923222367809843,3.9929633299999994,3.9929633299999994,3.99296333,230.374
4,53.810190851943496,8.587095079490368,4.23766402,4.2376642,4.23766427,183.277
4,49.14617041736737,7.949759977593169,4.11151198,4.11151198,4.11151198,197.425
4,46.89512012929128,6.753704219470371,4.04775499,4.04775499,4.04775499,215.232
8,60.07437276251763,5.844930786314471,4.6664977,4.6664977,2.78356,176.085
3,53.92221998461099,6.943428238940878,4.24060236,4.24060273,4.24060269,119.461
18,233.45028330361967,5.624878106950414,7.12129108,7.12129108,7.12129108,187.835
48,612.4261803624087,5.202102257595109,7.633332869999999,8.566457539999998,9.36565768,180.482
3,49.995294860357546,7.682775232806697,4.13505529,4.13505525,4.13505516,146.311
4,61.802587864795,6.3189195100204385,3.95408567,3.95408567,3.95288802,116.187
12,184.7921248026079,6.732766452008939,3.90323791,3.90318052,12.44096237,105.655
4,61.78758325133233,6.90783321922075,3.7608634,3.76086377,5.11422364,97.756
7,104.54596010060718,7.233514553308197,4.02855979,4.02855979,6.4418058,108.798
7,110.18431189015058,6.859747290202509,4.141011,4.141011,6.425501,101.134
4,48.59147446709058,8.046360784681795,4.09598538,4.0959852,4.09598443,182.718
4,48.440466772192174,7.859717775067749,4.09260137,4.09259996,4.08837108,190.307
4,47.75681350443051,8.079610800166224,4.07239704,4.07239704,4.07239704,192.595
4,57.913539796279906,14.394396689753757,4.34275279,4.34275567,4.34275854,227.636
9,122.54304453447786,7.1662689795427585,6.76116704,6.76116512,3.09538607,127.561
4,49.60245175082974,7.86630787223686,4.12419681,4.1241974,4.12419691,166.368
6,90.67761743916863,8.20439194001345,4.41026937,4.41026937,5.38318439,140.178
4,59.90411994042308,9.15950230282876,4.39194841,4.39194841,4.39194841,155.629
6,91.23681920850608,11.381532090655915,4.38450109,4.3845016,5.48023362,163.617
4,56.35324710929315,9.529530647742169,4.30339121,4.30339121,4.30339109,193.396
4,55.80532410002029,9.513862074418064,4.28940326,4.28940326,4.28940326,212.674
6,94.82055346074036,6.764949746417287,5.04899371,5.04899365,4.98785897,113.668
10,142.2873661840427,3.933019148787343,7.08193491,7.08193491,7.08193459,27.439
9,137.4250390519633,8.226036941135407,6.54094064,6.54094097,3.70898257,149.123
12,185.89523584698006,8.108247585279479,3.84471038,6.4022480999999996,7.55217648,150.678
3,52.617262611589666,9.959681657481402,4.20611442,4.20611442,4.20611442,151.635
4,55.24179049334149,9.698598546229405,4.27514131,4.27594961,4.27454267,228.106
8,79.37339717384485,4.08997221995504,4.16838437,4.16838437,4.56814048,127.744
3,21.428466310770176,3.865534280846576,3.1177074600000005,3.1177074600000005,3.11770746,139.455
3,21.365033024090774,3.877011143247374,3.07715383,3.0771536800000003,3.07715361,140.725
4,74.58802430193843,11.062702338823959,4.10115078,4.2646332,4.2646332,104.414
8,309.25882996819536,4.6024523539194755,7.4079836100000005,7.405088939999999,6.51553888,2.037
16,616.572048916698,4.616975526082614,6.47996123,7.39211074,12.87190901,1.242
10,403.0048733205734,4.577633703702654,6.95968879,8.08152068,8.08151931,1.991
4,74.31785218594784,12.43693321903172,4.71921086,4.71921086,4.71921086,113.257
4,59.63731369393638,8.068539643551302,4.38541829,4.38541829,4.38541829,118.564
4,57.483230871581746,8.090536299911898,4.33196949,4.3319694900000005,4.33196949,153.635
4,65.82204176345888,9.473634016050228,4.52444617,4.54220141,4.52466542,125.716
4,62.33247172637629,9.816745394388313,4.45051001,4.45051001,4.45051001,174.523
4,59.67074988004432,13.362287640897101,3.48078158,4.14040059,4.14040059,227.385
2,30.419158725424627,13.105847713315553,3.121637,3.121637,3.121637,218.372
4,57.40889299638269,18.064039979121763,3.8576817,3.8576817,3.8576817,294.735
12,173.0428056453965,6.054884808882134,5.08580698,5.085827040000001,7.72505345,181.973
4,56.774544600072666,5.402816789509643,4.31409349,4.31409349,4.31409349,159.093
4,57.45835049681556,6.573741258381695,4.3313444,4.3313444,4.3313444,160.207
4,50.61673818416128,7.557976580229761,4.15211829,4.15211829,4.15211829,191.642
4,47.6404355273238,6.47717911059682,4.06909197,4.06909163,4.06909369,207.779
4,52.65305708889262,6.581363627025818,4.20763177,4.21067121,4.20778283,195.509
4,52.17779259075696,10.870756275111095,4.19437156,4.194371560000001,4.19437156,243.092
4,50.09621244922546,7.314595680931675,4.13783845,4.1378392,4.13783845,168.613
4,57.51238446064873,8.910585169159793,4.33270171,4.33270171,4.33270171,183.807
2,19.073073211894503,5.386845373432611,2.99901541,2.9990146100000006,2.99901445,278.511
6,104.2300896701422,3.1011157778050413,3.26575402,3.94206289,8.09629069,30.511
6,53.62428128889798,5.698315045083141,3.07106021,3.07106021,6.56529213,268.26
8,82.92372980768921,6.759875445959879,5.33363638,5.33363638,5.33363638,289.181
6,76.98672484075102,4.416738251619313,5.6741668,5.6741668,5.6741668,162.315
4,63.15174752806434,13.493968536468362,4.46992384,4.46992384,4.46992384,250.96
6,121.63937551258576,3.672663037368004,6.94289881,6.942898810000001,5.9112999,20.023
4,62.03362473575728,9.014874711003205,4.4433861,4.4433861,4.4433861,223.438
2,26.679065565689605,6.632455209649653,2.98806613,2.98806613,2.98806613,154.95
18,245.45870636479398,6.487972621475936,7.2465416,7.2465416,5.39742,151.359
4,53.4117191646697,6.625800860451932,2.89168664,3.96696035,4.8256268,146.751
18,239.7694469715486,6.641919505226436,7.21891958,7.218923870000002,5.31250682,150.897
4,53.530082804622516,6.611150146939905,2.85620424,4.08604235,4.58675763,145.461
4,57.278044346842634,8.320773407227245,4.32680902,4.32680902,4.32680902,137.552
4,57.13988039108207,8.252257107149598,4.32332723,4.32332723,4.32332723,159.419
16,182.0572396085335,8.170464976286727,5.05360022,5.05360238,8.23143202,189.888
12,164.5257079086251,7.234596201375571,3.72218625,6.22804138,7.09715317,158.126
3,51.656303518517404,7.3395678476206125,4.18035196,4.18035122,4.18035091,126.65
3,51.52463256215448,7.260028488703778,4.17680137,4.176811759999999,4.17680319,123.819
10,107.45292710257004,4.934842411972586,4.133764820000001,5.097891439999999,5.84806556,195.566
2,19.3122821167637,5.491461431128073,2.8101588,2.8101587499999994,2.82384869,234.957
6,68.7839720882226,3.8561390726447606,3.78253951,3.78253984,5.5014514,184.247
12,116.45132506159356,4.555389338864293,4.81269978,5.04099494,4.87188446,157.994
12,123.16487505448308,4.307081255492206,4.54534955,4.90919686,5.51961944,203.794
24,258.44602277752557,4.105159901329572,5.14911908,5.45912219,9.1942033,190.856
12,125.22506016105608,4.236221759446027,5.46950206,5.469505350000001,5.46950526,208.538
12,136.94722939734157,3.8736170641543577,2.96623767,4.88060049,9.45962772,100.826
12,146.70632301111073,3.615939066525632,3.766937,6.435368210000001,6.61621215,180.571
9,98.98024461095044,4.0195985075150675,4.70760676,7.24121451,2.96826455,155.372
12,204.9469218790116,2.5883829814012427,3.77299303,5.98683477,9.07315071,56.861
12,129.5288923253319,4.24925252371842,4.98776,5.098704999999999,5.21102812,154.987
6,80.20127915638035,3.4313727810666803,3.054832,4.035323,6.506024,38.582
3,32.24379601031686,4.2674951518716915,2.86246035,4.04655802,3.93520584,188.024
12,140.6336692576797,3.913721198579989,4.770315,5.173814,5.70201217,135.307
8,114.26496934733672,2.9606245007338154,3.804702,3.804702,7.89354,134.531
2,29.350172182931075,13.470768356261184,3.08463336,3.08463336,3.08463336,248.343
8,123.86980687624158,4.227605381034418,3.49914344,3.49914363,11.68184024,139.085
12,170.7720615085595,4.271221084432785,3.34859511,6.17029079,8.26510834,131.512
5,65.01044608146864,3.0871066936357607,5.05445986,5.05445986,2.83485,178.71
12,140.073714814538,3.386626548108374,4.81255248,4.812552479999999,6.590652,102.75
9,123.03438240358565,7.284521043236309,6.23334157,6.23334105,3.65640302,219.7
5,62.52581792285582,8.048700868670984,3.969049,3.969049,3.969049,170.269
5,64.50656431866487,7.801556482592554,3.8795519,3.8795519,4.28588762,65.557
2,32.030183971512,7.998692469400948,3.1758,3.1758,3.1758,153.552
4,61.84155868380736,8.285677035936143,4.57045186,2.77508999,4.8757813,151.922
3,47.06067806748403,9.199063354338765,4.96172684,4.96172684,4.96172684,160.261
4,59.21245026505516,10.295617290392244,3.8977104499999995,3.89767356,3.89760655,179.376
4,61.76577496493726,13.063209441222062,4.60029319,2.76817254,4.85030699,190.385
4,60.4451554893711,17.392937883341684,3.92452764,3.92452152,3.92452764,238.047
28,423.16155226409586,17.391069212346636,5.55110311,5.55110219,15.85685581,234.145
8,120.81951676218705,17.403129278275557,5.57368108,5.57367879,4.49078659,233.898
9,136.7136271378543,19.53749534191043,3.91231998,6.22782348,6.22782494,240.535
2,30.024579304062133,12.945694195481792,3.10808087,3.10808087,3.10808087,228.62
4,60.85551225570816,16.484398629984803,4.41507725,4.41507725,4.41507725,287.241
10,106.78808021704842,8.5864459556997,5.57519311,5.57519311,5.57519244,269.191
4,58.699917160038154,12.16619569631835,4.36231975,4.36231975,4.36231975,271.275
4,58.99056628265778,8.488259820022892,3.41097137,4.1586488,4.1586488,187.501
2,30.231426410671624,8.281568437020983,3.115202,3.115202,3.115202,187.05
4,56.004740154874476,10.572691372994404,3.82597031,3.82597031,3.82597031,228.591
2,28.922286864517297,8.551042608292226,3.06957001,3.06957001,3.06957001,215.387
4,59.45884100263612,4.464608008455084,3.26728915,3.26728807,6.43147972,137.908
2,29.74047506227828,4.462948509698269,3.2670095,3.26733206,3.21706211,139.693
9,183.46613767735033,3.0410308374545236,3.42572916,3.4257542300000003,18.05176449,18.003
12,235.90929412872254,3.153337299213939,6.93564239,6.93564222,6.93564228,46.408
3,86.51610106381926,2.1496044298696146,3.4267265,3.4258553500000004,8.72185772,5.928
8,153.20644293214957,3.122852730843655,3.41651673,5.03315591,8.97319508,14.85
4,88.21455419227603,6.38607230343756,4.06298061,4.062980519999999,6.17049671,90.133
6,130.2037675687621,7.432342499918217,5.55543329,5.55543369,5.55543488,89.181
4,68.89337033038753,6.1138303289257045,3.42913743,3.4291384300000005,6.76514164,112.457
8,140.71188852146295,5.986734758713541,3.49263977,6.24232284,6.4540269,106.475
3,69.5350740630873,4.914316378894038,3.55656645,3.55656742,6.34762586,11.057
8,118.09958047739894,4.271720293071917,3.63174164,4.99348361,6.51223075,145.819
6,83.88406258282915,4.1189984922752725,4.76064196,4.76064113,4.88692788,142.135
12,155.60441823351331,5.747517453761881,3.64325589,6.12949212,6.96799383,176.474
4,54.29697565917557,13.958250502767632,4.25040401,4.25040401,4.25040401,283.881
3,51.33227155368851,8.767714416896785,4.17159201,4.17159201,4.17159201,165.342
12,172.11124422290587,6.90252860886276,3.80289071,6.262806889999999,7.22647291,187.886
18,254.32069994747422,6.935010261970851,6.46381881,7.05689049,7.34709796,203.131
12,175.28957880524072,6.70782095162641,3.954151,6.099111,7.268358,189.963
4,53.13153408266496,8.691325575225568,4.21977328,4.21977328,4.21977328,244.997
4,55.02475413024362,8.206992621385599,4.26931012,4.26931012,4.26931012,228.921
10,156.7978331104377,4.544839628878823,7.595236880000001,7.595236880000001,7.5952375,25.074
6,78.46714159012295,4.87947086948298,5.862465,5.862465,5.862465,163.816
3,58.880110150261494,7.6990716056929775,4.36678071,4.36677809,4.36678237,118.974
4,66.31989062094193,9.499966691945536,4.54345537,4.54345537,4.54345537,146.595
3,59.37065720762206,10.115303559880022,4.37887164,4.37887247,4.37887311,136.97
4,62.93887181968116,9.824847584948552,4.46489569,4.46489569,4.46489569,179.322
4,61.347402684107955,9.980357066259035,4.42696903,4.42702959,4.42698547,205.955
2,29.631924427763224,8.174219428664946,3.09447244,3.09447244,3.09447244,204.076
4,59.62752702707458,9.463125967580178,4.3851797,4.38517968,4.38517975,248.307
4,62.59451116957273,9.699539253645344,4.45673779,4.45673779,4.45673779,210.128
4,59.836906022033986,11.8693333390105,4.39030517,4.39030517,4.39030517,257.893
4,85.21639922332123,6.83835063348807,3.67091059,3.6709105899999996,7.302053,85.973
3,85.08837163314217,5.914493183277212,3.8242096,3.82420887,6.71825241,20.685
6,121.85350311726259,6.824260970356625,3.5932030600000004,5.272373239999999,7.1794466,77.175
9,144.55330249236388,6.55497633888932,5.91908064,5.91907988,4.76418862,25.672
10,201.90729828996052,6.3738653487521955,6.58499837,6.58499837,6.58499837,28.907
64,922.3816574007052,5.2311774352086315,6.573565,10.698084,13.116069,79.378
16,433.21355374803545,3.4003116479693443,6.76725864,7.12507077,9.82685487,9.808
6,48.925941862280034,4.821240370839243,3.00652827,3.00652827,6.24997174,267.608
4,57.622894511711216,13.579383299551594,4.33547503,4.33547503,4.33547503,257.696
4,56.76326652308437,8.624257589203681,4.31381002,4.31381003,4.31380998,226.153
2,30.48090054332519,6.1710520430201825,3.12374757,3.12374757,3.12374757,110.695
10,138.91922724951465,7.49748796149707,6.20107272,6.20107272,6.20107272,83.663
34,493.1138950724081,7.370760552950771,6.79545668,6.795456940000001,11.49709906,79.295
12,177.63590651759537,6.681383946450708,5.02647857,5.02647822,8.1184383,105.49
4,58.44871096321728,6.934757273672599,3.88083322,3.88083322,3.88083322,100.968
4,64.91002098974103,12.975509434750467,4.51102862,4.51102862,4.51102862,133.602
4,47.49380946148734,8.081494692266858,4.06701693,4.06701693,4.06701693,180.042
4,52.262937856951574,7.63716069713965,4.19665182,4.19665182,4.19665182,130.031
4,56.44542766470168,14.64187506739375,4.30574072,4.30574143,4.30574287,226.509
16,192.46127318774413,4.876130451353696,5.6613214,6.53018836,5.20594811,154.329
4,49.137755290510924,7.7949142951681925,4.1112773,4.1112773,4.1112773,160.513
10,106.96230159756668,5.007411132875437,5.55059057,5.55059057,5.5505908,169.135
10,148.20580244507272,3.613922066351879,5.54714,5.67490781,5.91698353,65.52
4,59.02998907800803,9.173783825104318,4.37048097,4.37048097,4.37048097,150.486
4,59.97382195488268,13.939222210021244,4.39365286,4.393650700000001,4.39365646,182.047
4,55.46207001498044,9.553491778099165,4.28016057,4.2802266,4.28081012,190.201
1,29.933901614092957,11.337862302754846,3.38788278,3.38788389,3.38788306,27.941
2,59.812276664720535,11.3483877762165,3.49734068,3.4973383600000005,5.64656168,26.378
1,30.004713731003754,11.311104572682865,3.48793227,3.4879330099999994,3.48793333,26.891
4,120.10531685189765,11.302961886468214,3.5086372,3.5086379600000006,11.26560463,26.806
5,91.3178895239647,7.0259899131136,7.06651423,7.066514229999999,7.06651423,58.448
5,101.7169415845412,7.838817384157207,7.33830389,7.33830389,7.33830389,32.334
11,185.81552053388862,6.379934713202876,12.37206882,12.37206882,12.37206882,54.153
5,95.81002950077136,6.8564644009062565,3.75982042,3.75982063,7.2803954,28.231
5,105.75017795187483,7.684715350225246,3.84367366,3.84367367,7.65656762,29.141
5,124.61236098459072,7.817821993925855,4.01568395,4.01568488,8.23273537,27.8
5,105.48738098274137,7.461408044485356,8.12749565,8.12749565,8.12749565,38.004
14,326.2736177677942,7.421202562621805,9.15164475,9.15164506,4.4983471,34.649
5,91.49238133475681,7.003885825263811,6.89223287,6.892232870000001,6.89223287,54.929
5,101.90096219304105,7.8168462287448195,7.27059338,7.27059338,7.27059338,38.486
6,153.71110806374122,13.08745483830766,5.6907296,5.92510666,5.92510667,38.126
6,160.06353115334733,12.568054512074733,6.0717680000000005,6.0717680000000005,6.071768,37.616
18,442.97659232133674,9.69257172816739,4.79702799,7.58303825,12.17770022,18.684
12,369.6559324348288,4.64460394856927,6.60477599,6.60477599,9.51732305,7.347
7,116.55860169214404,7.8113830714162455,4.16758004,4.16734275,7.32886,36.339
10,186.6093385913167,6.293875768047868,6.41430279,6.41430279,6.41430279,37.626
7,120.60917498930353,8.935069254211005,5.596721139999999,5.59671971,5.59672087,46.555
6,135.64250929997965,12.613855073885583,5.657728860000001,5.613187409999999,5.6577294,56.741
7,216.05964324017216,5.049401300329917,4.20660064,7.16673235,7.16673235,13.465
10,261.8651869770608,8.536604806089157,3.70698103,6.15641444,11.47438861,31.919
6,135.82921612143392,14.764386362862233,5.65181485,5.65849696,5.65849813,64.88
22,265.71520347601614,11.385389307642352,7.21623167,7.216231670000001,7.21623167,170.426
9,237.27693347015594,5.714605473539865,6.949018509999999,6.94901921,6.94901962,13.744
28,485.31547956372617,6.909226225260375,5.86638852,7.78683168,10.62410941,23.802
16,557.296650125338,6.94538331704232,9.75078008,9.75078008,9.75078008,19.458
9,260.1437047476842,4.7815273693928715,7.16543833,7.165438710000001,7.1654386,11.525
9,240.45136482884314,5.5615112121083685,6.97987234,6.97987284,6.97986908,14.578
14,280.78593507755437,7.947793666788387,9.28345655,9.28345696,3.76205605,20.152
4,113.17983411491947,10.645202219570455,4.83715109,4.83715004,4.83715319,27.4
4,114.10299508409936,11.842343795560492,4.85026739,4.85026739,4.85026739,26.92
28,881.7102166500882,7.320750356564208,9.58904355,9.58904355,9.58904355,14.239
8,218.27654057467927,6.027814315498121,6.56966126,6.56966123,6.56966138,21.006
8,240.82870766053665,6.7567292552810345,6.78854522,6.7885452200000005,6.78854522,19.502
16,534.1422721598263,8.201271014692757,9.19877092,9.19877092,9.19877092,26.737
16,532.4895042065043,8.149998888248177,8.77755598,8.77755593,9.28922561,15.431
8,130.39866924511466,8.7675905888717,3.42847732,3.42847732,12.80973095,87.57
4,121.087628025222,7.78176433740188,9.83453321,9.83453321,9.83453321,33.627
7,115.9485818553434,11.620405490117106,4.03957132,4.03957132,7.10550388,136.553
7,120.47785339022798,17.293798474713984,4.073266,4.073266,7.261422,180.729
32,866.6852502810527,5.264075454342372,11.49627486,6.1964938599999995,12.58644904,8.873
4,81.00832748904806,16.302009248990064,5.45994284,5.45994284,5.45994284,86.313
4,65.41925201521349,10.99970380541247,3.47416976,3.47416989,6.57210606,88.891
3,95.78119382013361,10.789453035034363,5.70866427,5.70866474,3.39375558,40.558
4,142.96338766100672,7.7654577306474275,8.38638463,8.38638463,8.38638525,27.664
2,63.99551930456985,7.376612825049308,3.99990665,3.99990665,3.99990665,19.646
2,74.65615415173289,6.323258595511552,4.72636118,4.72636201,4.72635983,16.051
4,67.72030292996858,12.8145693496392,4.57521278,4.57521278,4.57521278,137.541
2,66.74455278412917,5.966892123515992,4.55313185,4.55313358,4.55313253,18.005
6,106.77091619283131,4.725332322719233,5.32503779,5.3250363,5.32503737,12.984
10,254.21047033662188,4.829546174529904,7.04917236,7.04907742,5.91445928,17.198
4,116.27466889877799,7.305955704713083,4.1098329,4.10983308,7.94888338,34.601
12,215.23475993223073,7.084716915013823,3.81106161,7.46095622,8.3954582,41.713
12,239.84866394848106,7.65633309232556,3.94597,7.768482429999999,8.64811919,36.601
8,139.48891360212514,6.604141141578744,3.85232464,3.85232464,9.39926588,50.486
5,111.9896865839664,5.5497998445031165,4.82013622,4.82013622,4.82013726,39.029
5,68.20646083666094,7.9105386208583885,4.07632852,4.09064598,4.0903874,70.161
8,160.58492138885822,6.2028529653905595,5.485646,5.675069,5.85991479,21.672
8,177.93879439261565,6.197607921649597,5.623201290000001,5.62320219,6.89036806,56.964
8,205.4995719122265,6.8821496175599695,5.88725583,5.88738079,7.24469649,48.836
8,172.12074263317166,8.620321752527788,5.04398845,5.56128201,6.13598387,6.828
8,184.5291522331625,5.837664379424576,6.50470466,6.50470466,6.84423668,24.875
8,214.9486802792474,6.460626674706018,6.97611934,6.97611934,6.94504721,9.505
8,221.12753490944124,6.48853206132605,6.67219824,6.67219824,6.67219824,24.333
4,160.43932400457487,6.857624071324267,4.67548882,5.24366238,6.94910899,11.664
2,76.12875837054285,7.226129742754929,4.23821433,4.23821433,4.23821433,16.52
2,87.30510005432464,6.301078457021172,4.97949172,4.979490089999999,4.97948979,13.509
4,97.12147964516868,6.554024941912606,7.792307,7.7923070800000005,7.79230758,45.413
8,231.16000425108427,6.854806581534172,6.73533439,6.73533427,6.73533378,22.596
40,596.5466891150119,5.932115915426584,6.18047927,7.91332221,12.19729243,21.657
8,116.27238639180935,4.989190977869701,5.3119557,5.66087366,5.31195691,13.435
7,111.41948188044977,11.437788200603451,3.97129252,3.97129252,7.06475945,145.845
10,255.2443219546386,4.313946324963336,6.98075049,6.9997749,6.99977461,10.753
4,69.60399669865747,14.652696994180339,4.61724672,4.61724672,4.61724671,124.074
12,283.6757332112217,7.657786391977025,7.41883958,7.41883926,5.95140682,22.474
4,66.6077513871237,13.054489000454224,4.06539534,4.04772495,4.04772495,132.434
4,66.35084534038792,13.105035110968071,4.18072193,4.1807214,4.81144587,133.935
16,223.0629084753158,8.749107412031194,6.807392180000001,6.80739232,6.80739321,139.649
7,118.5113676721968,11.425701050758551,4.07238553,4.07238553,7.14598728,126.95
12,268.94174717297994,8.529811603582626,7.14374897,7.14374897,6.08520538,27.301
12,290.39066967673125,9.508736339978714,7.46568822,7.465688680000001,6.01606239,22.482
8,213.71716063830368,7.348621678428697,6.54701244,6.54701274,6.54701208,23.073
8,131.6559689316082,5.55128067653603,5.13062941,5.130629610000001,5.1306296,15.209
16,446.24664997045556,5.80902119712712,6.23017621,6.495645879999999,11.85012552,13.437
8,244.45257331163677,5.3021660064928895,6.350929000000001,6.477092119999999,7.02992478,14.241
4,136.57173971883634,7.068396903285089,8.318963810000001,8.31896408,8.31896416,28.606
8,235.33777969780843,7.997060568360611,6.76555673,6.76555623,6.76555764,20.394
7,114.06488989753738,17.58425879438121,3.97237954,3.97237954,7.22853874,186.651
12,333.28538056106675,9.738981139692608,7.97648897,7.97648867,6.04870099,23.076
2,60.39799580707446,9.289111402907777,3.56432007,3.56431962,5.48957262,45.516
3,91.99032552441282,9.148413841878062,3.5258061300000003,3.52580377,8.78379385,43.971
10,98.04225285978706,7.2685907213914,3.47830307,5.30912476,5.30912476,183.742
5,75.75158375437681,9.471573816183607,3.8950222199999995,3.8950222499999994,5.70235248,131.945
5,81.43479683740517,8.998686452489759,5.85724112,5.857241119999999,5.85724112,102.384
5,75.92688054174326,7.70263736632889,3.9079500999999994,3.9079488800000006,5.68797057,116.757
28,662.5553696822655,7.442324761335213,6.91047278,7.54794324,12.70240021,54.308
5,77.65133453008565,9.229594618398387,4.0077913,4.00779159,5.60376683,108.431
5,83.28841011003306,8.731408491176985,4.09338777,4.09338742,5.75203545,135.34
5,79.74201784449455,8.973352085613637,4.01791418,4.01791425,5.69831598,157.698
5,81.2026753587304,8.73687178507048,4.14979115,4.14979041,5.55385644,158.852
7,120.82064399987027,7.470602168089159,5.44358748,5.44358748,5.44358748,96.793
4,93.45003847796303,11.484752936148865,5.09367808,5.09367808,5.09367808,71.509
4,84.06198714644168,12.658607199301498,4.91705293,4.91705293,4.91705293,96.269
4,80.99871258003924,11.20997762472896,4.85658549,4.85658549,4.85658549,96.69
7,128.03369102764393,6.160328131045603,3.9983073,5.37776459,6.52488878,90.245
4,97.53668863092543,11.08089802766401,5.16687159,5.16687159,5.16687159,65.115
4,84.1047573323269,12.646025619200998,4.91788671,4.91788671,4.91788671,101.396
14,343.29709635562006,5.596827471125154,7.859502580000001,7.859502,7.85950225,64.903
7,89.99377785612621,8.817937764332065,3.2939609800000005,5.464141149999999,5.45885413,166.232
4,84.82671926507278,11.713703169734817,4.931918480000001,4.931918480000001,4.93191848,86.553
7,104.57375913596339,8.221256497909184,5.58469848,5.58469848,6.64215029,139.272
4,84.10273488865067,14.387351280331224,4.91784729,4.91784729,4.91784729,106.578
4,94.11420177230305,6.866200854390265,5.105716780000001,5.105716780000001,5.10571678,58.554
10,212.99318561989577,7.912424307046542,7.15293438,7.15293438,4.16291197,76.381
4,83.5234455136584,10.982394884140902,4.9065221,4.90652236,4.90652226,89.938
4,87.00594990866179,8.782571113707927,4.97379617,4.97379617,4.97379617,77.305
4,104.18298884076778,9.030164893397925,5.28166198,5.281661980000001,5.28166198,51.653
40,560.1576720326299,9.150946312341615,8.994508219999998,8.994506820000002,8.99450773,150.148
15,193.71059997440491,9.923255588286384,3.40460259,7.0660390799999995,8.42989807,155.798
5,77.55434845357573,8.605889517172214,3.71391194,3.71391266,6.49250428,127.607
5,81.8166866666341,9.109329213507406,3.75543439,3.75542872,6.69870231,119.03
5,85.38337506498996,8.728808546598994,6.5494488,6.5494488,6.5494488,89.409
4,96.83415465700452,11.148437557667625,5.15443643,5.1544364300000005,5.15443643,66.273
4,100.97541155179015,10.765918225229179,5.2268922,5.2268922,5.2268922,60.245
4,87.77825382550182,9.669562048986037,4.98846939,4.98846939,4.98846939,68.975
4,85.10578779959536,9.228933746258127,4.937321009999999,4.937321009999999,4.93732101,68.836
4,91.15244532594203,11.000751979525235,5.04958278,5.049582780000001,5.04958278,68.285
4,79.29126637466663,12.47100462567196,4.82221738,4.82221738,4.82221738,100.748
4,82.17903062590979,12.090706201773827,4.88006222,4.88006366,4.88005932,93.112
11,219.486044542138,9.349744334805585,4.38905962,6.89002413,8.28707496,85.104
5,101.02200807164854,9.004257154171594,4.65734774,4.65734774,4.65734774,96.02
9,238.2475040741171,10.388491811245537,8.20542708,8.20542071,4.08603941,58.177
9,214.65417397077144,11.232554621079109,7.43201242,7.4320124199999995,4.48741094,66.924
9,205.34238658572264,9.59515207699504,7.30444176,7.30445019,4.44399196,75.464
6,138.27363508039545,9.499479906865075,4.66559832,4.66559881,7.3348966,73.521
4,113.09617821365732,7.811146234275816,4.31963258,4.31963149,6.99880281,47.341
8,231.70005404069772,7.625468972997531,4.60779919,7.09114385,7.09114385,42.537
6,116.4335715131104,6.35778236365798,5.48105842,5.4810573,5.48105812,83.144
8,136.24239734153818,6.864123748020238,4.0132685,5.3686339400000005,6.81751866,100.232
4,73.66630151406086,5.632610083696892,4.19201623,4.19201623,4.19201623,77.938
24,239.399706536263,6.635498631293926,3.521114,5.921925,11.481024,181.007
9,163.66657785542523,7.897391930950988,6.90244015,6.902757629999999,3.96640848,85.691
6,112.63826412926154,6.604555346490494,3.95325631,5.43840393,5.62373686,92.341
2,46.935089638331114,8.62749177232701,4.04890499,4.04890532,4.04890504,79.857
4,90.2255569317075,13.468302320098829,5.68945842,5.689458419999999,4.58772736,86.722
3,60.180507253820565,15.530996075378747,3.66929608,3.6692955500000006,5.16772803,105.164
3,34.57820091096691,9.151026461586826,3.2594616,3.2594624299999997,3.75820029,175.007
6,77.58018089575515,10.568653915866538,5.45122449,5.45122499,3.01461616,225.91
7,67.95577244155255,5.713044956712297,4.08077,4.08077,4.08077,174.157
5,71.52499705552428,11.340227703844754,4.15099888,4.15099888,4.15099888,186.37
2,60.74510763602378,10.330741010137126,4.41240445,4.41240568,4.41240628,54.948
8,140.13853410567432,8.65940499580376,3.890304,3.890304,9.259563,69.604
8,148.74466340154652,8.683084216239962,3.921361,3.921361,9.673146,68.302
8,316.4578045844116,4.288552769063307,9.97632565,9.976435049999997,3.67143358,3.109
6,120.7013999205033,7.286961023054292,3.76460034,3.76460034,8.51676282,17.479
8,181.65964861841186,9.253683291844098,4.80889386,6.3956658,6.39566549,57.293
4,88.81899117687458,12.760331565473978,5.00810714,5.00810714,5.00810714,64.458
4,74.25524855953117,11.051257175841789,4.71788537,4.71788537,4.71788537,102.769
4,74.52499353795083,14.962415527524254,4.72359131,4.72359131,4.72359131,123.512
4,69.72767589970594,11.60144675602772,4.61997965,4.61997965,4.61997965,127.101
8,216.66925615761545,4.219658466735643,7.044212230000001,7.044212739999999,7.04421242,12.303
6,88.68243187444145,10.740427189997982,5.00553907,5.00628037,5.00553598,36.569
6,62.71531639930419,9.726629551029964,4.93962388,4.93964413,2.96793332,210.234
6,86.81511136641124,9.176443106772458,3.60212886,3.60224689,6.69056211,145.684
4,45.727398997599856,9.147058675872328,3.46303249,3.70768237,3.70768196,172.008
8,126.77391311830944,7.440913622916358,3.953696,3.959512,8.33661851,123.961
2,38.76845424714784,9.957644145281517,3.38448683,3.38448683,3.38448683,74.896
6,86.77299520199954,10.161268224267259,4.969353160000001,4.969353160000001,4.96935746,109.243
6,82.61053074949793,9.782347683984572,4.8885888500000005,4.88858916,4.88858928,109.138
6,129.58994117973657,11.267945025506554,4.53470659,4.53470659,7.27683141,68.88
4,89.64064675803999,7.231929093164734,4.03660618,4.03660768,6.35245334,65.942
6,105.98965810462484,8.164561509364823,4.08515258,4.08515171,7.3335853,98.396
4,39.739958563774884,9.440488657333496,4.02631245,4.026312449999999,4.02631245,152.068
6,115.75600051486103,8.847530745864224,4.16574156,5.7011252,5.70112481,76.021
8,131.52311556844268,9.268942085808597,4.074225229999999,5.33488399,6.55813478,100.012
8,142.42775940691044,9.672158817486824,4.37048852,5.45722516,6.51692022,100.437
4,74.08208793486371,8.475127656243995,4.19988828,4.19988828,4.19988828,76.098
7,115.71924075661104,8.27236291725128,4.15231946,4.15231946,6.71156898,97.33
4,63.86807866075371,11.555957891237885,4.48676114,4.48676114,4.48676114,147.294
4,66.938175899389,11.542489906843736,4.55753067,4.55753067,4.55753142,111.695
4,70.78853002982169,17.074519951830872,4.64329166,4.64329166,4.64329166,182.794
4,70.00796819204712,13.035271057742584,4.62616186,4.62616186,4.62616186,161.823
8,411.38118163567924,4.437302374989017,10.98064731,10.9805814,3.93970207,2.736
6,90.39558045100588,9.881723075785764,5.0375658,5.0375658,5.0375658,109.749
4,69.98801715275859,11.615400321122602,4.62572236,4.62572236,4.62572236,134.846
4,70.65032531855775,10.85321457621104,4.64011426,4.64030124,4.64028318,209.285
4,99.8663070266522,9.536559156334919,5.20706265,5.208443959999999,5.20978409,57.35
4,103.50198591331423,6.297272399584162,5.27012877,5.27012877,5.27012877,45.134
2,52.606669086017796,6.099630777374623,3.74697045,3.74697045,3.74697045,43.263
12,299.91768898160177,4.8178640099417,5.96441141,5.96441076,9.73498784,44.234
4,98.94501953364671,4.405393118640391,5.191620979999999,5.191620979999999,5.19162098,46.104
8,194.2742794634384,4.1343616159751795,6.60612093,6.6061260399999995,5.14033421,40.818
4,67.31134600490108,9.844379937336006,4.56598441,4.56598441,4.56598441,116.23
9,164.33488771264663,8.988417323204436,6.80864205,6.80864205,4.093343,97.514
4,65.58971252081278,10.878319248034618,4.52854234,4.527316430000001,4.52564465,135.403
2,27.400506214568146,11.086675770875543,3.383955,3.38395544,3.38395279,172.542
4,68.97608342591528,15.462826688774314,4.59991634,4.59991634,4.59991634,205.913
4,68.07859994126036,11.317181868903287,4.58228339,4.58226915,4.58240493,179.898
6,63.94016941619344,8.309262245500776,5.7937603300000005,5.7937603300000005,5.79376033,154.321
4,66.74680637190151,10.07643440618995,4.5531836,4.5531836,4.5531836,117.1
6,77.74563918838909,9.876248786897277,4.79308481,4.79306296,3.90750342,155.253
3,64.85796647006987,11.1783439701734,4.50982211,4.50982244,4.50982189,83.509
4,46.30994116787492,9.023397616620533,3.4936995,3.7140249,3.71402477,170.384
12,202.2580197136242,9.86079262997248,4.16032654,6.7696428,7.18145722,108.787
3,61.02340082514289,9.50736551481315,4.41913283,4.41913348,4.41913395,91.824
3,55.045395191175146,11.915612543752037,4.08476419,4.08476336,3.80939932,130.268
4,77.98087738180119,12.690696124223448,4.7955052600000005,4.7955052600000005,4.79550526,155.943
4,112.83725197697362,11.633684071734475,4.83226601,4.83226601,4.83226601,49.521
2,40.6888988834754,11.237375206589707,3.43947359,3.43947359,3.43947359,97.651
4,66.8746317872399,12.122168560189586,4.05901324,4.05901324,4.05901324,132.296
8,167.67579325443367,14.419886085431514,4.47967598,6.84745892,5.46631094,110.101
6,109.41268482257532,16.970812200249622,5.36859724,5.36859742,5.36859825,169.621
4,67.10894063976387,18.6615323533158,4.06374824,4.06374824,4.06374824,179.331
2,37.69050622333562,11.976502949153907,3.35282323,3.35282323,3.35282323,118.772
5,70.24211552659936,11.575703490017293,4.12603139,4.12603139,4.12603139,203.932
2,39.51390947914799,8.446824053266326,3.82315272,3.82315223,3.82315353,102.797
2,57.28790026348858,8.426021735718612,4.32705693,4.32705782,4.32705563,62.342
3,69.15291945867877,11.664781513917532,4.6072503,4.6072505,4.60725089,103.205
4,91.38190734110471,11.176697854357169,5.05734356,5.05585231,5.04879006,72.216
4,69.58265541619838,9.928253920412072,4.61677453,4.61677453,4.61677453,132.156
2,45.05558707818835,9.136225879150402,3.9941217099999995,3.9941213999999996,3.99412034,84.968
3,55.615559367267416,6.72106870945973,4.0799533,4.0799533,3.857938,89.456
8,125.12693170476096,7.532489979409592,3.9211733200000003,3.89683955,8.42027037,116.907
6,152.59732933243498,8.843759513708585,4.29072682,4.35058146,8.45911718,61.628
4,74.9682095674992,11.085680035272643,4.73293709,4.7329363,4.73293713,113.153
9,182.61006363618262,10.654227465290855,7.53799031,7.53799075,3.71093128,111.197
4,70.33312457888384,11.650295076086131,4.63473588,4.63473588,4.63473588,141.544
4,69.25361425986647,11.743875388124554,4.60948579,4.60948579,4.60948579,153.366
4,67.4832348111171,13.583436684941836,4.56986773,4.56986773,4.56986773,188.12
2,55.52621045796154,8.868003721397931,4.2822403,4.282240389999999,4.28223988,66.367
4,127.84995135404486,11.235410204603875,5.038114060000001,5.037839109999999,5.03719029,52.713
4,103.50307211552236,12.547272204510374,4.69516739,4.69516739,4.69516739,46.269
4,136.60445894825727,7.640145050101464,4.40590891,4.40590894,8.51459883,30.528
2,42.64513578054694,9.12498104692711,3.49373398,3.49373398,3.49373398,63.975
6,113.20613065314068,8.793697882408864,4.38723827,5.54058295,5.54058333,71.161
4,68.59012810050702,10.826123404842681,4.59471665,4.594716649999999,4.59471953,108.889
4,63.82672212469268,11.451210993206512,4.48579129,4.485794899999999,4.48579273,135.447
2,52.63145976370764,8.208073151396498,3.39142972,3.3914306000000005,5.28377897,67.086
6,148.09505726972958,8.564635721527493,4.24870907,4.2487094,8.73679879,79.62
2,39.30215212401154,20.113723204789164,2.77075206,3.23613745,4.85010636,147.81
13,196.68581008952347,5.587864817965598,6.7525488,6.7525488,6.7525488,182.023
11,147.05239926871673,7.609792228422669,7.00139387,7.0016838,3.46384942,144.899
5,84.24447542093547,10.060489398652,5.91594297,5.915942970000001,5.91594297,97.198
9,78.23508861510838,8.799561074527047,5.34049895,5.34049895,5.34049895,201.105
5,72.65574725285897,9.276569008226682,3.96590218,3.9659025200000007,5.40398754,177.23
5,80.31268233970675,10.352347398619756,5.67057606,5.67057606,5.67057606,187.564
5,71.35698358506028,9.712405446085874,5.626641639999999,5.626641639999999,5.62664164,198.349
9,134.93071570423274,7.107622206856996,3.9737041899999994,5.170552579999999,7.0604709,28.801
5,74.38307684244856,9.188324027666663,4.0026791799999994,4.00267984,5.43742331,186.818
5,86.0648487820909,9.782850861545723,4.08756674,4.08756787,5.90655967,141.952
5,82.00803102776231,10.124467573915572,4.06354866,4.06354925,5.73774929,162.197
5,82.83712740833207,9.949546028515904,4.16377965,4.16377974,5.61232309,326.477
5,96.5606853613226,12.262237666769597,6.915005800000001,6.915005800000001,6.9150058,81.939
20,264.10403645544187,12.878944682143583,7.000552380000001,7.00055256,7.00055255,184.425
6,77.61318159428228,12.196770741015708,6.64574697,6.64574697,6.64574697,225.315
22,300.4937539711968,7.151169778551374,7.30748251,7.307158190000001,7.31125337,78.546
11,203.89104839842216,9.24300223914924,4.301002,4.301002,11.021961,92.095
5,76.32322211236837,15.062059603342426,6.73446272,6.73446272,6.73446272,185.335
3,57.123763915651836,16.62748849759914,5.42677653,5.42677653,5.42677653,179.585
5,68.43262485520394,12.571322943188108,3.70998015,3.7099801499999994,5.74102568,198.589
5,82.43582917520447,10.777632797897969,3.81518831,3.8151883100000004,6.5396335,153.594
5,84.84329753438992,10.493169943238343,3.8200211,3.8200211,6.7135994,133.28
5,93.08900026843799,11.163694833579777,6.78256466,6.78256466,6.78256466,99.35
20,514.4049279635711,9.2056746696213,4.06697057,11.13612023,11.35795594,68.88
5,89.60981597661092,10.80401860732297,3.84397768,3.8439776799999996,7.00266337,126.252
5,97.25858447191276,10.784803677923934,3.89775459,3.8977560400000004,6.96983966,85.916
3,54.69575075369583,15.90612837009266,4.75988368,4.75988431,2.78759856,130.716
7,111.92853753339614,11.783693024661002,8.75740693,8.75740693,8.75740693,136.797
14,317.78334018586315,10.594701965192582,7.4504700999999995,7.44917812,7.43433384,100.456
11,165.17645776485443,8.46555231246812,6.79353435,6.79326337,4.13286379,163.668
14,394.15250801792615,10.12053873217223,8.00009962,8.00009962,8.00009962,75.787
14,347.2150957225166,9.85114757024726,7.66935111,7.6687043,7.66873,64.012
8,152.41682621454032,16.171521404700528,6.009450980000001,6.00944873,6.00296366,141.244
14,270.14238127340496,18.244235652416638,7.6369545,7.6369545,7.6369545,149.256
6,111.92227284965095,8.664300504485341,5.40933493,5.40933529,5.40932775,82.958
4,78.39525744863751,6.756378112401581,4.27986327,4.27986432,4.27986327,88.376
6,106.44080384059005,8.296603418117316,5.3842309,5.3842309,4.239652,116.197
8,154.361708831041,10.634649827727833,3.97923544,3.97923544,9.74855634,117.844
6,127.79581172709112,8.966048667726545,3.90394057,3.90394057,8.38513821,78.118
6,138.53368483978133,9.395299260652935,3.99881953,3.99881953,8.66346803,77.206
3,63.23509960012537,16.59517700477561,4.76923202,4.7692323199999995,3.21018903,111.096
13,102.89345083678973,5.935084829113551,5.25977937,5.259779520000001,5.25978048,243.159
3,33.37658606381912,12.918052179189685,3.08578763,3.0857865,4.04743029,210.847
6,79.29408421258383,17.38860515597921,5.5332166,5.53326344,2.99053707,295.443
6,74.10333813304563,10.699409003960017,5.80080957,5.80080957,5.80080957,216.199
28,268.33872563788617,4.395954010582795,7.23990365,7.239903830000001,7.23990327,123.142
8,248.12502858263113,6.394416963157785,8.0166928,8.10377908,4.4252762,25.058
6,130.85323695259945,8.42468560600813,3.85492053,3.85492053,8.80549169,21.314
2,30.071951140755694,13.806903956418372,3.4905371,3.49053664,3.49053714,178.518
3,37.79353543107745,11.513735690886955,3.54411805,3.54411628,3.91581294,173.368
7,94.80626461507386,5.780616790504546,4.28909349,4.84880757,5.59089778,38.531
6,85.84778752214783,8.016393862257397,3.52057956,4.93914247,4.93914204,114.796
8,209.76036616333184,5.452598981195648,7.52779056,7.5202831,4.28613031,31.673
6,63.887120222581075,11.344119066127675,4.9592582,4.9592753,2.99949579,479.093
9,174.11802178249556,11.892619095023063,7.04743771,7.0474377100000005,4.048094,24.751
3,58.006513104225526,10.712563899692762,4.139964,4.139964,3.907986,92.884
6,92.1923368818721,5.998267069631598,4.47794157,5.05893112,5.06057574,14.284
28,426.4443418001122,5.4829368511176435,5.06730082,8.72881329,9.64118609,4.717
6,62.40572797109534,11.366887564803324,5.06726176,5.06726148,2.8063847,256.215
4,77.78242311443422,9.547010383076714,4.26868079,4.2686829,4.2686829,83.085
7,120.45589764577564,8.899572588842549,4.21066605,4.21066094,6.79402277,105.256
7,121.49767796951149,8.819985976650889,4.24033803,4.24033282,6.75721214,20.367
4,66.43013054021364,12.592173473025081,4.54203515,4.54835884,4.54877248,191.62
6,120.36967725491172,13.954053635891277,4.38179057,5.68425553,5.68349873,124.931
6,126.31470839940903,9.011192045808873,3.84533602,3.84533602,8.54250677,90.78
6,135.4360135447598,9.554239090504408,9.15700745,9.15700745,9.15700745,83.522
6,148.099351015123,9.828032908444932,9.23139522,9.23139522,9.23139522,70.542
8,73.34834599396856,10.914424051709057,4.13959234,4.20994663,4.20877937,108.814
8,321.3612411436792,6.394335497944097,4.3396029,7.64774081,10.09795607,6.693
4,100.23415648581407,9.649760749671223,4.64520852,4.64521487,4.64520322,61.685
4,87.43323760540858,14.182906633177714,4.98192501,4.981925009999999,4.98192501,35.525
6,107.0389047391426,19.31305226875424,5.32948921,5.32948833,5.32948921,239.465
4,65.65502583228033,20.604786946167035,4.03418669,4.03418669,4.03418669,303.949
6,85.64759610773444,13.490392516000622,5.04887611,5.04887611,5.04887611,184.28
16,199.62507062632662,11.91146771664831,3.21775615,5.62320068,11.03261266,255.507
2,29.006771743842148,14.428181834916902,3.44882753,3.4488270100000005,3.44882695,206.53
3,36.41844294749735,12.13049251934271,3.7205932,3.7205927,3.72059254,256.399
6,64.10861205151483,10.077118562278109,5.825271369999999,5.825271369999999,5.82527137,242.745
4,67.24928718493652,11.707250708387964,4.56458075,4.56458075,4.56458075,146.821
6,74.84636048404353,11.791752034680998,4.73029261,4.730297120000001,4.73033039,183.584
8,145.39267674838018,10.200506556055908,4.00554653,4.00554653,9.06189384,112.758
3,40.55905303024544,11.055276902338623,3.8565674799999994,3.8565674799999994,3.85656748,206.152
4,70.7225129067815,6.715813273650447,4.13541623,4.13541623,4.13541623,153.034
6,107.04324717431487,19.18897316476739,5.32962183,5.329494719999999,5.3295387,491.593
2,46.57667465111469,9.590410862214304,4.03857211,4.03857068,4.03857219,99.646
6,113.28174227706958,8.79440196451024,3.7988511,3.7988511,7.8497419,118.372
10,113.2362245513027,13.393533202311048,5.05988306,5.05988097,5.10709883,264.934
12,124.11314266218545,12.509048402763831,3.61634707,5.948141080000001,5.94814108,276.868
4,63.84267420990679,14.220772003889543,3.99671969,3.99671969,3.99671969,214.274
4,62.62582052393697,14.351083118043203,3.97116388,3.97116388,3.97116388,200.183
2,44.182489690550234,10.151114004068624,3.96815343,3.96815227,3.96815307,126.337
2,59.56383910513409,10.030306148745959,4.38361657,4.38361657,4.38361657,94.691
6,167.34719339303473,9.55654842412341,4.32634442,4.32634442,8.94079736,71.721
8,183.32421310838302,10.554650102598423,4.39753058,4.39753058,9.4798637,83.812
3,70.64463516195283,10.875873914763803,4.64014309,4.64014335,4.64014308,134.411
6,175.59143081521395,9.218312340823068,4.34354185,4.34354185,9.30711965,61.912
2,51.686159828590036,10.184011952426077,4.18115648,4.18115648,4.18115648,99.592
12,287.70207214512556,9.14124294550971,4.20720759,7.529857,9.08159945,69.255
6,107.42535286221113,10.294405994791033,3.92653502,3.92653502,6.96767425,114.334
3,54.92730511464433,8.89412731260138,4.05058503,4.05058454,3.86564727,120.789
4,64.24382209765132,8.330256469399343,4.00507319,4.00507319,4.00507319,129.573
3,62.5003658452205,12.303352905285845,4.28953004,4.28953004,3.922225,105.688
4,88.44055619336012,14.094441705283787,5.00098426,5.00098426,5.00098426,25.037
3,73.91950879557521,12.39623363453648,4.7107641,4.7107641,4.7107641,145.047
6,172.30108769124794,9.335561294822634,4.27904199,4.27904199,9.41011482,60.998
6,155.93824882137952,9.382577260125466,9.47196782,9.47196782,9.47196782,71.159
6,128.28175267032603,9.82836216742928,3.86543982,3.86543982,8.58552886,38.078
6,145.70074158835263,9.040094436234643,9.03527863,9.03527863,9.03527863,69.175
9,112.64046265661842,6.335486446487624,5.28569103,5.28569103,6.8965639,138.601
7,130.4106777545289,9.050637182453881,4.33154218,4.33154151,7.59690191,42.627
5,80.91677642495134,10.063990208079584,4.32518333,4.32517519,4.32544057,132.86
1,13.263780148821997,6.377544714272192,2.5828336100000002,2.58283345,2.58283362,181.232
7,120.55035644782784,6.675855465951575,6.51680213,6.51680213,6.34834019,76.389
10,92.76107852761035,6.407039242089775,4.80571871,4.80571871,7.100464,292.334
7,116.03776351398528,4.052596229720792,6.53258693,6.53258693,6.0935255,92.785
7,113.73181485991428,5.417967956129221,3.226984,6.04221678,6.60134708,88.535
8,94.50801274261227,6.635102640741106,3.11431158,3.11431107,11.25159194,200.377
10,82.55917402307036,5.403081322464131,2.97291108,3.0255252399999994,9.30255595,279.124
12,130.07509514040711,5.815869313021263,4.5106574,5.01469382,5.75055668,244.406
3,32.388318980070274,5.839294675041001,2.88252812,2.88249635,4.50107601,218.716
4,47.14032700991622,7.387625072495309,4.05468655,4.05493407,4.05474919,231.816
4,53.06910801319789,10.767217047981934,4.21811998,4.21811998,4.21811998,261.007
4,52.36070979793632,10.785305585542144,4.19926718,4.19926718,4.19926718,253.319
4,51.19227147219158,8.269860448875834,4.16779612,4.16779612,4.16779612,241.192
7,127.40615966391043,6.122050291959961,6.83826071,6.83826071,6.25971608,76.515
4,51.749215237525775,8.082346452494821,4.18285608,4.18285608,4.18285608,238.066
7,170.28371003417888,6.477785796395978,7.3331994300000005,7.3331994300000005,6.82702994,53.889
7,102.20490838845959,4.6464915895948815,6.293227589999999,6.293227589999999,5.83325016,87.476
7,122.85966743414228,6.400620986637756,6.81853896,6.81853896,6.18588388,64.874
7,160.44018759652732,6.915054536270032,7.157608280000001,7.15760828,6.82437748,49.149
14,210.6819113762097,7.101412025207156,2.65706884,8.90455502,8.90455502,113.09
8,94.04527864120215,6.587178027340112,3.00529066,3.00528956,12.02357358,179.763
3,28.577851927200904,5.978560814967387,2.65686639,2.65686639,4.42896695,190.35
12,114.21355882282971,5.9836827595202156,5.31484344,5.314843439999999,5.31484344,191.732
4,55.63824365397322,11.581551195597394,4.28511784,4.28511789,4.28511829,263.582
9,93.6267215639728,6.166168311380926,4.88721855,4.88721961,4.52632296,268.043
7,103.06925057486382,4.653416261893085,6.28183709,6.28183709,5.8440673,96.085
7,121.63071361967657,6.504179920771574,6.69683584,6.69683584,6.19321991,92.708
7,131.94517698700525,5.995732950148916,3.5733318599999997,3.5733318599999997,11.91013565,19.078
12,150.90201324437245,5.847870127854195,3.26233906,6.1426951,7.53020811,206.579
8,88.39240575228878,5.442958100731511,3.07025511,3.07025521,10.82767674,227.261
4,54.888575609173486,14.470571309798546,4.26578523,4.2657852300000005,4.26578523,289.662
4,54.60645026047421,11.83404855980278,4.25846401,4.25846401,4.25846401,268.222
4,54.38870004085044,11.910523276104,4.25279608,4.25279104,4.25279464,275.44
4,53.99025619898474,9.256192683487916,4.24238549,4.24238549,4.24238549,254.239
8,104.54406881851067,7.234868531866439,4.71085568,4.71085568,4.71085568,195.129
10,120.28115502506574,6.619915370055634,3.13948863,5.24766143,7.651175,190.279
8,114.3094536077424,10.162619410761488,4.85320954,4.853179360000001,4.85318408,186.748
10,98.06714711337368,5.9076915605888765,3.01044776,5.70750398,5.70750398,257.602
7,59.24134321237626,5.495814017372302,2.9713453599999995,3.02886135,6.9158744,278.729
8,98.64469160733998,7.1292620000604465,4.6205241,4.6205241,4.6205241,208.895
14,113.75773562643039,5.770266248362459,2.94844874,2.96441538,13.01512367,293.232
8,108.14305317215974,6.834443962889887,4.76423572,4.7643077,4.76437112,168.668
8,106.50848456615614,7.030287069232779,4.74024223,4.74023094,4.74006361,184.157
8,108.03490569104167,10.606847619921973,4.76271615,4.76271615,4.76271615,239.084
4,55.31117432911341,7.468349320381725,4.27670498,4.27670498,4.27670498,203.583
8,99.87832983314237,7.033232079725157,4.6397022,4.63970729,4.63970729,202.988
10,156.82341300037402,4.276815785113876,6.58541375,6.58541414,6.58541446,77.971
4,53.226889611698226,10.702398809597486,4.22229619,4.22229619,4.22229619,246.21
8,111.19745934073408,7.742724037129766,4.80838954,4.808395499999999,4.80946766,194.62
8,109.77061882983166,10.525870452729043,4.78809327,4.78808455,4.78808333,219.134
4,54.078266931226416,10.410375244837443,4.24468922,4.24468781,4.24468913,233.519
8,73.77454417694887,8.604369026237476,2.98299078,3.0524717,8.10220034,295.129
8,107.36172385381433,7.910634085442262,4.75280313,4.75280313,4.75280313,216.564
4,52.750514759671034,7.992371990201562,4.20966206,4.20966206,4.20966206,221.654
7,109.40678084802887,4.2662053512586535,3.26585437,5.84651288,6.5447551,97.046
8,118.34369629307598,7.705662477208609,4.90962562,4.90962562,4.90962562,171.734
10,177.8363614195178,7.401698075108396,7.48424409,7.48395785,7.48433289,102.88
7,127.52209577508064,6.102751901431137,3.42422436,6.16600997,6.92489431,80.248
8,102.74389070544781,5.847707749739489,4.68366958,4.68364206,4.68366755,192.13
8,120.45046183427421,7.486789821196946,4.93853807,4.93863323,4.9385936,162.896
8,121.97861632621184,7.392994926320798,5.60091462,5.60096705,4.48983984,152.004
7,171.5519466219332,6.419689285963065,3.99776476,6.915975190000001,7.29659123,49.227
13,267.17411523869,5.6439310357297785,7.183680879999999,7.27609001,7.2765021,47.823
9,122.66179363213215,7.185875712497296,3.18611637,6.40598753,6.40598884,125.541
11,95.25027802281026,5.571262290850463,2.9675267200000004,3.03389158,10.68319602,277.143
18,208.24967703691897,5.767210415451562,6.84816984,6.848169839999999,5.127488,209.704
9,168.5682296934771,7.306837743170527,3.4677780000000005,7.18342324,7.18546682,90.199
16,205.76308344332298,5.470981048089106,4.69927424,7.02183733,7.02183701,193.107
16,210.49833581502648,5.347908930282561,7.11206094,7.112070310000001,4.80535144,187.603
9,186.89890193898287,6.797744034304103,7.13819421,7.13819421,7.13819421,52.954
33,321.4882714174854,5.666738193970902,5.09042847,5.09043196,14.32604575,237.852
22,283.132526596781,5.2323727328721095,4.80213659,7.44750289,9.07204754,185.901
60,579.0249436813262,5.63935956755553,8.334875,8.334875,8.334875,249.054
20,190.5220681599804,6.109289802975965,2.99238071,5.64164158,11.28555584,271.858
10,264.2688581276587,4.364013954049623,6.43986672,6.4398667199999995,7.67488415,10.516
8,121.55928779828052,6.877322125552669,3.36170611,5.84327368,6.18831163,138.579
12,174.71324531273143,8.697204321564962,3.9060991,6.11944637,7.30921004,183.377
6,101.38901097485184,14.572224545199957,4.98246253,4.982462529999999,4.812079,125.266
8,135.24107037036464,7.662633889925156,3.22409121,3.22409076,15.02322989,104.417
4,35.9863405256716,5.698964515735158,2.95952872,3.03465268,4.28454751,268.991
3,23.326331039866023,5.165601333602118,2.98754701,2.9875464,3.01777201,283.799
8,287.9576662884244,3.352169771961656,9.9426832,9.9426832,3.363495,3.46
2,18.02309334881443,5.8000358513008505,2.94294024,2.94294024,2.94294024,306.705
3,69.847588958696,2.896771917494216,3.63879131,3.63879007,6.09125368,10.488
2,24.14828791747935,7.555451730435289,2.89042773,2.89042773,2.89042773,158.978
4,46.94103284133045,8.54121927415892,4.04895463,4.04895463,4.04895463,197.789
4,45.25362807846175,7.2248166697315535,3.99996447,3.99996447,3.99996447,216.418
4,54.49946603668346,8.760355359024667,4.25568115,4.255681150000001,4.25568115,178.311
4,42.054621736993006,8.992423510685715,3.47753287,3.47753287,3.47753287,239.242
10,77.1749117392415,6.12394577538065,2.96576088,2.99265272,8.82309028,296.493
3,49.16464650443117,7.8234765855623705,4.11202645,4.11202709,4.1120273,141.89
12,141.19937022960517,6.489782309391315,3.51623755,5.93204789,6.76939574,216.773
4,34.37421792633508,6.017186562682042,4.21925401,4.21925401,2.92808635,279.569
6,46.156347671726635,5.259087215558173,2.99670195,2.9967019499999994,5.934904,201.539
8,154.84416641947865,3.9661354585107778,5.36988456,5.36988456,5.36988456,43.389
8,173.29038260089234,5.34142081998661,5.5751705,5.5751705,5.5751705,35.323
4,51.98877003480122,10.230443470973453,4.1893005,4.1893005,4.1893005,218.716
2,25.39938644669207,6.981395226037812,2.93950639,2.93950639,2.93950639,195.793
4,43.635785781478276,7.25764470458189,3.95171838,3.9517184900000006,3.95171796,243.627
4,48.400575117822825,7.495546551001797,4.09226894,4.0924427,4.08774021,195.459
4,53.2182298197879,9.639263170004453,4.22206129,4.222061290000001,4.22206129,232.744
3,47.62263837821265,7.969117319811298,4.06858001,4.06857951,4.06857926,162.865
4,46.7840796924731,8.466338647524665,4.04455697,4.04455775,4.04455707,199.274
4,45.426222048733955,8.493634462391428,4.0050431,4.00504316,4.00504335,222.851
4,48.69418360723499,8.117878867127423,4.09886891,4.09886891,4.09886891,167.969
4,53.495000999903255,10.020178967267526,4.23032548,4.2289164,4.22906642,236.904
4,55.23639081609237,9.519698268135627,4.27477667,4.27477667,4.27477667,229.778
4,53.74015650584769,10.064601808116636,4.234231,4.23753304,4.23605017,236.881
2,15.145756379776284,5.69559370727113,2.77716695,2.77716695,2.77716695,198.204
3,18.45800506392188,4.764209250842948,2.96642509,2.96642498,2.96642345,175.664
3,104.4700908885685,4.843970246281598,4.11637124,4.11636504,7.11923527,9.164
8,359.2618398547905,3.9902921091528145,10.63122496,10.63128068,3.67039334,6.847
4,54.825325174740684,14.729477222545029,3.63272957,3.88484838,3.88484838,273.207
4,54.53079723169684,14.809033048769878,2.81918853,4.42515347,4.42515336,272.357
8,109.81107849415984,14.707958239803935,4.0405403,5.22686214,5.22686214,270.236
4,55.60370540951676,18.742309670477624,3.81681618,3.81681618,3.81681618,319.895
8,110.85025098138469,18.802697447860247,5.43434995,5.43434972,4.33421918,321.065
2,17.09702085086164,6.308059427241948,2.73389766,2.7338946699999997,2.64135023,334.002
3,33.344043685275174,8.38277808154148,2.50613763,3.52635365,4.34880479,229.507
4,43.403302792751376,8.68547732744415,3.4895860900000004,3.4895849300000004,4.33507915,217.129
2,27.449963637467494,14.589261514117874,3.01657359,3.01657359,3.01657359,284.95
4,53.22871920326238,5.1109061021134226,3.15250195,3.15250233,6.1845006,169.325
6,81.78032081868452,4.5843947034607115,3.1149048800000005,4.484472740000001,6.47346422,154.817
3,42.516552573454874,10.30232838496406,2.71833665,3.7836829599999997,4.7448888,192.283
4,58.10087355436787,10.580461471849475,3.8589191900000004,3.8589181999999997,4.76116758,190.816
4,58.731138435536785,10.466918750391983,3.8798502,3.89056727,3.89081456,175.556
4,56.17820898197582,14.544249882784673,3.79896637,3.79896637,3.89257502,241.671
4,56.23069174150799,14.530675047662903,4.39269201,2.68240384,4.77219861,236.927
3,43.341261589582906,16.900282353521025,2.72222353,3.80478884,4.79396065,246.671
4,59.37280079436702,17.793065983223478,3.90117495,3.90117905,3.90118213,237.489
4,59.100364475524955,17.875087091560143,3.86952673,3.8695267300000005,4.80270273,247.745
16,200.5605930350685,17.738493046457798,4.89740298,4.89740298,14.633306,354.771
4,53.80160963401837,9.496703012194045,3.62415463,3.852958,3.852958,232.563
4,53.99997386902604,11.059749063919334,3.77976254,3.77976254,3.77976254,251.212
8,107.7700204965425,11.083345028570161,5.38854377,5.38854549,4.28573106,251.039
2,27.076524365453714,9.322505033075457,3.00228092,3.00228092,3.00393315,230.974
8,108.7116478292818,5.071601396044022,3.208094,5.792848,5.849744,146.997
3,54.930910320989724,3.478564625138091,3.2696654,3.26966506,5.93307177,20.333
6,206.53560162650925,1.850341732509347,3.26303895,3.2630372900000006,22.39795036,9.594
3,103.18549025060686,1.8518177410908205,3.26453213,3.2645345600000004,11.25919961,12.703
6,111.16825611017038,3.4376849679077846,3.18781924,3.18781692,12.63174086,26.366
3,56.82038349475495,3.362890387511486,6.42473505,6.42473448,6.4247361,16.881
6,121.11404146533481,8.074453120825593,5.425675499999999,5.42567571,5.42567691,99.681
3,55.213666750228164,8.233618567000045,4.27419038,4.27419038,4.27419038,161.485
3,64.55613542716108,5.37242011852701,3.4263087,3.42630974,6.34970777,17.979
9,112.5354335582462,4.741559668696726,4.53480875,4.53479041,6.31890063,175.432
9,112.49296032203073,4.743349908577176,4.53625585,4.53626603,6.31248384,174.655
4,52.66585000278619,14.487492656445852,4.20740868,4.20740868,4.20740868,286.547
4,51.52532878130094,9.061345156529464,4.17681516,4.17681516,4.17681516,250.046
4,52.781761011578006,8.65247899568342,4.21049308,4.21049308,4.21049308,258.765
12,241.94787530326252,7.916342081899945,5.45487756,5.45487751,9.72323435,94.914
4,62.29125743689986,10.008951108362865,4.70066271,4.70066271,4.70066271,187.018
2,27.246949124844207,9.077096250311373,3.00911852,3.00911852,3.00911852,254.937
4,54.87552817664185,9.670568723198977,4.2654472,4.2654472,4.2654472,243.003
9,243.09370699834614,6.273629140526009,7.546905269999999,7.546905269999999,9.2688299,25.137
12,138.40084103661155,5.369833966962542,5.50324957,5.56210059,5.23976807,152.958
4,54.24544401652399,7.566219768268996,3.78548049,3.7854815,3.7854815,117.948
4,53.869413686034626,9.930714307933087,4.23864206,4.23864206,4.23864206,203.686
4,53.23150056943908,9.93520589636532,4.22241811,4.22241811,4.22241811,225.829
1,15.932263528442865,19.16071133805107,2.74557372,2.74557381,2.74557459,302.264
12,152.22658256008276,16.567178500686172,4.756322,5.237265,6.111034,334.971
6,76.15490994971967,16.558124535157535,3.033655,4.740195,5.295848,334.316
9,114.38179889545081,16.536492192220418,5.25685391,5.256853909999999,4.779412,335.85
11,292.345071471482,3.7790081589532902,6.491673780000001,6.547562680000001,6.9879013,4.479
2,20.9177393697135,15.547461094013261,2.91659415,2.9165947200000004,2.83943579,380.208
21,581.057797380987,3.399834173437722,10.73576275,10.73576202,5.82133934,1.108
7,190.9363271736369,3.4487939610042844,6.71664188,6.7166419,6.71664128,1.611
3,28.735340139198346,12.242445917793491,2.91641172,2.9164117200000006,3.90110873,352.115
6,57.411218429103485,12.255125643012056,2.92255816,2.92255816,7.76139633,353.556
9,192.78458070677436,5.474361792221505,5.86860957,5.86860957,6.46355142,100.955
12,316.35601760570364,4.448037375688519,6.07032239,6.07081975,8.58453953,121.564
6,113.96060833022268,7.226424620811565,3.18422303,3.1842227599999995,12.97828236,28.304
3,57.00912584709335,7.222771210779516,6.745267430000001,6.74526764,6.74526793,28.713
9,250.338095200081,4.934493161230528,3.18295421,3.1829541300000006,28.53221786,19.263
12,338.7203281967116,3.5073363165371556,6.23037837,7.17521332,8.37353149,0.936
12,457.13562668934117,2.598804466056312,6.83718301,8.28246604,8.3816395,0.203
6,131.1254530573344,8.655921775095154,3.31993213,3.31993371,13.7371873,23.208
3,158.81573009979826,3.573360345587203,3.31793734,3.31793785,16.65814242,9.224
12,347.1871360502961,6.538327872976099,3.31784839,3.31784933,36.41830731,16.447
1,33.240491927767486,4.4413192711271785,3.609061,3.60906093,3.60906043,39.59
2,67.55562600430586,4.370668917230709,3.64256962,3.64256916,5.87915835,41.717
13,200.99176052921604,4.2361390782566275,6.793866230000001,6.79386623,6.79386623,116.53
13,194.43303978996607,4.773598627869545,5.0950866,6.682130530000001,6.68213219,104.534
13,189.30539825524517,4.632694337075385,4.99201851,6.64325657,6.64320302,123.771
5,105.57772559184517,4.532040717876033,4.29085574,4.29085574,6.621461,70.326
5,99.98327190275711,3.3056887327316837,4.17735509,4.17735453,6.6159762,77.086
128,1269.829258180194,1.3959204960193672,10.828836,10.828836,10.828836,27.174
10,146.28877209558578,11.236726889919957,5.47479172,5.47479231,6.17394269,197.034
18,213.60368753104515,8.454483271714777,5.347098,5.347098,7.470892,229.147
5,58.783787728712134,6.4517373461296685,3.53435984,3.5343596800000006,5.32828905,153.952
5,77.64881555685781,7.52872396865775,3.9307701200000005,3.93077031,5.74292231,136.227
5,72.11756134987816,6.054385572053813,3.85385538,3.8538556400000004,5.56810116,133.147
5,83.46277727608323,7.187826768284751,4.03071877,4.03071891,5.87489114,103.38
5,77.75774320771916,5.812244416105449,3.9545672800000005,3.95456675,5.70453853,118.289
5,60.89835915977933,6.059299902781506,3.5628303899999993,3.5628307300000004,5.41875634,126.563
5,83.53498155959463,6.875447282060795,3.92071669,3.92071686,6.10055699,129.611
5,73.63574108624037,5.790277652385754,3.95070383,3.95070301,5.48285508,147.103
5,87.06211556316747,8.392076793684463,4.11099651,4.11099597,5.9150885,132.96
13,202.63283152187847,4.298266490619641,5.20778256,6.75853954,6.75851071,30.177
5,79.0508848947576,5.355529140118359,3.88028243,3.8802823,5.92397119,125.819
13,256.9864863195941,7.306718116025083,5.6876503,5.687628219999999,9.17309658,112.507
5,79.45733881418812,7.347340467240665,4.04700676,4.04700557,5.63250621,102.131
5,69.47099907457913,6.411643631362259,3.85876513,3.85876603,5.40488452,154.034
14,165.1979506486628,7.352770243720991,5.74612443,5.74612403,6.44528994,155.622
14,224.2160181621735,13.181232841068194,4.13320327,7.36529143,7.36529143,238.54
5,91.74629851813846,9.755675793668637,4.23973122,4.23973167,5.91934212,114.468
10,162.9410350342209,10.792535516389378,4.0954419,4.0954419,9.71468968,179.899
5,82.13370693919006,10.705391082531218,4.06812796,4.06812721,5.73627456,173.891
5,73.92013917507492,5.895973003569537,3.9452250800000006,3.94522527,5.507919,127.098
5,83.60677046203877,10.43784452813403,4.17430252,4.17430263,5.63334944,169.339
5,84.97285294919162,6.994409299228234,4.13834624,4.13834558,5.76029411,130.582
5,87.0268539865717,10.212881934125376,5.7813363099999995,5.7813363099999995,5.78133631,144.639
5,81.3184506512042,7.165200259822118,4.0412624,4.04126208,5.74089016,151.48
5,82.84548916431763,6.9595478357157,4.16743371,4.16743211,5.60696258,153.522
11,231.85468320664896,8.633381485800735,6.87240032,6.87240011,6.90752402,117.643
7,122.95458071926426,6.260138842417018,5.47809335,5.478094769999999,5.47809319,94.316
28,443.4701298936881,4.4741727436033205,7.38082763,7.38082763,9.332714,106.898
4,86.11709196956151,9.214970631454252,4.95680063,4.956800629999999,4.95680063,96.832
4,85.57552576642654,7.504637723217584,4.94638813,4.94638813,4.94638813,90.313
12,320.6926438823538,4.241658550430723,5.11281294,6.60922911,9.49026386,54.836
7,133.01583028511055,3.931480265432319,4.04049484,5.46548024,6.60722901,86.1
5,93.2541289461096,5.736931408480787,5.37305831,5.37305831,5.37305831,68.417
5,101.51841742008942,4.268598002203557,4.09002695,5.60398488,5.60398533,84.925
4,92.46675690491465,4.852353307538744,5.0757498199999995,5.07574982,5.07574982,62.953
7,84.69867266785536,4.5928466092852345,3.39703945,3.63659178,7.06342784,149.778
3,69.42956416709605,4.539960968177047,6.464170650000001,6.464171019999999,6.46417148,59.24
20,279.7380444157934,5.077550109966618,7.13604798,7.13604877,7.1360488,119.54
14,356.4053394489856,3.8995312140467733,7.9582893,7.95828968,7.95828949,61.871
10,263.1896031472228,3.5858297132534265,3.85287978,7.872439850000001,9.56659084,15.328
20,297.39532825498463,5.52820548961942,7.8813618,7.8813618000000005,7.8813618,142.289
7,94.28944072281189,5.5974358471464445,3.3914611,5.479795210000001,5.53719892,155.926
4,82.73297535103553,8.702306735499953,4.89100245,4.89100245,4.89100245,99.876
7,88.78942793205121,5.710752027142531,6.494220280000001,6.494220280000001,6.49422028,144.406
4,81.45248585489084,7.018355395682426,4.86563784,4.86563784,4.86563784,88.993
4,80.16827863423839,7.092762671438627,4.83993117,4.83993117,4.83993117,92.142
7,107.62498753621675,5.5186743673653975,5.62942336,5.62942336,6.73376663,124.98
6,106.12030945647264,8.749697837797237,5.08800889,5.088009300000001,5.08800873,136.722
5,69.80291303430658,4.563634166640746,3.66589163,3.6659296299999995,5.99764433,95.473
22,283.5985375313863,7.574199235214542,7.374620250000001,7.374620250000001,7.37462025,169.817
32,646.2034368953342,5.310270855375614,7.25115172,7.72975322,11.52913282,85.427
6,170.60590280107556,5.696438887497572,5.39418632,5.39418533,6.77035724,53.665
5,101.52707947714269,6.706077045239145,3.71883152,3.85468907,7.34004999,77.414
4,82.29283815153627,9.613979763697998,4.88231369,4.88231369,4.88231369,109.327
4,79.84033318004681,9.836202892057678,4.83332256,4.833322559999999,4.83332256,119.564
6,176.61652574803696,3.800580669444102,3.7460272499999996,8.812034380000002,5.4760487,41.701
4,99.73792743560041,3.8142618921141387,5.20546996,5.20546996,5.20546996,54.789
10,215.40059041369204,5.075788391558787,3.69752416,7.63251971,7.63251971,62.66
10,223.41167192929137,5.164150894913454,7.2600753,7.260035979999999,4.23863442,72.846
10,201.59970984037668,5.263381031914781,7.33613906,7.33613906,3.74588804,63.25
4,89.56228492080831,5.62126525659863,5.02203869,5.02203869,5.02203869,74.058
14,393.8218177902601,4.367900900893901,8.22763629,8.22763572,8.22762629,51.637
4,80.06683392636336,8.891444332795313,4.837888829999999,4.837888829999999,4.83788883,106.626
4,77.99600174923843,7.1869920210371445,4.79588941,4.79610314,4.79633817,104.846
40,596.8276912015826,5.0261228374843725,9.18664497,9.1866455,9.18664537,138.413
5,67.60292017546927,5.546597101510717,3.65569366,3.65569412,5.84110698,140.624
15,206.11596901550158,5.45759985832128,3.48820241,7.18400937,8.61355822,142.737
10,145.46822353397533,5.155299927222136,5.78225934,6.031961989999999,5.78225836,135.891
40,571.7217510214897,5.246834292086594,5.77216498,5.94577027,16.65857523,139.432
30,419.4707437387364,5.363418069496583,14.32113535,3.47081529,8.53851731,128.193
22,303.87751553413693,7.696285553217358,7.546365830000001,7.546365830000001,7.54636583,139.254
10,224.79045518486527,8.832724720930047,7.83748972,7.83748972,3.65951809,81.155
4,81.61568911251065,7.839283514341098,4.86888537,4.86888537,4.86888537,102.15
7,120.93947467131133,8.490938554182687,5.8298646,5.8298646,6.94952709,142.796
20,332.96491399566975,7.7408245646687375,5.11739422,6.5796694,9.88884399,122.595
4,78.77084622966822,8.048314725033315,4.81164417,4.81164417,4.81164417,111.433
30,717.4624793760122,3.8050672494391136,4.03355152,10.20517993,17.6309335,65.707
5,90.41573583114382,5.303442954853366,6.673721090000001,6.673721090000001,6.67372109,84.366
11,143.30917114667844,4.008890789468876,5.66003872,5.660038719999999,4.73603621,140.631
10,196.34818600318962,5.69820408678537,4.19783053,5.713365510000001,9.05872712,106.197
52,607.0759860136152,4.225552264768635,9.92293749,5.92346145,11.88137318,167.246
18,301.8966798057424,6.358121661197492,6.73732046,6.84721162,6.91448915,156.022
22,281.524799151672,6.219571878549508,7.35660128,7.35660128,7.35660128,164.271
22,257.7159881351776,4.968312040494887,7.143079,7.143079,7.143079,186.139
19,294.07584662063084,7.28283093860056,6.69716516,6.697164929999998,6.69716614,80.602
4,98.97526273381787,6.006927722276059,5.19198919,5.19198919,5.19198919,59.596
4,83.89734477563741,8.618405205365127,4.91384068,4.913840680000001,4.91384068,93.884
4,83.44660464768315,6.851185387705144,4.9050293599999994,4.905024970000001,4.90501985,87.008
22,298.448080789135,5.255176754287223,7.50115137,7.50115137,7.50115137,161.026
4,110.10941936304557,4.4292197156946935,4.79300839,4.79300734,4.79300839,49.823
20,520.8567444838553,4.0894369958792005,7.67811717,8.236292820000001,8.23629282,59.161
80,864.6964174717962,4.559870643615723,10.39509768,10.39509973,10.39510341,170.395
12,218.9208325366293,4.419695582059441,9.01317746,9.01317746,9.01317814,86.943
5,116.67131043219946,4.351052935302186,4.88638886,4.88638886,4.88638886,79.684
80,929.3530828829212,5.7700149047588605,10.6479878,10.647987800000001,10.6479878,166.366
5,114.38686351547275,5.058421014933609,4.85428524,4.85428317,4.85429039,78.798
5,118.97276161300869,5.4928448721535155,4.91830942,4.91830942,4.91830942,78.064
18,228.66078043156585,7.634951537537682,4.93260678,4.93260678,10.851958,154.502
5,118.33713615433366,6.818678143136514,4.9095349,4.9095349,4.9095349,77.789
16,448.7462527241544,6.835395381756568,6.49194349,7.08438453,9.75717239,55.615
40,475.5045486597552,4.115892196462685,9.90037716,9.90037716,4.85122253,141.881
5,116.70906562829443,5.654759877095578,4.88691003,4.88691003,4.8869276,81.995
5,118.35137178961192,6.7783380225417185,4.90973176,4.90973176,4.90973176,77.491
60,838.8191453361504,4.38350989777201,10.560758,7.436859,11.26096082,132.792
60,833.7525193314542,4.410148024464213,10.527758,7.419623,11.24528962,120.978
18,289.2591488388468,4.772521355112645,3.66828226,6.59126917,11.96341893,100.83
26,771.0750879874412,6.202056022819494,6.102476,11.22346,15.39983874,48.972
9,176.46606612091836,6.2207303090634785,4.22940155,5.532358350000001,8.59343749,96.804
14,389.8122541492197,6.1418708512894415,7.97062582,7.97062643,7.97062702,65.708
9,206.5283754529151,4.989108092588126,6.94036175,3.92883951,10.41793062,67.613
16,402.64739291848764,5.46395123946297,8.49320136,8.49320176,6.44542277,70.05
16,458.30352114411806,5.801945235760485,8.95534086,8.95534026,6.59869988,62.369
9,252.85909938939562,6.63488456126505,8.42135357,8.42135357,4.117031,56.904
9,243.70864326092865,5.674386776548883,4.150659,8.23401461,8.23401461,60.461
2,47.636758428570296,6.859219824215567,3.62505055,3.62505055,3.62505055,65.962
4,87.48929875762825,11.349114412205402,4.98299299,4.98299153,4.98299079,69.569
9,221.6469747662815,9.079501674618259,7.52200757,7.52200757,4.52338629,63.551
6,142.91731062182924,7.331142579814175,4.7076209,4.70762143,7.44648251,71.171
8,239.4775513116601,6.2679826484968615,4.67484568,7.15729248,7.15729248,39.447
4,99.76944920628993,3.8576044650205836,4.0040895,4.33716413,6.08382191,53.421
2,46.612727891978984,4.128390357487061,3.59888669,3.59888669,3.59888669,63.427
6,120.88209981177131,3.9251375632901637,5.54999381,5.54998859,5.54999437,79.891
8,140.88301180497845,4.757142877779198,4.00299365,5.45136005,6.94082955,93.21
8,141.6600892646204,4.725425783303217,4.01847511,5.52443393,6.85027584,93.804
12,232.79255941453349,3.6346952202143967,7.85189418,7.85189407,7.8518949,71.776
4,76.22667219824741,3.7000609655585213,4.24003056,4.24003056,4.24003056,75.089
8,156.22186015202368,3.610804967508341,6.26584768,6.26584869,4.59464322,70.402
20,346.44773625969634,4.38168275792609,4.02710599,8.10956377,10.60833375,96.501
18,281.85644561049935,5.076719471973194,8.97912889,8.97912921,4.03672246,110.087
20,265.1795033880559,3.329436109282009,7.27266605,7.27266605,5.88754684,55.637
12,203.95951885722985,4.160726790150904,4.04823848,6.56212278,7.9400745,92.48
4,78.49468900151209,7.015433326233815,4.80601465,4.80601465,4.80601465,82.71
6,121.47080427557965,5.154441780455051,4.0333765,5.60962713,5.75335027,81.107
9,162.07265205733296,5.366079035665046,6.93797313,6.93797358,3.88788944,92.941
20,202.91174903140487,5.3646656539564095,5.17603105,5.31735851,7.37249317,190.06
10,104.06847174663962,5.2299878750172475,5.24649471,5.24649471,5.24649545,188.656
9,178.83036153708673,6.192742120078827,7.14818858,7.14818877,4.04127667,93.559
6,117.3817828867955,4.073419239442487,3.98024695,5.539166,5.70503156,87.972
2,49.43376868538019,5.503158843056061,4.1195164,4.11951619,4.11951674,75.352
12,242.85920286925568,9.816164723699252,4.26372849,4.26372873,15.42569775,111.197
2,46.138824253920745,10.288565609381108,3.5866487,3.5866487,3.5866487,83.993
8,132.0593713851773,7.993943519467203,3.55713946,3.5571385599999994,12.05138371,113.218
3,36.44576465914209,5.035861226818603,3.30083792,3.30083722,3.86249662,163.074
32,344.9782520363805,4.7186754184689494,6.79171232,6.79171232,7.47882125,177.47
6,74.97334369601262,7.272414823167326,3.806628,3.8066280000000003,5.83227508,201.495
6,78.6001967712957,8.740790639685278,5.47888596,5.47888686,3.02348913,221.788
20,202.83094577640173,4.327544557600703,4.0189614,7.10411839,7.10411839,177.419
7,68.40629091709661,3.732758510976193,4.08976808,4.08976808,4.08976808,172.001
5,80.90384834931565,8.599435534810619,4.325036,4.325036,4.325036,142.867
12,195.67140385284873,12.47202580468179,5.32859997,5.32860117,7.95738587,159.168
5,82.00263382948431,13.870500047392877,4.344528,4.344528,4.344528,173.83
5,72.97287522061936,9.294132000067298,4.17882149,4.17882149,4.17882149,181.021
2,63.41398969024769,7.800356965951028,4.47610174,4.47610292,4.47610227,53.143
8,138.96068058286153,7.776488280030593,3.88104827,3.88104827,9.2255835,66.252
8,292.4847001401864,3.7313594756098296,7.159416349999999,7.15941635,6.9875508,4.557
3,41.74409622390891,4.492134877345697,3.67369543,3.67369665,4.0391893,113.31
6,132.56608150485718,4.529960972371365,3.97411951,3.9741195100000004,10.15077222,9.772
6,152.49688949214874,4.961487485955333,3.91310858,4.13194233,10.73015849,7.501
2,52.18277029328712,6.406223601737591,3.73687907,3.73687907,3.73687907,56.99
3,73.2775760240246,7.109369335067437,4.90301252,4.90301217,3.51977149,55.449
8,186.2241450242993,7.599661248194278,4.91407773,6.57266668,6.57266699,55.533
4,90.83156495511345,7.790465897613088,5.04565244,5.0456527,5.04565139,57.047
4,83.67355444100548,8.276608064180355,4.90946768,4.9094676800000006,4.90946768,71.324
4,83.16824625289685,11.884774603068326,4.89956489,4.89956489,4.89956489,87.395
4,91.63858647914137,10.91755773157804,5.06055085,5.06055085,5.06055085,76.015
4,76.67035661111974,8.969876500953918,4.76848946,4.76848946,4.76848946,97.382
4,76.9361153046942,12.766224265541497,4.7739927,4.7739927,4.7739927,116.26
8,255.5766411483205,2.537359523585195,6.582613040000001,6.910142090000001,6.91014359,5.717
4,82.94851724493104,5.91915366996687,3.84650815,4.13498356,5.6100343,73.704
4,91.54622446364809,5.363247071577573,3.8752404,3.87523683,7.38340222,53.429
6,64.2599735689444,7.424815244876691,5.03286185,5.03288206,2.92939292,203.252
12,148.86711634884475,7.483549489391059,5.01905017,5.01905017,6.823781,173.919
6,83.28558029139604,7.647614375993545,4.92755542,4.92755542,3.960738,170.478
6,90.9704482906095,5.835669752477173,3.62711975,3.62715625,6.91468143,141.273
4,47.73128448589238,5.978908516673691,3.5747575,3.72887675,3.72887599,164.762
2,41.354087469293695,6.121577540360489,3.45811539,3.45811539,3.45811539,70.25
6,105.87729823450896,6.775255408072327,4.29160717,5.41511101,5.41510994,84.831
11,185.00088045382896,7.682211824069867,12.68832259,12.68832259,12.68832259,61.482
6,87.42257475425545,7.7238026636320765,5.00270152,5.0027013600000005,4.03351611,108.45
8,149.68173279607817,6.70720109246727,3.87918647,3.87918647,9.94689399,96.439
8,122.48560878523391,5.001199955657367,3.53175348,3.53175494,11.33896541,115.21
4,61.239892554957734,5.001437752978111,6.0278592,6.0278592,6.02785957,115.991
20,223.45319909981657,5.958386646203815,5.262028,5.66639,7.494229,118.951
8,134.92768601985824,5.277175461626061,3.71435018,3.71435073,9.77992033,113.331
6,134.38086497579448,8.888407560733137,4.57852558,4.57852558,7.40210942,66.035
8,182.6243260052007,7.200866845075229,4.29677066,4.29677066,9.89177612,74.523
4,92.30882264999762,5.583264611359346,4.08071717,4.08071639,6.40087967,61.605
6,111.46823278030381,5.378919457082416,4.09795479,4.0979546,7.6645416,93.076
6,129.1439533116417,6.973223823171201,4.5133899,4.5133899,7.3204493,77.995
8,224.57265324809032,6.0285329816601045,4.33881407,6.907454919999999,7.49442104,42.341
4,93.15449262807259,8.41194493351831,5.08830264,5.08830264,5.08830264,68.674
4,91.5338986694122,5.626107343452067,5.05862306,5.05862306,5.05862306,65.872
4,99.6560721333882,10.953138948897537,5.20402756,5.20402756,5.20402756,63.799
4,103.89793387033322,7.764266921287499,5.27684053,5.27684053,5.27684053,57.035
4,108.48639225243907,4.66501406435934,5.353987260000001,5.353987260000001,5.35398726,42.167
4,106.39717638374155,10.377574747813972,5.31881682,5.31881682,5.31881682,53.212
4,88.67901312585383,7.246360990903514,5.00248872,5.00248872,5.00248872,61.225
6,99.23308165731216,6.713431457032072,5.1966003,5.19671775,5.19648877,88.23
6,89.68205830476,6.8162536682912265,5.14188327,5.14185035,3.91678539,119.682
3,62.57742691183447,6.059488015053693,4.17397266,4.17397426,4.14751298,73.693
8,136.74801478739985,6.971214213441404,4.06313663,5.475920389999999,6.61848378,91.18
4,77.04003006279501,6.424775970155056,4.25505797,4.25505797,4.25505797,69.461
7,118.28412585701807,6.969501035518328,4.17832696,4.17832696,6.77519224,85.957
4,81.48995550038003,11.259679348699912,4.86638382,4.86638382,4.86638382,85.925
4,65.9684647419514,9.173574245869936,4.53541597,4.53541597,4.53541597,138.306
4,90.81318767618598,5.90780264873874,3.95459903,4.28256002,5.77392987,78.14
8,165.11853420513793,6.171279483944615,3.89457563,4.02389743,10.72669038,73.159
3,35.09874222423148,4.301552571720436,3.6750970099999996,3.67509744,3.67509721,81.498
24,228.14102327311127,4.014695992097302,6.32127165,6.321271380000001,6.59270844,78.381
3,50.0260803612739,5.605506647462049,3.8409309,3.84093177,3.91554956,81.843
2,50.90951433368942,9.442619429922306,3.70623527,3.70623527,3.70623527,65.407
3,72.06360074582803,11.292895340051132,4.88158714,4.88158741,3.49191129,62.527
8,187.98806964020994,12.201776794448374,6.61992348,6.619923719999999,4.95328959,59.331
4,93.82208573777703,8.31087469487167,5.10042898,5.100429060000001,5.10042937,68.344
4,92.26528097137161,5.539599185942484,5.07206062,5.07206062,5.07206062,65.616
4,102.90109148127323,7.724219252692772,5.25991016,5.25991016,5.25991016,57.371
4,89.42449338596258,7.1427106055963465,5.0194619,5.0194619000000005,5.0194619,60.525
6,147.20637587559176,5.229788374665513,3.93930987,3.93930987,9.48607016,18.076
2,53.132733730722705,6.366911477023982,3.7594189,3.7594189,3.7594189,56.047
8,165.14154725882182,7.586387328889949,4.33312298,5.65591218,7.29475995,84.822
4,98.9730321218083,7.270778174610934,4.62564492,4.62564492,4.62564492,54.648
4,83.91868783191735,11.826123644530972,4.91425733,4.91425733,4.91425733,89.598
4,73.31565513476417,7.492705923901654,4.69790149,4.69790149,4.69790149,84.23
9,180.30885963058853,7.25012786742105,7.44407749,7.44407749,3.75720303,85.206
4,77.19973080464452,8.960141964421394,4.77943902,4.77943917,4.77943911,102.492
9,195.39414619373125,10.167694818150594,7.64089958,7.64089958,3.86448752,100.795
8,161.88107574338036,12.184013666940348,4.55310855,4.55310812,9.01673895,121.073
4,72.05748021656431,9.437585334172768,4.67087213,4.67086777,4.67087358,127.682
2,39.87318848323501,11.707503045245877,3.41633399,3.41633399,3.41633399,130.242
6,107.56876968679408,14.613894276011733,5.33826711,5.33826767,5.33826945,196.294
4,106.5194767598156,4.8713155244132675,5.32085398,5.32085398,5.32085398,43.556
4,105.0026871588462,10.63729049459627,5.29547664,5.2954773799999995,5.29547958,55.052
4,86.86508684972696,7.545028737541674,4.97111052,4.97111052,4.97111052,62.844
2,55.24437794000597,3.402899018155211,3.80857661,3.80857661,3.80857661,41.771
12,312.00912818117655,2.927484113710218,6.04798183,6.0479777100000005,9.84954361,42.792
4,101.1982421166906,2.9941378766864752,5.23075009,5.230749729999999,5.23074902,44.842
4,97.23687075657473,2.76345630520688,5.16157201,5.1615720099999995,5.16157201,43.03
6,146.54763576597813,2.38440317310234,6.23004829,6.23004829,7.03346222,37.533
9,211.27317923128325,5.212830154501126,7.74818279,7.748185790000001,4.06362754,54.978
4,84.2576583967754,6.4828499940807625,4.92086803,4.92087095,4.92087314,64.686
9,213.30462387339503,3.2741194383158994,7.35727132,7.35727126,4.55025859,57.528
4,81.84238780562715,10.289685189072571,4.8733892,4.8733892,4.8733892,83.086
4,92.16057364816083,6.090638673173836,5.07018152,5.07018146,5.07018153,53.873
9,191.44264812208587,4.599471298637521,7.44739484,7.44740466,3.98564788,60.094
6,92.0368121712102,6.628581409470399,5.067870840000001,5.06787141,5.06787067,90.416
9,202.12087666967474,4.508719880273411,7.26296372,7.26296675,4.42438267,59.971
4,90.5741243044811,9.430575340132853,5.04088025,5.04088025,5.04088025,61.585
9,228.2973512463131,4.975758310800988,7.5152343,7.5152343,4.66750887,54.137
6,83.65338187103545,6.907572194659985,4.90892436,4.908923719999999,4.90891859,90.883
9,194.7526029720892,5.617983045146395,7.41203415,7.412034430000001,4.09334014,71.355
4,69.65343155065108,7.605486678411668,4.61833932,4.61833932,4.61833932,109.638
9,227.40798783463578,6.957242344348937,7.53066271,7.530662830000001,4.63029522,53.855
9,203.2325980987943,4.378311976292002,7.49783198,7.49784157,4.17437004,52.989
4,78.19346878342392,5.182267082829812,4.799859139999999,4.79985914,4.79985914,59.874
13,176.6071942135801,7.034554192560926,4.9165886,6.47827956,6.47826073,138.221
6,110.9988086551004,5.144117868514804,3.89978337,3.89978337,7.29856284,89.902
2,29.353277204589073,5.821847719629276,3.46250654,3.46250607,3.46250559,159.077
12,149.11130027860037,5.474794002559746,5.11268443,5.309850029999999,6.55180384,133.321
4,69.87877406608638,9.12391047259918,4.62331437,4.62331437,4.62331437,169.646
8,160.34471818477712,6.11418508680404,4.10365572,5.45058588,7.16870244,76.598
12,169.48154138386184,7.788807296964213,8.52210874,8.522104709999999,8.522107,134.026
12,145.67928512373533,7.625441873000178,4.94546896,4.94546946,6.8778413,148.286
6,79.34076485628474,8.002759457504668,4.84287833,4.84287091,3.90625613,147.351
3,67.18148853742368,8.813654667341584,4.56304619,4.56304581,4.56304709,80.316
3,63.472811170763386,7.046821307420122,4.47748584,4.47748597,4.47748693,88.707
12,243.04316363810813,7.2779979888386475,4.45477959,7.14232303,7.63866915,88.056
6,78.56406562961836,5.237683545820691,6.667085290000001,6.6670852,6.6670858,131.718
6,79.99118480279364,5.144238266447803,3.83226895,3.83226895,5.44665878,123.796
3,40.26110299066387,5.110313469758269,3.84710071,3.84710071,3.84710071,141.676
12,215.43005507842588,14.471524528146428,5.27752988,5.27753009,8.9312915,212.391
2,45.846808007812534,4.341955044265005,4.01736653,4.017366439999999,4.01736573,85.85
12,142.9734441579756,4.271216885181998,5.72768304,5.727682390000001,5.72768298,133.65
3,57.09061926627651,9.16103888407289,4.10297855,4.10297989,3.91593533,126.409
4,79.5374440961527,10.89973558600027,4.82720278,4.82720278,4.82720278,135.535
4,80.25063493370222,10.531062696113045,4.84158808,4.84158848,4.84158757,93.034
4,68.91705443209393,9.834653354080489,4.09992176,4.09992176,4.09992176,124.541
8,176.5829946823056,10.682257189038019,4.51369334,7.04623405,5.55213175,102.153
6,111.95892376782464,14.210941264005623,5.40992593,5.40992454,5.40992466,162.277
4,68.93905047258248,16.238480815591263,4.1003579,4.1003579,4.1003579,169.488
12,223.7819390303012,13.692608751407558,5.41226486,5.4122649,8.82137559,203.067
2,39.926285926991035,7.977457285150792,3.41784978,3.41784978,3.41784978,106.896
6,105.76360851225768,9.254390060590957,5.30823804,5.30823854,5.30823811,152.291
5,71.69255674971174,9.487898246125733,4.15423783,4.15423783,4.15423783,196.814
6,103.50735765330595,9.680709428604299,4.331052,5.25319584,5.25319584,178.749
12,212.01859464543637,9.117936199515931,5.23064359,5.23063202,8.94817081,167.183
2,42.163334743059124,4.764253677978567,3.90675831,3.9067592699999993,3.90675883,93.243
6,97.18044711174419,4.783357564076639,3.77298504,3.77298504,6.82666712,104.335
2,59.91639571124158,5.838449897723186,4.39224867,4.39224842,4.39224848,57.085
4,79.62081347975574,8.832464516579948,4.82888878,4.82888878,4.82888878,105.817
3,71.35351528760047,9.442610856910555,4.6556118500000006,4.6556124,4.65561187,96.369
10,138.94105381985017,4.346959572724394,3.59058987,3.59058987,12.444239,152.13
2,47.69534054074991,5.844340329729022,4.07064866,4.07064805,4.07064944,78.292
4,86.83003965439656,4.4746889019958465,3.83365494,4.28659803,5.70192882,89.203
3,57.39535700107302,4.19730427700524,4.07548576,4.07548596,3.99013272,85.401
6,115.20707704731078,4.182135049254247,3.9681053699999995,3.9694574699999996,7.87201885,85.55
6,93.44716109175866,8.06382535421447,5.47193779,5.47193762,3.60373789,173.958
10,162.36362875731666,4.742509565417661,3.91619474,3.96013567,10.65076275,120.066
6,123.96173045563151,8.411295785886418,4.25304491,4.25304416,7.91329086,92.683
12,203.6065134378847,5.73127816517408,4.14293255,6.86444139,7.15943257,104.111
16,280.55115035817124,7.808883936214799,5.51644822,6.93853665,7.32967336,126.394
12,216.02224723134668,6.761290843648901,4.23205805,6.89393769,7.40422333,124.598
12,214.3372714599875,6.757562763208635,4.32603968,6.99756996,7.08043516,131.731
6,158.19987662006173,6.85053408006022,4.32142642,4.40181441,8.60107595,59.361
4,103.84485406570023,7.116379744031156,4.70032975,4.70032975,4.70032975,57.293
6,141.2611018799968,9.511817540803063,4.67025776,4.6702577,7.47842709,77.288
7,140.52364452903714,3.575855050867794,6.15336659,6.15336659,6.15336659,55.059
4,77.19762066908538,9.044104722784054,4.779396290000001,4.779395,4.77939551,107.794
12,262.12039634386997,10.204453271098707,4.55762597,7.19839485,7.98962636,108.198
12,147.4523746440345,7.519352306318815,5.11654819,5.310354360000001,5.46152832,137.531
4,69.2351898235049,11.32031313770147,4.60907698,4.60907698,4.60907698,179.127
2,58.45543650037756,6.15026495563695,4.35625508,4.35625508,4.35625508,61.724
2,59.3918014007504,6.0533005245769615,4.10909513,4.10909257,4.06166601,59.171
4,83.76091182129217,10.370007321931194,4.91117806,4.91117368,4.91117513,124.42
6,126.5635736655478,5.495075856151211,4.04422862,4.04422862,7.73815336,86.156
6,125.75091112205615,5.5305876650287225,4.0383387299999995,4.038227390000001,8.22267652,82.596
20,235.49787086691995,5.211419469754011,5.347706,5.717622,7.702009,184.267
10,130.09900553526666,4.716708572337233,3.52196015,3.52196015,12.110846,141.445
6,124.10800913151348,4.411540124257394,4.01804628,4.01804628,7.68723114,92.176
4,105.88020873533299,11.010471318101011,4.73084003,4.73084003,4.73084003,46.531
4,69.45524447023196,7.7769987528501385,6.809538309999999,6.809538309999999,6.80953838,83.732
9,199.69469702031284,9.97121109899513,7.79553712,7.79553695,3.79440607,81.983
4,90.62139641639949,5.713455228093629,5.04175707,5.04175707,5.04175707,66.272
4,107.82601500646184,4.7193833257436255,5.34252034,5.34252034,5.34252034,42.606
12,151.44991702061023,8.572582538909634,6.52448208,6.52448208,6.52447623,190.218
10,125.10776908284076,8.35569463627192,5.64312981,5.6431298100000005,5.6431301,163.844
10,139.321164271667,7.503255665040607,6.84880045,6.848800450000001,6.07064,144.802
2,45.2080528093221,5.6681458593299645,3.56236652,3.56236652,3.56236652,60.055
13,196.3776149730629,7.388836233128884,5.07498388,6.718009000000001,6.71800769,79.823
16,288.7399470469347,6.559178833409465,4.34964261,6.60907061,10.04414344,72.174
6,99.43240388440354,6.9464541758285145,5.24561156,5.24561072,4.17258454,78.306
8,141.60195113136348,5.751668063486288,3.974718,3.974718,8.963066,74.762
12,241.37397717492743,6.245369110900577,4.18564944,4.18564944,15.90867869,76.81
4,68.28282666993653,8.757737088765122,4.58784598,4.58784598,4.58784598,126.817
12,277.8693166899983,6.526354699562857,4.4528191,4.45281856,16.18228806,63.26
4,73.297764573404,8.660209823445488,4.69751933,4.69751933,4.69751933,147.893
6,152.32946956575776,6.5817847572691335,4.27804863,4.278049110000001,8.85563168,78.942
5,96.8337698047759,4.855967287486275,4.1636824,4.1636824,6.44972281,62.946
11,169.98712868703336,10.649349095032226,7.21166973,7.2116697300000006,3.77410289,171.742
5,69.91455163962347,8.243427906174977,5.50867152,5.50867152,5.50867152,110.853
5,75.54488999448584,7.831834183842065,3.8963948199999994,3.89639482,5.6878279,98.953
17,231.0173700835375,5.5210939341453145,6.69507596,6.69507596,6.69507596,157.162
5,71.40033434576206,7.928246195495529,5.41767479,5.41767479,5.41767479,119.518
5,86.45458463703358,9.996510508245466,5.691210710000001,5.69121071,5.69121071,113.282
5,132.30367252730844,5.838333463722108,4.65273735,4.65273735,7.05706723,40.911
5,100.94490787744718,7.118870318406924,4.12588138,4.12588138,6.84731505,64.678
5,76.47230119673507,7.3630236294684925,5.86386847,5.86386847,5.86386847,101.513
5,77.20926518918118,9.37074277577107,5.60886548,5.60886548,5.60886548,85.789
5,75.73859165575317,9.583850396921491,5.47891294,5.47891294,5.47891294,123.67
5,71.63995132945931,8.033774136095076,5.46033491,5.46033491,5.46033491,106.765
5,82.86208062545822,8.858611205686165,5.746422300000001,5.746422300000001,5.7464223,108.371
5,83.70318316228447,12.287501969602872,4.13729889,4.13729889,5.69830206,122.842
5,80.84148671972531,8.860242642506224,5.54219729,5.54219729,5.54219729,133.202
5,89.46239989482817,6.789828631278071,4.05315603,4.05315603,6.28815544,70.369
11,111.15779900589936,8.769334660250982,5.72425598,5.72425598,3.41565163,166.869
4,85.97869745225313,10.17019686554165,4.95414393,4.954143929999999,4.95414393,46.404
4,92.1172560048813,11.798943003067505,5.06934673,5.06934673,5.06934673,38.785
4,96.88679964062237,11.33139313630322,5.15537035,5.15537035,5.15537035,39.074
4,84.12884445054837,11.060573756333234,4.91835615,4.91835615,4.91835615,47.651
4,83.02974004804558,12.980208350206292,4.89684351,4.896843509999999,4.89684351,56.533
4,94.23049929514916,10.091438773543194,5.10781897,5.10781897,5.10781897,42.185
7,91.10711772003137,7.620438640285333,3.61039654,3.61039654,8.07071241,64.282
4,96.17053900811503,11.380093751897475,5.14263478,5.14263478,5.14263478,34.65
4,98.23862336888754,9.690709828950613,5.17923665,5.17923665,5.17923665,34.611
4,101.06868167882315,10.937175542085242,5.22850105,5.228501049999999,5.22850105,33.75
4,98.18140167106628,9.762183008252459,5.17823086,5.178230860000001,5.17823086,36.108
4,75.6981386274291,13.202224426875063,4.74824806,4.74824806,4.74824806,69.855
4,75.82454822713571,11.224314548538134,4.75088965,4.75088965,4.75088965,54.848
4,90.90048336757465,11.26005737692168,5.046927469999999,5.04692747,5.04692747,39.597
4,90.46156171036684,11.368236755247088,5.03879117,5.03879117,5.03879117,44.342
4,100.84402416422775,12.41353266355251,5.22462417,5.224624169999999,5.22462417,37.023
4,98.09389143313832,11.197707131136193,5.17669193,5.17669193,5.17669193,36.324
6,166.2582441465958,7.398595675046735,6.03440143,6.03440143,8.91623629,21.912
4,99.54342647253706,8.093940166701755,5.20206604,5.20206604,5.20206604,30.524
40,551.1761928311502,9.49797550505068,8.94617619,8.946176190000001,8.94617619,85.657
4,83.20018520008102,12.96228619189271,4.900192,4.900192,4.900192,55.635
4,82.5709735412195,14.844134630152828,4.88780796,4.887807960000001,4.88780796,63.365
11,136.91697277402653,6.2368228362486935,5.546755880000001,5.546755880000001,4.7158573,88.802
6,154.64315312500133,9.98171517130749,5.26626817,5.26626817,6.43864199,35.377
4,97.85886344902882,11.290642939599302,5.17255426,5.17255426,5.17255426,39.222
4,99.73041461318887,11.037040978945557,5.20532129,5.20532129,5.20532129,33.659
4,105.52200569218415,11.922911268450633,5.30419333,5.30419333,5.30419333,33.91
4,84.05271256008712,9.506788086843661,4.91687209,4.91687209,4.91687209,37.583
5,104.81670848992476,9.518912184225304,4.71494726,4.71494726,4.71494726,37.775
8,162.59474977837982,9.010911073613961,6.8106362,6.810636200000001,4.0476272,43.833
9,198.10181466317158,10.107490273808619,7.34892175,7.34892175,4.23555737,54.772
5,109.34176038693995,9.809820594366439,4.78184345,4.78184345,4.78184345,38.199
4,112.16825073380882,8.044865081022998,4.82269706,4.82269706,4.82269706,18.16
4,111.46452889253221,8.095655653807794,5.40195001,5.40195001,5.40195001,19.265
10,162.5647031160616,11.1775357035825,6.527036509999999,6.527036509999999,6.5270365,74.904
8,147.80975469230813,7.409554219465238,6.47103419,6.47103419,4.0759149,52.419
3,60.4449002422513,10.680444482275886,5.23053666,5.23053666,5.23053666,51.549
9,177.37533794843014,9.929462668880644,7.0331729,7.0331729,4.14056901,60.397
4,70.99178340502266,11.549057327258506,4.64773147,4.64773147,4.64773147,91.195
8,168.87951257475527,6.7853039440318605,7.009118769999999,7.009118770000001,7.00911877,66.819
12,206.7306014106133,7.001403142599533,8.81730442,8.817304420000001,8.81730508,68.224
8,134.92081232671282,7.032423746376806,5.32071381,5.32071381,6.81770327,63.701
4,73.12355715438669,5.767654007177015,4.1816958,4.1816958,4.1816958,59.791
2,46.35442794328025,8.882644930830226,4.03213819,4.03213819,4.03213819,44.634
8,152.40542932597353,16.64706743562981,4.94202068,5.08862634,6.06031668,87.23
6,79.4906269407923,16.112533265335518,5.40758037,5.40758037,3.13891349,232.651
7,67.17298283407706,5.88111754254376,4.06504051,4.06504051,4.06504051,154.194
10,111.70840717579456,6.892850134224615,6.069444730000001,6.069444730000001,6.06944458,80.342
5,71.18730411198061,11.48979565996231,4.14445583,4.14445583,4.14445583,161.964
8,135.83716242444606,8.983801820226,3.8431974,3.8431974,9.19672535,60.024
3,38.54972155913061,8.488469966615535,3.93998949,3.93998949,3.93998949,64.179
2,48.76434199058208,9.720269328228145,3.65342999,3.65342999,3.65342999,31.809
4,80.34946799102018,10.357769371210352,4.84357469,4.84357469,4.84357469,53.798
4,88.35612870786258,12.904340854514452,4.999392399999999,4.9993924,4.9993924,41.342
6,88.13082961621903,10.962371013572728,4.99513947,4.99513947,4.99513947,93.676
6,62.43693039676114,9.87919282027107,4.92906586,4.92906586,2.96743805,188.619
8,159.3196276027691,9.863450023597188,4.40516725,5.19729545,6.95872181,38.498
6,99.98631803957521,9.96898218885978,5.31891363,5.31891363,5.31891363,66.135
6,84.87559145833498,9.601615079806773,4.9316437,4.9316437,4.0296638,98.016
4,124.38378786205051,8.81829131784357,4.9917703,4.9917703,4.9917703,33.683
4,97.92061115262207,12.493307879257284,5.17364197,5.173641969999999,5.17364197,52.438
4,96.50380670431996,12.758614300637902,5.14856833,5.14856833,5.14856833,52.673
4,81.25818163182527,11.303586932390816,4.86176578,4.86176578,4.86176578,79.277
4,85.29208783573797,9.172107335899812,4.94092105,4.94092105,4.94092105,48.824
16,180.13992012974285,8.481905676273959,4.43272707,6.07057747,6.69435853,83.579
3,59.346963120581286,8.743416414353714,4.13007007,4.13007007,4.01747326,46.483
8,130.23054955624286,9.465642237992656,5.29889523,5.29889523,6.54119527,69.78
7,114.90608665433889,8.390237704739016,4.14378802,4.14378802,6.69187736,66.775
4,68.42923488089879,11.055897128382764,4.59112264,4.59112264,4.59112264,94.214
4,63.394792679768166,11.749776611217461,4.4756508,4.475650800000001,4.4756508,130.602
3,31.724175970794036,9.162952829784581,3.55332651,3.5533265100000007,3.55332651,48.082
4,72.02301972920974,16.968144072734617,4.6701279,4.6701279,4.6701279,159.762
4,71.2952975475726,12.981031527267278,4.6543456,4.654345600000001,4.6543456,134.565
3,69.07209014389373,13.804631395529542,4.85848459,4.85848459,3.37886079,39.227
8,181.84382074954286,14.150629597273673,4.91967536,6.533046360000001,6.53304615,38.477
3,110.31115499035361,6.4254548097068795,4.0825473,4.0825473,7.64234016,4.411
2,50.17348466469323,9.526933568509712,3.6882874,3.6882874,3.6882874,35.186
4,96.06893799669632,8.944816325139735,4.57995274,4.57995274,4.57995274,38.382
4,81.01083400790395,10.32254742628297,4.85682774,4.856827739999999,4.85682774,55.757
9,197.61588592678072,12.221742214010405,7.59009614,7.59009614,3.96092533,60.156
4,81.10546471721499,13.958872258975235,4.85871813,4.85871813,4.85871813,66.646
4,91.73380055801205,12.472769164806682,5.06230291,5.06230291,5.06230291,40.699
2,37.37882896398062,16.22639166360661,3.34355571,3.34355571,3.34355571,98.022
4,73.90274529563351,12.443873666564215,4.71040797,4.71040797,4.71040797,100.492
4,103.64122491905262,6.323720755171731,3.70277399,5.28788913,5.29325714,24.014
8,193.15597082551733,4.228892174036418,6.57729552,6.57729552,5.15564261,28.79
4,88.54994214363708,7.91671660238485,5.0030452,5.0030452,5.0030452,38.38
12,251.43394267396664,7.132221461502541,4.17155643,7.02162081,8.58397433,48.382
4,87.15337673407399,11.40373653287001,4.97660386,4.97660386,4.97660386,42.899
4,94.98096773434094,7.4648495282721825,5.12134299,5.12134299,5.12134299,37.737
4,98.41101718678752,10.2272288275945,5.18226447,5.18226447,5.18226447,35.189
4,67.67510013504747,11.485401869642727,4.57419458,4.57419458,4.57419458,163.841
4,96.85056301805074,9.138799507941588,5.15472755,5.15472755,5.15472755,50.84
4,106.02569511460746,8.490252013389409,5.31261946,5.31261946,5.31261946,42.101
4,103.89729298100276,11.482822952399179,5.27682968,5.27682968,5.27682968,49.525
4,81.27766603562168,10.687023945764873,4.86215434,4.86215434,4.86215434,87.977
4,64.03959172196112,10.608869024065394,4.49077384,4.490773839999999,4.49077384,98.691
6,77.36259681642709,10.013276845693644,4.778505,4.778505,3.91215778,131.006
5,40.917637193230135,9.527029473381816,3.44590671,3.44590671,3.44590671,99.841
3,60.50261503536107,9.701888107849486,4.40652645,4.40652645,4.40652645,71.524
12,123.21594197357248,7.223794752320514,6.415567339999999,6.415567339999999,6.41556734,100.063
3,54.5787493706029,12.142407690940738,4.0800747,4.0800747,3.785792,94.698
4,112.50732470412198,11.728398743786359,4.82755169,4.82755169,4.82755169,39.636
4,86.83954885913029,14.803678262340863,4.97062331,4.97062331,4.97062331,62.462
2,40.1557356772493,11.556362755502906,3.42438455,3.42438455,3.42438455,60.162
4,70.60804610016463,13.707212597803636,4.63934209,4.63934209,4.63934209,104.932
4,66.4217015241381,12.30747428733419,4.04982881,4.04982881,4.04982881,107.848
4,95.61139196918651,9.27040751120037,5.13264877,5.13264877,5.13264877,51.003
4,92.79567453029647,12.740456035853047,5.08176109,5.0817610900000005,5.08176109,68.459
4,85.35487341499194,13.777854806297892,4.94213313,4.942133129999999,4.94213313,91.912
4,90.63510151281162,8.223593651428034,5.04201122,5.04201122,5.04201122,45.614
4,138.1638556742206,7.160249324705397,5.16969373,5.16969373,5.16969373,28.124
4,98.14444999572943,8.96190318705792,5.17758115,5.17758115,5.17758115,54.172
4,95.28035885138063,12.336894180314507,5.12671837,5.12671837,5.12671837,64.929
4,107.45219077425553,8.326010354250522,5.33633916,5.336339159999999,5.33633916,41.352
4,105.29933715083801,11.277349261837177,5.3004598,5.3004598000000005,5.3004598,48.488
4,111.86507912933018,5.381850594006977,5.408412949999999,5.408412949999999,5.40841295,30.717
4,88.62102011386456,9.870699668381516,5.00438347,5.00438347,5.00438347,64.73
4,93.02792398981097,7.939022034066774,5.08599711,5.08599711,5.08599711,43.874
6,108.87703135234209,17.179544230991326,5.35982269,5.35982269,5.35982269,141.375
4,66.73387771706427,18.86857971880608,4.05616351,4.05616351,4.05616351,158.564
2,37.25322286066759,12.300097775606313,3.33980633,3.33980633,3.33980633,81.33
5,69.97491073867987,11.717338656039328,4.12079286,4.12079286,4.12079286,186.655
2,36.590839512501546,12.43946217812654,3.31989329,3.31989329,3.31989329,73.949
2,38.95763376849036,8.742442309376287,3.80512729,3.8051272900000006,3.80512729,62.187
2,56.80584594930588,8.617544714578756,4.31488617,4.31488617,4.31488617,35.232
3,68.6852651591508,11.843464815254162,4.59684146,4.59684146,4.59684146,77.685
4,70.53432779666893,9.97738203563876,4.637726960000001,4.63772696,4.63772696,108.619
4,80.87771677497204,8.258807588134582,5.56130524,5.56130524,3.75773368,55.819
4,101.62118336365505,11.839986100657601,5.23801111,5.2380111099999995,5.23801111,50.682
4,85.63544275670394,10.398118368436323,4.94754229,4.94754229,4.94754229,71.092
4,79.53854690164466,11.048423380036013,4.82722509,4.82722509,4.82722509,90.68
10,257.4818358582423,7.226659903471519,6.8231764,6.8231764,9.89992395,51.516
4,89.89190115196499,8.390597207768776,5.0281920200000005,5.0281920200000005,5.02819202,45.837
4,82.6811344032332,13.77102101666543,4.88998066,4.88998066,4.88998066,70.05
9,187.8889332677073,12.907735378859712,7.40484293,7.40484293,3.95675242,84.825
9,181.47389234524397,10.833638955636781,7.52755195,7.527551949999999,3.69807734,82.861
4,69.78563182836605,11.839392408210127,4.6212593,4.6212593,4.6212593,126.934
12,141.14870573555768,9.834751458247748,5.0225991,5.229405610000001,6.40820541,94.996
4,67.13849811061161,13.754732352430942,4.56207275,4.56207275,4.56207275,171.591
2,54.92334476074607,9.089476758103528,4.26668576,4.26668576,4.26668576,39.676
4,127.53389389665637,11.316712982782725,5.0335595,5.0335595,5.0335595,44.763
2,50.8545536900334,12.323894119506173,3.70490107,3.70490107,3.70490107,32.524
4,75.91259379030775,12.911629304975602,4.752727809999999,4.75272781,4.75272781,82.283
4,95.99013226796811,12.855869356366911,5.13941707,5.13941707,5.13941707,53.312
6,111.97454211537219,9.01219278725007,4.3792411,5.518590639999999,5.51859064,47.078
4,72.50813811542213,10.765383350211053,4.68058982,4.68058982,4.68058982,127.688
2,28.84510888370001,7.530857338546203,2.61436012,2.61435948,4.87316102,85.872
14,197.40064836069772,5.806702669152567,7.0566463,7.0566463,7.0566463,64.706
5,55.7864164105515,14.033632244215847,2.97486797,2.97486888,6.64538098,219.89
14,292.86935833828716,5.50253515780169,7.45409649,7.45411345,7.45411528,72.426
14,152.31785233719518,5.592593906594554,6.44708617,6.44708617,6.44708617,63.223
28,287.1715586932015,5.9327037588470874,3.120578,9.276302,9.920453,105.439
56,752.8819606035358,7.95169056492491,9.92619785,9.926197850000001,9.92619785,130.309
14,145.1475012611333,6.151538844303428,5.898952239999999,5.89895254,5.89895211,168.278
7,146.78240622829355,3.7685066361629196,5.30930751,5.308689969999999,6.42034509,41.892
7,145.3316367283003,3.806125661251643,5.19464193,5.19464193,6.51966344,45.54
7,169.3917408847178,5.104347980458738,5.56161156,5.561343489999999,6.74278722,36.647
7,215.60452397348357,5.508738174188062,6.01373144,6.013731700000001,7.32286157,29.631
5,41.03861436782845,4.022964896817398,3.23932188,3.23932188,4.515999,54.605
14,310.7758613842492,4.523610601146938,7.60304263,7.60304263,7.60304263,67.671
7,168.85369348825145,4.162861208707217,3.9237073,3.9237073,12.66446,32.235
7,168.59418510430834,4.169268887502206,3.92609056,3.92609056,12.83145212,32.329
14,377.1120404410414,3.727881452669108,3.92909256,3.92909256,28.20688711,12.842
7,191.8007857466333,5.288812583162214,5.74329487,5.743294520000001,7.09250194,27.992
7,192.90461035056254,5.258549327948894,5.808761589999999,5.808761589999999,7.04030414,28.627
7,240.8814684999335,5.552410896094475,6.20930516,6.20930563,7.63616275,23.091
10,112.81812788523216,10.989845400195865,3.18197916,6.121014259999999,6.12101339,193.672
11,180.5979308532406,5.202513797179149,5.71483887,5.71482591,6.38512902,26.19
14,155.22823263118318,7.17191598402281,6.0324711,6.03247033,6.03247092,168.078
28,433.45728903153736,5.714603997298983,8.53360343,8.53360343,5.9522532,43.305
14,197.29212493954213,7.626849800679008,5.07502858,6.485482840000001,6.48547394,83.349
14,200.197876442333,7.906493469122975,5.11058265,6.53764552,6.53764735,88.419
4,62.1502842029156,11.639825186410695,4.446170990000001,4.4461695,4.44616896,102.933
11,137.3556649482841,4.746963217209962,5.48085842,5.48085842,4.86343062,103.132
12,136.05494282956732,5.488164786442994,5.497684719999999,5.497684719999999,5.17426101,154.566
4,56.78143869081872,11.444227438926557,4.31426774,4.31426852,4.31426791,112.628
8,113.19167382292798,11.481757919822666,4.40109879,4.53464566,5.67165765,112.113
4,52.70767659777541,12.179114983589617,4.20852221,4.20852221,4.20852221,158.591
4,53.96017888855211,11.984645578147903,4.24159755,4.24159755,4.24159755,142.949
7,152.73465542947358,3.606455243016899,6.396530740000001,6.39653074,6.39653074,41.016
7,171.64367901795075,5.023864684943253,8.05614156,10.445914999999998,6.64974694,34.738
12,150.10323734391915,5.946794270632263,5.74323802,5.74323439,5.27200731,148.381
4,50.93725970833628,12.444228950396063,4.16086404,4.16086404,4.16086404,176.569
4,50.13306733554877,9.685616952429337,4.13885068,4.13885068,4.13885068,161.838
11,123.00536426291386,4.1141952485593025,5.35315955,5.35315955,4.55848978,119.151
4,59.10185656795746,12.199509331809603,4.3722539,4.3722539,4.3722539,128.444
4,56.41296929500016,12.72557676586008,4.30491571,4.30491571,4.30491571,153.945
4,54.401730859263914,10.382419122846862,4.25313569,4.25313569,4.25313569,156.281
4,54.788721247136046,12.996317318377523,4.26319686,4.26319686,4.26319686,174.554
12,148.97455305011917,8.004164521355632,5.74664451,5.74664451,5.299819,132.827
4,57.29850026351595,12.481612657944735,4.32731622,4.327318119999999,4.32731228,145.683
24,310.95820397722895,6.292699770229234,9.99711718,5.75387305,5.40588697,129.688
44,515.3090730713561,4.045358993542577,12.54097291,12.540972909999999,8.48316326,90.488
11,248.21599831169993,4.136047909723332,3.90620049,3.90620049,18.784088,53.459
8,167.37634301601193,4.334460802884234,5.51101202,5.51101202,5.51101202,65.214
4,51.08076789974359,8.29477492316384,4.71084676,4.71084676,4.71084676,101.878
4,50.07417301229509,8.46151712833501,3.68585535,3.68585535,3.68584621,118.899
8,105.634114552066,8.167119445829035,5.37678012,5.37692684,4.2190358,92.401
4,54.55280430434997,11.823891481159418,4.78488413,4.78488413,4.78488413,146.356
40,460.7836200121568,6.464812182697369,8.42764716,8.42764607,8.42764586,131.064
20,233.95507549181636,6.366349509579641,3.36980856,5.83942677,11.88932026,132.434
40,731.0822298364071,4.69122477560704,8.03636072,8.03635766,11.32002924,64.514
4,55.66755775487271,9.027828556884035,4.81976703,4.81976703,4.81976703,111.133
4,55.85889246483799,11.632654621771842,4.78590401,4.78590401,4.78590401,137.109
4,54.071152235731915,9.18643643597931,4.78419744,4.78419744,4.78419744,128.64
8,107.91166368598122,9.206070707595638,5.3552106,5.355209920000001,4.3449491,125.139
8,108.0003838378056,9.142065352547359,3.74953504,3.74953333,8.12660095,135.455
23,208.46291296419952,4.257584663817701,6.46969138,6.469691380000001,6.46969138,179.033
7,110.93678387346209,7.3104455502438475,5.393115760000001,5.39253321,5.39437123,91.897
8,114.47426625382295,8.033347127519953,5.45014074,5.45014074,5.45014217,101.103
26,334.3252296408077,8.354240447484308,7.57292636,7.57292573,7.57292507,105.749
2,31.02829060482284,9.273264970270102,3.14233597,3.14233597,3.14233597,89.933
4,66.00355559055068,9.786931557876512,4.04131259,4.04131259,4.04131259,90.519
5,67.57226876423228,5.658775998321227,4.073079,4.073079,4.073079,81.455
24,558.3442179197793,5.121352403041614,7.69436264,8.02387316,9.26330243,51.454
7,109.98894950450092,16.844850967461177,3.9256593,3.9256593,7.13713388,194.2
2,31.257438117481634,13.93859859586335,3.15005251,3.15005251,3.15005251,114.545
16,266.6037982768653,16.35124865121532,5.65198212,5.63266373,8.83833433,127.051
3,92.35641751256121,4.0493301662993915,3.8085889200000005,3.8085889200000005,7.673834,9.581
16,209.08915854365804,3.349303864949903,5.42734704,6.7741517700000005,6.77415192,70.643
10,93.45393822487324,4.4569833406222745,5.66020175,5.66020198,5.66020142,113.947
4,62.55467720873418,15.077469931313843,2.92405555,2.92405555,7.31625021,154.491
4,89.42935917905643,4.492567445560812,3.95435425,3.95435425,5.71911689,60.274
4,102.70244912968592,5.428394276121053,4.15045226,4.15045226,5.96197231,50.014
8,254.08427953394562,5.6599064605071225,6.35754539,6.35754539,7.72835442,38.904
12,307.26444567242737,2.9467305621314455,6.1171746,6.39404708,7.85571291,6.193
6,154.6968557772791,2.9264509875458704,5.59512277,5.5951229300000005,6.33020594,6.868
6,147.8635663809495,3.06169246042199,3.68538251,3.68538251,10.8866945,6.478
4,46.1393352182882,9.210308328509653,4.02589215,4.02589224,4.02589159,179.248
4,46.03698724073661,8.73638442318484,4.02291291,4.02291291,4.02291291,183.266
2,24.911259518441693,8.59590481461026,2.92055392,2.92055392,2.92055392,116.179
8,147.00182352288184,4.443875011866861,5.26859072,5.2685905,6.47493681,68.717
8,180.39656375297645,5.347893711108965,6.91722971,6.91722971,6.91722971,55.144
8,224.01422402143868,5.7488141017600665,7.41406973,7.41406973,7.41406973,47.476
4,46.03027475397767,9.061821101944933,3.54555656,3.54555656,3.66163231,143.323
12,131.35507358950417,6.080592195350347,3.466268,3.908321,9.696042,90.85
8,157.15960498253588,4.643424531630977,5.39698308,5.39698308,6.60878907,63.497
4,60.1944686100033,14.424517765068195,4.39903274,4.39903274,4.39903274,127.282
4,44.74828789023677,9.141359423883701,3.98501971,3.98501971,3.98501971,155.672
4,54.22149202864342,10.467508912548663,4.24843346,4.24843346,4.24843346,150.032
4,54.96203051028608,15.683991567844828,4.26765474,4.26765475,4.26765472,183.726
6,69.29227525209552,4.956090151627253,3.13289021,4.70294417,4.70294417,94.832
12,136.17758279183533,5.0436900981817905,4.68134707,5.14288616,5.65624053,97.812
4,54.66229759469992,15.78345001667369,4.25991526,4.25991526,4.25991526,216.901
4,53.54299249508103,10.573730480731037,4.23063813,4.23063813,4.23063813,177.634
8,180.3854272450136,5.300386544950739,5.67320071,5.67320074,6.89233046,59.569
16,182.23538225731187,6.052679774101474,5.19331949,5.45279706,6.43529302,161.837
16,197.66829571909307,5.580117986558532,6.44915,5.524102,5.54989909,148.878
10,103.48547013155628,5.970667067955213,5.524563,5.524563,5.52456282,163.128
8,158.9073889766751,4.179818747118717,5.44247752,5.44247687,6.60234836,73.515
78,702.6695041938221,1.898597248104172,12.596225,6.282919,9.26680105,27.358
14,185.6215496171905,6.423869059774308,6.40296504,6.402965039999999,6.40296504,137.377
4,46.27525794900231,8.906568774780016,3.18195338,3.81353308,3.81353308,144.695
2,24.115726498266223,8.545331767697443,2.889128,2.889128,2.889128,146.22
4,49.05286570156885,8.647020300126306,4.10890841,4.10890841,4.10890841,150.684
5,53.42302453099387,7.87949562221242,3.766253,3.766253,3.766253,194.302
3,50.98011463876082,8.008301347914745,4.16202995,4.1620312,4.16203058,96.917
2,23.681474594816258,5.708336623930396,3.22335414,3.2233531300000005,3.22335291,129.269
4,47.39714830566683,5.7042178093277585,3.23735118,3.23735087,5.2220613,128.167
24,470.1431866833324,3.5985714952205226,5.05271944,5.05271944,18.41534157,68.444
20,372.5902700509102,3.374717944897005,5.045906,5.045906,14.633668,66.685
7,103.39960684027074,10.093076872680083,3.89126108,3.89126108,6.82870178,157.545
7,105.19587634116064,16.918632387313288,3.89226233,3.89226233,6.94375693,209.307
10,226.03806426246152,2.8294605923970844,6.01046042,6.01046042,7.49258835,14.996
8,109.53813008920781,5.860639022051644,5.64952744,5.64952784,5.64952804,20.125
4,55.98591203161702,10.192877362159265,3.34912441,4.08859166,4.08859166,140.545
4,61.28312261557067,12.876530842490908,4.42539419,4.42539419,4.42539419,142.517
4,58.39784917023175,10.938038167131566,4.71816149,4.71816149,4.71816149,151.261
8,116.91233672858039,10.927125758940315,5.49817213,5.49817259,4.46573522,149.877
7,109.82372607096652,10.228237955497713,3.95826222,3.95826222,7.00950019,136.71
8,96.16136781352539,4.935602758458965,5.37384868,5.37384863,5.37384907,40.303
4,56.803590526447756,15.229981051242811,3.49456488,4.03172907,4.03172907,174.196
4,59.25289711710895,18.23451786647884,3.89855079,3.89855079,3.89855079,211.734
8,97.61516824963739,6.370365993265148,5.40774924,5.40774895,5.40774784,33.853
2,26.736970234488467,10.45342088742773,2.99022635,2.99022635,2.99022635,171.239
4,54.594399052207905,11.379372613574079,4.64286542,4.64286542,4.64286542,209.272
8,97.87345820191042,4.789637111961713,5.38238047,5.382381030000001,5.38237925,35.559
12,234.56513426060695,4.140241533699005,3.80796266,3.8079610999999995,18.67874373,69.008
8,156.45921381014978,4.1380595303338525,3.80895005,3.80895007,12.45259869,69.067
2,39.09033500526397,4.140649733037892,3.80944239,3.80944352,3.80944241,69.082
10,195.52211033721053,4.139158096359396,15.72505019,15.72505019,15.72504922,68.983
10,195.6381959832359,4.1367020481465095,15.73961645,15.73961645,15.73961559,68.961
12,234.58666029844755,4.139861618678218,18.80589304,18.80589304,18.80589326,69.547
6,117.3283078239485,4.138627451614965,9.60665599,9.60665593,9.60665543,68.882
4,78.24665646193154,4.137157867765395,3.80579612,3.8057968099999995,6.23798163,69.08
20,390.9493544567458,4.140162488024161,3.80731566,3.80731553,31.14240284,68.976
24,272.60319326481704,3.9343618408835157,4.75275201,6.66785586,8.60200284,71.11
6,116.17335827928488,2.308015402950036,5.47697223,5.4769720699999995,5.47697043,70.5
16,391.75922728067167,6.346784766716259,6.22274292,7.73399725,8.14016788,47.732
4,90.88655717226078,5.275375639689845,3.99683864,3.99683795,6.56955405,56.264
2,45.44784772451066,5.274845275271891,4.00567901,4.00567836,4.00567877,56.491
12,145.63870799105072,4.75149614729193,4.91296412,4.91296412,6.51193346,63.922
12,148.02565690797132,4.674877142050278,4.870426,4.923321,6.173222,71.196
8,171.9452913457789,4.700003758504245,5.60696307,5.60696269,6.75519731,66.291
8,151.00927446098547,3.418565577847169,5.37340672,5.373406229999999,6.46451592,84.953
4,51.32983299602602,9.682643548267798,4.17155012,4.17160069,4.17151398,204.49
8,202.41208281187403,5.479487913356355,5.863482830000001,5.863482009999999,7.20082947,53.372
8,105.40274247020523,4.6964844158071175,5.5030823,5.50308263,5.50308203,21.356
16,216.17008236895262,6.518092311822282,5.8542731,6.7374542,5.48058331,131.461
10,117.57007887921044,6.556764830689817,5.659121979999999,5.659121979999999,5.65912176,164.367
10,119.39662933267911,6.456458299075646,5.68761402,5.68761402,5.68761404,143.83
8,180.59078812371607,4.525181831261757,5.647501840000001,5.647500980000001,6.92873023,64.548
8,252.74528782739978,5.619185014272678,6.31235691,6.31235737,7.75612967,40.984
6,171.1774839058159,5.616959272450627,4.32281272,4.32281327,10.57750131,42.833
4,114.25588624185393,5.610196475562865,4.30804018,4.30803886,7.1086741,42.546
2,46.999318928451686,6.4460940914382885,3.239231,3.23923183,5.17222,93.831
1,23.22823265444997,6.5214180638120105,3.2026561299999994,3.20265624,3.20265751,89.974
6,140.66481189111468,6.461360761940204,5.43104158,5.86641357,5.86641357,88.774
5,66.40992363619237,6.632697004502679,3.7179217199999997,3.71792063,5.47658908,150.78
5,76.8254633020632,6.057738036220859,3.79715426,3.79715361,6.15259226,127.405
5,67.73709442819856,6.351331841184491,3.84383598,3.84383594,5.32969452,186.785
5,65.58289133756553,6.850455328525208,3.70263,3.7026300000000005,5.4533615,171.208
5,67.8218598435706,6.482873289719176,3.7500262199999996,3.75002575,5.50372129,179.797
7,115.83864881353911,6.677927731197505,5.35617071,5.35617071,5.35617071,112.537
7,106.88078515323467,7.333149535414417,5.16269906,5.23123927,5.23123927,131.585
3,63.91104807986585,7.543005582351956,3.25291001,3.2529102,6.46308362,97.936
6,123.41044075524847,5.635923976981649,4.89977641,4.89977715,5.93565595,103.887
6,126.0373124373808,5.518459959291338,5.37703301,5.53787462,5.53787464,97.792
10,185.7476796602274,4.709331818313814,5.53999809,5.53993822,7.50252654,107.69
11,134.18524261767695,4.336533583049458,13.87383771,13.87383771,13.87383764,184.048
8,139.1446874236133,5.285292229760903,3.31940396,3.3194036399999995,14.58195783,125.112
8,132.97387850965646,5.580413352850911,3.26224161,3.26224161,14.42791,142.503
3,63.45312383894357,9.929104778845707,3.3003557099999994,3.30035724,6.27553537,119.202
8,124.01467035224232,6.06624124094222,3.42696726,3.4269685200000004,12.19333068,165.501
3,66.85774361743294,7.323383393318917,3.09052699,3.09052805,7.33051821,78.996
6,110.0989171595298,7.2811416341055795,5.24671545,5.24671579,5.24671485,110.323
8,132.75983748024927,6.813145531001555,3.62312023,5.24644082,7.48562116,158.429
10,159.8137622637785,6.183410462797024,3.89316476,5.31129783,8.54222553,167.087
4,68.34400550809853,8.245869251656275,4.58921575,4.58921575,4.58921575,93.62
3,58.00999676550193,7.041590596378514,3.22167195,3.22167232,6.03550924,105.707
4,70.05715018274276,10.339658306269385,4.62724493,4.62724493,4.62724493,162.384
6,134.17049400357496,7.565332201787661,3.934409,3.934409,8.667583,95.97
6,111.28662276879406,7.111274050830671,5.25549518,5.25549495,5.25549498,123.018
21,249.7791327064448,7.109431672045971,9.11994765,9.12007796,3.46767255,215.004
12,180.3501929331992,7.78243695235872,5.00988674,5.00988725,8.29707537,158.937
12,175.28172454576762,7.163296876555518,4.97937507,4.97937507,8.16306619,170.614
6,121.95286536642841,6.867239999494054,5.47267538,5.45633285,5.45633405,107.034
10,179.29254194411897,7.254014266314818,5.46760223,5.46760292,7.42579765,110.808
8,147.27841741119124,6.9740842206744915,3.36336405,3.36336405,15.0335186,118.251
10,174.6736363845605,7.892931831469738,7.2052624,7.2052624,3.36455598,152.951
10,171.2015804168731,8.043701147623398,3.31752734,7.18367423,7.18367423,128.163
6,96.9202031607171,6.731737944915471,5.41300273,5.41300273,3.30778919,174.788
6,109.70680951705867,7.299906315693227,5.23987722,5.272664239999999,5.27266397,117.807
10,174.70161192309402,7.9565378343419075,7.132114,7.132114,3.434475,134.49
10,175.07794939768104,7.416641625968894,3.90834934,3.9083497,13.23469965,138.277
8,133.50008895471112,6.769401597923791,3.63201351,5.24387314,7.50113622,157.834
18,288.4478626872027,6.854541914556153,5.650387060000001,5.65023909,10.432508,153.477
4,69.89043328234733,11.255861866596954,4.6235671400000005,4.62357511,4.62358236,196.255
26,344.71785866753146,3.741825140000668,7.63412318,7.63412318,10.11908817,85.09
3,60.144988960927506,7.975337730503181,3.33268662,3.3326875299999994,5.90569442,123.894
6,119.49474153210993,7.93073618349533,5.39606627,5.393518500000001,5.39606612,126.117
10,145.9819839857145,5.517455667460023,3.61937849,3.61937823,12.86769356,159.854
5,73.05730960970016,5.5124472088559875,3.61980676,3.61980859,6.43816253,157.723
6,136.3855247550782,7.407666905782925,4.13219111,4.13219019,8.50509699,106.569
8,170.55033979045007,6.526898881283973,3.84457582,3.8445744099999994,13.32371423,114.043
5,76.82525859725094,6.255697030595092,3.6506342699999994,3.6506358100000003,6.6563571,148.143
6,116.43640821570517,6.0049791542661834,5.31468005,5.38236929,5.38236937,127.293
8,144.74839822664416,7.1852796698811945,3.37713758,3.37713768,14.65499582,126.349
4,72.17638292144319,8.900548940144882,4.67344035,4.67344035,4.67344035,159.375
8,148.37567362504907,8.92724133471945,3.38071908,3.3807190799999995,14.99041902,115.186
9,142.27023320914972,7.85665842729951,6.4049593,6.40495908,4.00452199,133.221
9,138.64976927890288,6.994599816847344,6.33600025,6.33600102,3.9880271,132.377
11,163.25855894892808,6.511596069992296,3.92810485,6.361605770000001,7.52624214,148.032
4,83.84036747892554,5.954732333202618,4.37674312,4.37674209,4.37674415,100.33
20,404.4148358473911,6.9558628768688315,10.58756438,3.76391103,10.14826188,125.408
8,167.10545833460253,9.353539243466747,5.50805882,5.50805882,5.50799449,117.118
8,158.20780575102467,6.982005953516967,3.24406649,5.60728838,9.08576181,103.802
8,159.65910877970083,6.854301725162578,3.26272192,5.701735080000001,8.95679822,102.072
10,199.2244628042555,6.886690212818978,3.70419811,7.33371839,7.33371839,111.017
12,131.97929322752054,5.967645507180358,5.014592889999999,5.014588450000001,6.33418319,198.421
8,174.791268564328,9.011097480699434,5.59118487,5.59123751,5.59123751,105.27
4,89.13079470804598,7.237709761231335,4.46693116,4.46693116,4.46693116,96.578
10,144.77230377008055,6.920666179607883,5.65025123,5.650245329999999,6.16917585,195.246
14,155.50014733075906,7.041507648369231,5.8674703500000005,5.86747032,5.86747062,200.814
44,1005.6986630821699,7.824277642172373,3.94951552,14.43375542,17.6418736,88.746
8,143.588645060299,6.699842827359444,5.64998866,5.64998406,5.19391355,132.953
8,143.83052803056555,6.688575553953786,6.134914509999999,6.134915330000001,6.13491436,131.559
32,631.15769573289,6.412041787997071,5.37083822,10.84046485,10.84046485,125.1
14,253.14196198987815,9.17509929842271,7.483803,7.483803960000001,7.48380394,144.324
8,179.2855375814495,7.268468497019295,5.63873755,5.63873651,5.63873358,103.006
16,367.77766407839783,7.247072330326481,5.66184193,8.542328089999998,8.54232779,105.452
4,89.54858734263722,8.864790906380954,4.47389973,4.47389973,4.47389973,96.017
4,82.2817062699628,6.843042925982785,5.41570406,5.41570406,5.41570406,94.083
7,138.2547053452533,5.35486845961926,5.43807389,5.43807436,5.39832504,107.665
12,229.18333366822992,6.65735862611204,6.499463,6.499463,5.425354,120.685
11,222.74755281464175,7.878626101615781,3.29032341,7.516888009999999,9.03753858,84.627
16,331.4121201260141,5.381920110413042,5.36587132,8.30376123,8.30407954,101.787
16,361.35343725840124,7.549211661354836,8.49546287,8.49546383,5.78132546,106.734
18,400.7018098764929,7.817054925333718,8.81457275,8.81457166,5.95508814,106.781
18,401.90211148043795,7.692895396380654,8.82772051,8.82772196,5.95514667,104.158
9,229.16787417488916,7.003356062323756,3.88484973,7.923951690000001,7.91904316,68.334
9,181.12826918780615,6.052919137242457,7.92691506,7.92699819,3.32843802,105.44
9,181.03132606526427,6.027833536495942,7.94446977,7.94477041,3.31188091,101.192
9,183.8855135816135,5.959994110194153,7.95176209,7.95176209,3.358073,111.94
29,377.99246360647476,8.359124780766615,8.11584254,8.11585027,8.11590663,173.449
9,174.254109606949,7.2053821831623095,7.50975844,7.50975868,3.56779969,121.804
9,193.45526101298654,7.267796012080542,7.77957168,7.77958071,3.6909458,111.254
9,191.82328635158663,7.430737414323211,7.81437289,7.814373630000001,3.62729083,114.77
9,178.03115915571823,6.955538040474383,7.82657035,7.82657154,3.35600294,109.449
9,198.51504354189663,8.247259979458452,7.85677416,7.85677453,3.71342147,118.611
4,80.06216377505704,8.258592094665099,3.48253366,3.48253366,6.60140956,105.282
3,56.560438826117526,9.011948057516499,3.54334095,3.5433409499999997,5.15479528,108.35
4,78.46877903621083,5.002879295915943,3.37867823,4.26310547,5.70375121,108.913
12,210.63216338655528,4.578385563090938,5.27563406,5.27563177,8.73866071,113.59
8,137.62349961423294,4.154707790154324,3.9950638499999997,3.99506514,9.07266337,102.705
4,68.01523036314742,4.203363150449342,4.08195981,4.08195981,4.08195981,102.592
8,115.40967069571744,4.942617677395282,3.99434216,3.99434308,7.76541317,119.733
4,72.11846293868962,11.792074408494555,4.67101806,4.671018060000001,4.67101806,135.096
4,55.139052274382735,7.109419628122925,4.27226482,4.27226444,4.27226429,162.789
4,59.611581112098946,6.833003566693511,4.38478688,4.38478749,4.38478771,127.356
9,142.48839612263063,6.184663596247595,6.87406186,6.87406165,3.48194567,130.593
4,56.18684354085157,6.962667021846376,4.29915626,4.29915611,4.29915633,151.414
4,66.29961932449213,8.291360584537937,4.5429919,4.54299242,4.54299253,148.827
4,62.45052339953127,8.615494186964066,4.45331785,4.45331785,4.45331785,179.07
4,61.232707629662414,8.687289897692418,4.42418033,4.42418033,4.42418033,188.517
8,164.06433259605546,6.7264165358458365,3.83287042,3.83287167,12.89540899,117.987
2,40.677086622119354,6.7824734473272414,3.86030508,3.86030555,3.86030493,117.397
12,230.51073629055043,6.94634029246405,3.70903081,6.83543113,9.09211259,109.701
9,147.8993607399728,9.000484006249817,6.60138623,6.60138538,3.91891128,186.495
3,56.28868276070178,14.312333184973035,3.5704426999999996,3.5704426999999996,5.08629635,140.699
13,101.0808335510273,3.6298283029795866,5.22871027,5.22871019,5.2287108,233.379
3,30.86676489484029,6.07077523056748,3.1675254,3.16752392,3.55238806,237.763
3,41.04411998361686,4.419906595877928,3.8233687,3.82336801,3.24211235,118.38
6,62.55311959712126,3.617827840030871,4.56700518,4.56700567,3.46302165,126.39
6,87.25878011925897,4.883936402945392,3.73068321,3.73068224,7.23938961,138.583
12,305.05268643932277,9.804885982425386,3.89310867,5.75860323,14.45800379,82.991
24,335.2901410162165,7.214905253650765,5.499527,7.844139949999999,7.85883555,105.128
4,104.05930404649435,5.461591971808213,9.8327388,9.83273895,9.83273871,20.885
8,260.4146875504072,4.220439042676797,6.95081162,6.95081127,6.22391762,5.309
6,134.5306065816041,4.57031169596794,3.61973778,4.11929166,9.02238691,22.365
2,26.169497809034866,6.55057479013036,3.33249812,3.33249961,3.33250012,219.051
4,87.35476549280448,7.7418529233503,3.10284638,3.10284638,9.07331635,79.118
4,84.6158626863414,8.408229441441373,4.38707087,4.39175969,4.39175969,78.411
4,76.3306628302589,12.999824745363242,4.76143665,4.76143665,4.76143665,121.203
4,64.18696278300024,8.556022607010703,4.49421551,4.49421582,4.49421602,113.193
4,70.63753716716411,9.790446219718074,4.64229937,4.64229937,4.64229937,132.25
4,66.94195244883197,10.156576776464806,4.55846171,4.55871638,4.55848051,161.156
4,93.08921409326149,4.519365850974688,3.4450442600000004,3.44487576,9.27395089,18.837
3,66.8529711674694,4.0270940025924125,6.94302223,6.94302212,6.94302221,15.281
8,223.7582228467534,2.932578625985282,6.5357457,6.53576599,6.04863614,4.878
8,238.925695791651,2.7464127687674624,6.32642759,6.32642759,7.0189014,7.86
2,33.00770415236456,7.554051248943856,3.20778392,3.20778392,3.20778392,128.339
4,61.43223432503476,8.860582076865633,4.42898048,4.42898035,4.4289805,153.951
6,60.862293720914415,7.9025580639168576,4.82889376,4.828893279999999,3.01385539,244.042
3,59.23918524909461,10.067019070364113,4.3756376,4.37563773,4.37563775,118.226
12,165.37315845632838,7.275062857768346,3.68277707,6.31827727,7.10707519,199.308
9,158.1522706582867,8.469011790790343,7.11350028,7.1135012699999995,3.60892665,140.779
2,34.412617648510064,7.4682383747077585,3.25266425,3.25266425,3.25266425,105.385
4,65.89096345727738,10.556982971663835,4.53363917,4.53363917,4.53363917,122.147
12,304.9483485737673,6.546528994968172,10.46104166,10.46104166,7.35918738,35.784
6,79.41160942737982,8.55144605792327,4.82465578,4.824656049999999,4.82465908,136.626
8,114.26351881395753,3.9057713336096027,5.57940525,5.57940525,5.57940554,13.999
8,133.8234695049339,3.3348946781301523,5.80861417,5.827441600000001,5.83275803,37.708
12,185.14480856206055,6.560026264309135,3.92391181,6.51216815,7.24547221,145.249
8,125.31827127934046,5.590178800923164,3.701889,3.701889,9.144661,128.949
8,130.92897057028281,6.538643720460943,3.67959,3.67959,9.670232,121.166
6,89.28931905246694,7.547299681675048,5.01693148,5.01693148,5.01693148,147.055
12,165.46892725670813,7.146887748435306,3.74744727,6.304954780000001,7.00323895,195.86
3,59.013903868622954,7.564337013739589,4.37008396,4.37008396,4.37008396,119.495
3,57.38718363959986,7.947743321671876,4.32955542,4.32955542,4.32955542,135.818
8,153.66391390343293,6.956969264584026,3.87319194,3.87319014,10.60299216,113.596
6,106.2125610654116,7.21264120148428,3.98483322,4.12734508,6.75735286,99.541
4,68.71954050539557,7.25869685480392,3.88615139,3.88615132,5.31567364,97.364
6,111.15066724502795,10.694123199655014,4.34231999,4.34232098,6.80671703,124.475
4,55.61811825802854,8.30995660365134,4.28460171,4.28460153,4.28460125,152.161
4,65.9736068893862,9.408124645891625,4.53553381,4.53553381,4.53553381,146.226
6,109.52516578114934,7.171395343798664,3.81134512,3.77433863,7.84855118,108.179
12,125.84737550400367,6.01320587880808,4.87513312,4.87494527,6.31749769,202.683
4,61.0060742365138,9.962351273821719,4.41871535,4.41871535,4.41871535,205.066
6,106.88089083729899,6.088043553635644,3.63868592,3.63868592,8.07255336,118.661
6,127.28344516755743,7.4524980117696416,3.82162883,3.82162883,8.71515093,98.407
6,115.73269142897347,6.96810441186171,3.71896668,3.71896668,8.3678036,103.022
6,143.26613267800047,6.756479708592265,3.76136572,3.76136572,10.12633786,52.592
12,375.28811919263546,5.966838050588872,4.0308857,8.59079661,11.14869593,13.848
2,27.071887181423104,5.657335181175733,3.4171452099999997,3.4171452099999997,3.41714521,112.984
8,104.72069386740127,5.850027692376135,4.575206549999999,4.5763975199999996,5.00147457,119.121
3,27.968043023826805,5.5359062265997485,3.40715867,3.40715867,3.40715867,132.884
3,27.464891966856783,5.637322866889536,3.33071975,3.3307190099999997,3.3307192,131.134
72,777.9392169731128,2.2310944274566054,6.757646,7.005436,16.432932,19.43
4,84.86312508494308,11.420002442115953,4.28169634,4.45196333,4.45196333,101.293
4,86.21855103210264,13.346821510589733,4.41774089,4.41774089,4.41774089,82.284
12,407.6293550748252,5.622172886240345,3.77437288,6.91824678,15.61077985,10.273
12,406.03612424493144,5.644233532174271,3.77350496,6.91435257,15.63080017,10.245
8,319.6958942521572,4.9025997610829695,7.49956697,7.49956697,6.56347802,3.862
6,150.08224688063964,5.136777028157762,3.75514487,4.11848974,9.70430948,19.161
6,132.55079227329028,5.816178273165403,3.75824003,3.75824003,11.05144429,22.311
12,266.26641353424804,8.004022115769258,4.41119042,4.411189490000001,14.03474561,81.529
4,89.68788536236447,8.066422098658506,4.26303057,4.26303204,5.7829072,75.835
3,67.75229310871559,9.877325817743497,4.57593309,4.57593309,4.57593309,106.206
4,77.71336724196422,12.819958681338527,4.79001521,4.79001426,4.79001607,122.347
4,65.17805592282215,8.487243357497842,4.51706422,4.51718281,4.51732753,115.986
4,61.60363891479898,8.718091461394076,4.43309585,4.43309585,4.43309585,140.627
4,74.07691866387297,13.364891738722209,4.71410555,4.71410555,4.71410555,160.728
2,36.50614956080984,12.892755327420858,3.31733,3.31733,3.31733,191.238
8,146.60912146013086,12.841352558319423,3.45859379,4.31054524,9.98486771,186.261
6,102.84722185256697,15.35965052272601,5.25899213,5.25899213,5.25899213,245.659
4,62.08428043691663,17.863338720367782,3.9596842,3.9596842,3.9596842,267.921
12,206.12553384026978,6.480217176142763,5.25801079,5.2580243,8.6089466,157.977
12,205.5654322236752,7.069852944667354,3.86989065,6.77759482,7.83746817,81.216
12,177.6823770993003,6.621724288701696,3.63143121,6.448438509999999,7.58773179,174.291
12,196.00894187388346,5.904727679659976,3.80542529,6.6737417,7.71797363,146.187
9,143.71009522480412,7.561603984211669,6.94004723,6.94004796,3.44533736,197.372
2,24.152443192086327,7.234865939237739,3.24458238,3.2445822400000006,3.24458089,247.481
6,107.66776979319143,4.339474675828074,9.73152996,9.73153004,9.73152956,25.629
6,108.66355584022745,4.299708000605247,9.81787528,9.8178753,9.81787589,24.623
6,58.736649694428294,6.428082691568251,3.13844365,3.1384436500000006,6.88572813,260.513
12,206.27059232845997,6.926606990272993,3.58361505,6.90515025,8.33571449,173.675
4,67.20052233824822,9.39310179906349,4.56347717,4.56347717,4.56347717,203.512
4,66.13570981092839,7.528268783161112,3.26251392,4.03722639,5.27945443,139.087
6,82.5539884048116,8.392238589370594,4.88747193,4.88747319,4.88747288,166.427
8,126.37832950229912,8.681767242703982,4.19378187,4.19378212,8.29717602,145.512
4,63.06029471173521,8.619194993533725,4.4677651,4.4677651,4.4677651,146.647
8,102.4683917478054,8.663531452291224,5.26463149,5.26463049,4.26897308,173.5
3,62.270646404618425,9.570541708801585,4.44903809,4.44903809,4.44903809,99.372
10,78.83576682450179,6.4428845253359714,3.50849118,4.29288545,5.52038354,166.689
12,213.65223998187253,8.446079233821893,4.14918075,6.76339791,7.61342646,133.345
3,57.17134924961916,7.8022698176109895,4.32412004,4.32412122,4.3241207,115.909
3,32.9708827915357,6.205968911279637,3.5992761000000004,3.59927624,3.59927642,235.389
6,67.72436008114629,6.042619622733896,3.60016846,3.60016846,5.22515604,167.345
12,141.66836543979292,5.777331387893351,5.15398784,5.22810872,5.32969616,183.109
12,136.76838738017122,5.984314869866799,5.07466648,5.10110803,5.28340254,194.099
6,86.18566789939453,4.748266819039243,4.01519655,6.052462340000001,4.0152122,169.342
12,143.41075044626993,5.7071390518488805,5.42584038,7.66609213,3.44778885,154.271
12,136.72869386528643,5.98605216790313,3.47490963,10.37387436,3.79293296,213.895
12,178.3490984061042,4.589118204921907,3.9855577700000007,6.92775531,7.05674085,159.745
6,77.21588019371293,5.299849540493241,4.86736566,7.6161962700000005,10.26541188,194.576
30,328.31162211737694,6.232379842726419,8.07932247,8.07932247,5.02963387,188.21
24,283.1363493699907,5.781420126013742,10.21635077,5.21884202,5.31038101,196.653
2,35.17424037465451,13.28714872377397,3.27648544,3.27648544,3.27648544,208.008
12,201.79409958911296,15.525720757530381,5.2087459,5.20874741,8.58838303,264.389
2,37.04536636080114,5.477450430893769,3.7418202400000005,3.74182154,3.74182031,135.366
8,149.704434532782,5.421727380858687,3.70870872,3.70870899,12.56778033,135.334
12,202.1997789609287,5.0316039148027984,3.52562158,6.52591046,8.78827969,126.441
40,604.8695709261594,2.9118389978107913,8.45708273,8.45708273,8.45708273,131.49
12,183.21058301650325,8.0943979442047,3.88284096,6.45151209,7.31373868,208.218
5,76.35837993713908,7.5335228158950205,4.27679077,4.27679077,4.176356,118.685
40,594.0289866900115,7.7470643396923045,5.978924,8.317035,11.945823,111.123
4,76.20550020487994,8.613435588120657,3.37695727,4.3325022,5.47545353,137.302
2,37.93461398612938,8.651612584159356,3.360046,3.360046,3.360046,138.768
3,51.63279669808633,9.77886505750335,3.4510900899999997,3.45109009,4.97486779,145.885
16,256.650667974436,10.623385078965798,5.65168429,5.65168433,9.27798234,170.268
4,64.00917899878803,10.648858957860764,4.00019122,4.00019122,4.00019122,170.19
8,121.50927755126989,4.258778742910769,5.78480064,5.78723487,5.78591764,7.646
4,65.2060517474796,17.22715602436617,4.02496988,4.02496988,4.02496988,221.479
12,209.372971205528,14.708469931014736,5.28464166,5.28464215,8.65682963,252.922
2,35.37550162194545,9.11251019490638,3.28272273,3.28272273,3.28272273,164.388
8,144.76504824272843,8.90711185035224,3.42818299,4.29947311,9.97010182,161.195
8,144.99665632235155,8.892884218329733,4.47044155,5.26584998,6.15940958,155.521
4,60.888936762657835,10.907019580290827,3.93410666,3.93410666,3.93410666,209.808
2,34.709931399737066,9.199433327641817,3.26200472,3.26200472,3.26200472,180.261
5,67.69365555236604,9.970170737542311,4.0755165,4.0755165,4.0755165,258.82
2,36.114131294705835,5.6688668376771885,3.71020059,3.71020059,3.71020059,132.151
4,72.07073374911826,5.681257581773477,3.5877431,3.5877431,5.59907478,116.09
3,71.28910063616529,3.6186651845924325,3.69138227,3.69138283,6.04107701,19.062
8,172.47354770657776,3.608861485094253,3.65162466,5.17848427,9.19788831,18.634
12,187.38845591074283,4.937205526844764,5.722436,5.722436,5.722436,130.347
6,82.36441096716149,5.6163536491403505,3.59664283,3.59664283,6.36714842,170.185
12,285.1896869367409,7.440695142667746,3.84417023,5.58779355,14.13955593,94.274
8,182.35775754478703,7.757679362074769,5.67076192,5.67076192,5.67076192,104.291
24,595.1689652261662,7.4715655225783415,3.93402915,10.05032662,15.05298149,81.547
12,236.86151392765794,8.956842535952255,4.33303262,6.84561222,7.98528182,129.477
3,63.009585413332076,8.276501635896475,4.46656747,4.46656814,4.46656665,136.523
26,203.4240770020732,3.229618553214085,5.23808871,5.238088780000001,9.07948813,225.71
4,67.99838583236725,12.616487111243009,4.58146744,4.581467420000001,4.5814675,188.108
3,80.50391312108401,5.139046410883754,3.81115295,3.8111520699999994,6.39990689,15.882
8,199.41160177503585,5.464371238375301,3.77994874,5.48036738,9.71167102,15.158
8,141.31262232681914,5.607937430673824,3.79273916,5.31712717,7.00730357,141.728
4,70.46834913435114,5.6228956255407505,3.75684459,3.77137714,5.3190716,142.355
6,100.60594006084007,4.865620378189419,3.67325121,3.68348421,7.66026731,126.046
12,131.364623845662,4.634255285015638,5.5585207,5.55852069,5.55852074,202.03
12,122.08193424748966,4.9866280877128935,6.31316328,6.31316328,6.31316328,222.449
9,142.93197140626464,7.680900909822944,6.68679911,6.68679781,3.69115488,191.197
6,102.54707279705542,4.902397785370003,3.55425113,3.55425113,8.11758879,126.096
6,112.51651968520187,5.852194003980281,3.60435103,3.60435103,8.66088215,34.808
6,138.2308127488716,5.932148745770136,3.69120745,3.69120745,10.14537149,32.766
6,137.0028401273694,7.966640709912163,5.73135121,5.61017914,5.61017914,87.588
9,170.9757996823557,11.71722749674311,7.25925493,7.259254200000001,3.74645012,160.406
3,64.3981696962752,8.157346382462514,4.49914048,4.49914057,4.4991409,118.393
4,71.82393909120104,9.77435592097159,4.66582099,4.66582099,4.66582099,142.057
3,64.95274362204512,10.354423464070207,4.51201926,4.51201784,4.51201809,133.908
4,68.4035029965149,10.092477504307324,4.59053988,4.59054637,4.59054277,170.483
6,147.4795664758028,7.600895601775495,4.09707926,4.09707926,8.78583658,81.945
6,58.02228514573999,9.026883211893574,3.12613897,3.12613897,6.85563498,268.949
4,64.75100520408839,12.080432936851784,4.50734192,4.50734192,4.50734192,238.342
2,48.55374258568642,7.483785633539807,3.80775083,3.8077509299999996,3.86683113,94.136
8,198.62695042261478,7.317552838509044,3.81862064,6.99632885,7.43466569,87.502
4,96.56608304576378,7.525743817218863,3.76174154,3.76174188,7.87981508,93.82
3,97.2407636015389,5.915734976832681,4.01125692,4.01248422,6.97783414,13.477
8,248.52349801036513,6.3344945480600385,4.01694208,5.95521052,10.47759706,19.908
12,428.62815701646093,5.650141840530624,4.04862539,7.92425963,13.81874737,11.82
3,58.05648438883308,5.347396875909683,4.72441372,4.72441484,3.00344532,106.1
6,106.43372036631065,6.677888968234078,3.7809887,3.78099018,7.91055556,137.302
6,56.44240269570291,5.3643072702604675,3.09712428,3.09712428,6.79450025,242.634
8,138.5918380838256,3.032296778870456,5.81026309,5.80697966,5.83145347,84.573
6,183.11649292264738,5.889721691357997,3.92488418,6.86860222,6.79255489,14.309
26,205.085210057152,4.766737832125635,9.07371505,9.07371505,9.07371475,232.951
6,98.65182985159862,6.500877246054207,5.18648338,5.18649224,5.18649248,138.858
6,101.33458268097249,7.039905144561688,3.73501711,3.73501587,7.72917127,144.113
12,183.52896952305758,6.2661390114513855,3.51661332,6.6090162,7.89665552,177.538
6,97.96228230689013,5.771781350235338,3.68185515,3.68185515,7.22645824,156.335
6,111.42178715194353,13.678258810272034,5.40125862,5.401259069999999,5.40126043,213.964
2,36.703571091309385,7.086373566623637,3.32329918,3.32329918,3.32329918,106.664
6,99.5534988326499,7.407261829359461,5.20224308,5.20224172,5.20224172,103.307
8,128.23782777194972,7.444349677366118,5.84741273,5.84741344,4.33069904,101.369
4,58.443446653407854,8.06140763948005,4.35595664,4.355957169999999,4.35595747,121.262
4,49.25286157846762,6.225274051274104,3.28125544,3.28125511,5.28227338,177.173
6,75.50565139312506,8.607911317116608,4.74422039,4.744220249999999,4.74421985,162.623
4,61.49359284999002,9.787237895886546,4.43045458,4.43045458,4.43045458,172.759
