material_id,bulk_modulus
mp-10018,23.574
mp-862690,24.648
mp-861724,67.493
mp-862319,42.615
mp-862786,54.864
mp-861883,68.935
mp-867241,56.205
mp-861872,47.445
mp-865951,75.286
mp-866107,77.317
mp-866103,38.111
mp-862849,71.229
mp-11107,101.296
mp-862698,56.494
mp-983586,49.655
mp-864795,45.028
mp-866018,47.092
mp-985554,26.403
mp-985302,25.621
mp-972002,-190687.407
mp-866199,43.963
mp-862890,60.159
mp-862972,66.953
mp-862873,52.065
mp-862617,58.815
mp-867838,74.927
mp-27972,24.348
mp-867338,52.821
mp-861880,93.343
mp-27971,27.477
mp-30273,62.71
mp-864606,163.571
mp-985300,37.45
mp-985278,114.006
mp-867815,58.767
mp-24147,55.135
mp-861605,69.171
mp-862289,46.985
mp-861966,61.312
mp-861867,2.551
mp-862860,66.843
mp-985059,25.05
mp-866286,30.934
mp-984785,34.101
mp-865979,43.051
mp-866225,48.779
mp-861735,39.982
mp-866056,77.703
mp-36526,106.534
mp-867422,65.405
mp-865957,70.36
mp-865927,179.412
mp-865952,59.76
mp-984551,44.138
mp-865028,41.684
mp-979962,36.361
mp-866203,42.483
mp-979950,27.943
mp-124,87.692
mp-8566,88.449
mp-10597,90.122
mp-1103642,47.099
mp-23558,99.447
mp-4691,47.972
mp-1391,78.406
mp-555477,86.697
mp-23485,10.806000000000001
mp-570256,12.21
mp-29816,39.693
mp-9635,52.636
mp-353,68.793
mp-5495,84.084
mp-36216,27.991
mp-1537871,28.202
mp-2025704,9.903
mp-5625,48.044
mp-568936,56.451
mp-2022604,25.252
mp-16913,31.512
mp-1592,52.909
mp-32811,52.857
mp-4431,22.91
mp-34460,42.873
mp-985282,83.095
mp-17862,64.884
mp-985443,79.37
mp-27821,52.412
mp-4198,76.581
mp-985296,105.215
mp-12065,121.006
mp-2273,75.098
mp-5710,41.009
mp-22286,89.855
mp-559847,40.593
mp-37153,25.367
mp-984714,46.738
mp-4483,61.135
mp-863750,121.457
mp-985287,121.49
mp-996980,91.988
mp-996983,63.604
mp-776165,123.896
mp-35909,8.64
mp-996965,88.77
mp-29678,61.742
mp-556094,36.771
mp-27916,55.442
mp-33618,53.367
mp-29656,47.47
mp-23231,38.284
mp-866291,27.578
mp-753176,64.424
mp-22922,40.56
mp-775761,33.661
mp-22993,26.665
mp-7592,58.752
mp-2284,30.338
mp-643431,8.86
mp-861501,117.832
mp-22894,25.5
mp-22919,34.265
mp-22925,25.685
mp-567809,5.005
mp-996960,19.738
mp-552185,32.285
mp-2803876,102.564
mp-8200,63.049
mp-34418,25.022
mp-1025385,200.192
mp-30353,200.369
mp-997006,123.077
mp-1018033,141.419
mp-545999,86.643
mp-33683,58.043
mp-12359,52.694
mp-12360,48.782
mp-134,76.871
mp-10010,187.321
mp-7692,227.31
mp-3805,224.5
mp-17017,122.342
mp-550,91.875
mp-1648,98.031
mp-16719,96.935
mp-11227,92.968
mp-505572,112.279
mp-567929,147.4
mp-1498,-1128047.372
mp-1982,132.661
mp-530274,184.943
mp-2647,104.282
mp-29674,230.449
mp-5928,38.504
mp-3159,31.918
mp-3807,63.038
mp-7909,25.418
mp-867319,199.848
mp-984352,203.003
mp-862695,185.345
mp-998,107.587
mp-985806,96.231
mp-27719,188.445
mp-29111,173.637
mp-862691,179.509
mp-866031,203.229
mp-867330,163.496
mp-7906,37.528
mp-3038,31.433
mp-7910,25.112
mp-866284,233.311
mp-862694,211.649
mp-865989,218.535
mp-18093,225.38
mp-867775,180.486
mp-1143,231.003
mp-1938,231.614
mp-2254,201.586
mp-7048,186.365
mp-32570,197.042
mp-752826,166.16
mp-754401,92.512
mp-754624,187.289
mp-754812,128.947
mp-755066,182.223
mp-755175,189.101
mp-759943,196.991
mp-776475,212.727
mp-776490,228.207
mp-7188,190.012
mp-16522,109.96
mp-862715,180.532
mp-1502,129.675
mp-10910,166.651
mp-1009834,168.314
mp-867125,201.068
mp-867326,200.128
mp-2654,32.575
mp-4753,142.634
mp-4934,176.285
mp-5065,172.073
mp-29502,-0.0
mp-9254,5.745
mp-12524,158.714
mp-4842,84.975
mp-7907,36.886
mp-7908,28.836
mp-867780,106.001
mp-985825,64.012
mp-10886,97.903
mp-983594,61.751
mp-2294,150.642
mp-571247,135.713
mp-622209,112.917
mp-1057,131.24
mp-16514,172.818
mp-16521,202.423
mp-10901,127.891
mp-16523,157.304
mp-10905,150.267
mp-1501,199.949
mp-867347,142.913
mp-2554,122.019
mp-983585,78.655
mp-23426,107.974
mp-1591,159.382
mp-30180,111.709
mp-30336,116.786
mp-3281,159.267
mp-196,124.129
mp-568607,119.966
mp-571053,117.921
mp-1791,131.181
mp-30337,126.403
mp-5798,158.937
mp-570001,105.11
mp-16528,112.677
mp-16529,111.884
mp-16718,107.586
mp-17856,112.097
mp-2733,142.751
mp-16488,107.487
mp-985805,94.159
mp-9631,154.008
mp-5782,62.691
mp-7885,75.663
mp-14091,52.422
mp-14092,42.2
mp-2172,67.291
mp-8881,67.203
mp-7849,23.997
mp-1025306,197.309
mp-1399,92.438
mp-569558,120.192
mp-1018179,127.617
mp-1490,127.118
mp-16613,172.084
mp-944,190.335
mp-7574,211.148
mp-8110,202.44
mp-558137,65.18
mp-559276,74.458
mp-1018132,38.773
mp-551918,126.197
mp-23288,0.983
mp-25469,10.009
mp-284,178.781
mp-10037,232.832
mp-9956,188.491
mp-637575,248.749
mp-10883,199.303
mp-16495,223.142
mp-862781,230.931
mp-2500,112.579
mp-1022721,107.236
mp-12777,138.352
mp-12802,131.586
mp-1008555,138.447
mp-867306,134.721
mp-28020,10.74
mp-3098,178.355
mp-3748,156.0
mp-866296,161.409
mp-12550,194.163
mp-4979,82.165
mp-8016,63.574
mp-8017,49.905
mp-468,39.119
mp-8039,124.366
mp-2658,170.575
mp-672259,230.256
mp-867878,214.474
mp-862288,238.376
mp-2018,171.541
mp-22793,232.51
mp-10884,187.706
mp-861953,193.542
mp-1019508,177.124
mp-1008556,183.528
mp-867904,214.114
mp-23933,27.922
mp-23807,157.945
mp-625054,106.355
mp-625055,91.937
mp-625152,144.446
mp-30930,1.042
mp-754157,181.883
mp-1885,229.406
mp-259,224.498
mp-661,194.62
mp-1700,194.648
mp-1487,157.34
mp-1025044,170.075
mp-672232,177.562
mp-875,236.689
mp-1550,82.769
mp-8880,82.62
mp-3955,30.491
mp-4051,17.002
mp-5724,26.709
mp-5859,58.017
mp-7848,23.763
mp-545974,121.145
mp-1025271,218.902
mp-27462,6.855
mp-829,155.221
mp-7189,149.85
mp-669546,149.807
mp-2824,157.601
mp-605663,160.22
mp-27393,15.439
mp-10904,179.259
mp-16526,203.954
mp-16960,205.051
mp-188,224.023
mp-607111,218.746
mp-10909,244.694
mp-364,194.408
mp-542569,203.483
mp-2624,49.576
mp-1018100,49.329
mp-676861,197.857
mp-862778,230.759
mp-31220,14.548
mp-1018166,224.534
mp-3751,45.26
mp-5606,56.864
mp-557233,40.935
mp-14105,96.438
mp-9579,27.221
mp-1025497,174.748
mp-1387,161.804
mp-569458,218.608
mp-4955,195.177
mp-5778,220.899
mp-1008530,204.053
mp-10899,167.301
mp-862700,270.525
mp-866001,236.108
mp-862705,220.942
mp-866033,184.832
mp-11,31.388
mp-15649,152.046
mp-1581,9.944
mp-555434,91.699
mp-2455,166.406
mp-505368,40.636
mp-20465,110.797
mp-6915,140.541
mp-2513,136.486
mp-15954,134.441
mp-766,150.88
mp-641,5.969
mp-909,7.518
mp-540912,128.27
mp-8182,115.538
mp-11696,134.969
mp-23280,0.557
mp-703470,29.325
mp-23218,3.438
mp-8073,124.288
mp-20257,87.148
mp-2512,151.799
mp-10848,100.205
mp-10849,95.795
mp-22079,157.445
mp-2302,189.638
mp-542570,1.962
mp-81,134.195
mp-1008634,120.075
mp-27253,80.505
mp-947,66.577
mp-570140,7.634
mp-32780,10.267
mp-27725,2.167
mp-2793,9.015
mp-160,210.223
mp-161,333.205
mp-23791,14.465
mp-576,223.146
mp-1008528,146.701
mp-2331,300.149
mp-306,33.164
mp-717,168.858
mp-2850,311.334
mp-1077,283.343
mp-1019509,32.078
mp-569803,320.671
mp-1079348,338.097
mp-13854,300.208
mp-530074,219.382
mp-696746,226.426
mp-1238815,238.023
mp-1228634,291.541
mp-1228631,320.077
mp-31064,14.126
mp-1346,228.689
mp-28395,198.464
mp-758933,204.847
mp-1228652,209.358
mp-1228685,210.762
mp-10044,131.927
mp-984718,132.161
mp-3277,52.254
mp-23225,1.53
mp-23184,0.113
mp-558149,5.472
mp-35082,8.054
mp-23189,0.806
mp-28897,236.227
mp-1890,311.129
mp-999198,308.669
mp-2501,293.327
mp-4472,316.049
mp-984,102.457
mp-1639,373.617
mp-2653,373.485
mp-7991,97.905
mp-13150,94.626
mp-604884,102.403
mp-629015,99.716
mp-4674,16.052
mp-997617,354.637
mp-1479,162.017
mp-1008559,162.161
mp-3589,59.735
mp-7424,173.199
mp-567164,276.584
mp-7832,341.8
mp-1008487,339.625
mp-1113,329.552
mp-56,8.259
mp-122,8.934
mp-13910,55.955
mp-8579,50.57
mp-7882,47.006
mp-31059,43.029
mp-12863,38.836
mp-38394,21.215
mp-6962,63.365
mp-8237,58.202
mp-571350,75.501
mp-568113,73.313
mp-4109,76.622
mp-12073,100.302
mp-5730,47.902
mp-7349,83.444
mp-12927,98.183
mp-571599,59.927
mp-8281,44.501
mp-8279,50.707
mp-8150,35.993
mp-20563,76.172
mp-1029457,94.162
mp-571339,54.127
mp-16052,76.143
mp-505215,66.243
mp-9247,58.575
mp-7374,56.503
mp-4255,67.265
mp-10437,67.478
mp-4883,83.619
mp-27660,41.504
mp-10698,65.958
mp-37741,49.59
mp-8280,45.089
mp-29209,31.668
mp-7876,43.231
mp-8278,51.07
mp-20452,30.681
mp-9567,36.216
mp-7875,49.007
mp-15608,7.36
mp-22412,50.054
mp-19857,82.846
mp-3835,54.991
mp-27897,30.201
mp-4396,27.443
mp-568280,64.021
mp-9473,76.493
mp-28927,104.512
mp-571420,93.31
mp-28895,87.709
mp-11169,96.768
mp-559939,51.839
mp-8236,61.494
mp-8583,81.062
mp-4484,88.019
mp-759541,65.978
mp-9127,87.909
mp-6963,63.981
mp-567771,157.981
mp-27388,62.603
mp-7427,51.414
mp-570198,47.429
mp-7426,55.357
mp-13920,43.515
mp-2768,24.595
mp-861937,36.968
mp-1018098,37.437
mp-6879,73.578
mp-20841,108.746
mp-6739,123.932
mp-8093,14.827
mp-21879,137.231
mp-23085,45.518
mp-552934,39.984
mp-554352,57.176
mp-1022726,30.978
mp-6562,66.455
mp-8790,77.113
mp-752730,64.347
mp-697044,41.59
mp-697038,42.322
mp-754363,109.181
mp-9321,56.786
mp-8094,16.104
mp-6205,104.048
mp-550081,122.823
mp-557713,121.346
mp-605860,16.114
mp-10584,82.233
mp-6270,84.792
mp-643370,38.587
mp-22441,121.859
mp-13811,104.102
mp-18513,35.573
mp-19796,177.267
mp-22719,107.725
mp-6167,124.323
mp-6122,120.71
mp-20098,85.368
mp-984876,103.917
mp-29352,86.049
mp-6779,102.385
mp-1025237,96.473
mp-28978,33.026
mp-862631,31.487
mp-863021,105.611
mp-9711,159.326
mp-17612,71.162
mp-3359,96.443
mp-1079630,140.02
mp-6081,81.257
mp-3397,64.743
mp-9238,-14037319.647
mp-23137,113.974
mp-20674,107.52
mp-7251,133.322
mp-6430,155.406
mp-6492,129.55
mp-6613,137.826
mp-12385,135.914
mp-7739,56.113
mp-9307,53.731
mp-549970,124.748
mp-5900,48.085
mp-8335,105.829
mp-3813,55.272
mp-10669,33.114
mp-9578,35.047
mp-7377,31.429
mp-3857,66.543
mp-1013734,38.422
mp-567666,24.629
mp-1013549,35.813
mp-8306,31.23
mp-1029573,37.747
mp-754128,124.136
mp-556004,38.546
mp-21445,84.511
mp-20352,87.964
mp-22352,201.204
mp-13288,12.858
mp-6474,127.395
mp-9324,32.686
mp-10736,12.544
mp-8868,1.319
mp-8846,160.248
mp-1029640,48.894
mp-1029537,44.581
mp-12814,26.349
mp-754940,39.278
mp-29243,36.771
mp-756235,19.59
mp-6345,118.047
mp-770118,86.219
mp-755895,119.003
mp-9179,59.427
mp-8300,38.918
mp-30892,24.169
mp-1023127,97.683
mp-640551,74.091
mp-643409,103.322
mp-20897,93.404
mp-568809,28.583
mp-570677,29.211
mp-29621,6.865
mp-989542,22.374
mp-557862,45.872
mp-555166,31.441
mp-569114,28.003
mp-1814,52.275
mp-7359,44.723
mp-996979,67.271
mp-996990,82.961
mp-551,42.631
mp-9844,88.056
mp-4202,84.0
mp-1903,50.737
mp-16483,79.367
mp-12549,85.769
mp-13272,43.108
mp-13149,48.725
mp-9744,58.991
mp-8458,68.239
mp-570775,30.79
mp-30363,44.664
mp-30364,80.248
mp-997009,71.713
mp-954,141.127
mp-23201,39.346
mp-23438,109.77
mp-559051,106.167
mp-27456,21.78
mp-1029375,46.455
mp-4559,46.663
mp-5504,51.872
mp-674478,52.012
mp-2506699,49.604
mp-2626703,50.172
mp-556856,26.639
mp-16253,31.094
mp-527,19.668
mp-11266,26.527
mp-30426,30.641
mp-11816,34.647
mp-7899,78.484
mp-30040,33.265
mp-4887,103.462
mp-4900,109.913
mp-5663,111.403
mp-23199,26.245
mp-568662,29.053
mp-6127,84.902
mp-3988,77.551
mp-9898,51.12
mp-31145,38.096
mp-12268,53.979
mp-752398,98.185
mp-997034,76.627
mp-16254,56.726
mp-11700,43.743
mp-9503,36.445
mp-12803,85.459
mp-1029,54.086
mp-22739,56.257
mp-1219,35.919
mp-335,47.617
mp-1008506,48.357
mp-1730,30.305
mp-2611,39.558
mp-22346,74.417
mp-14006,49.629
mp-22151,65.25
mp-23715,30.008
mp-10322,104.52
mp-998552,159.196
mp-11267,23.258
mp-864618,31.615
mp-23260,16.076
mp-568536,21.274
mp-22687,33.333
mp-13545,26.708
mp-40251,141.408
mp-569396,36.665
mp-570771,39.487
mp-27454,27.21
mp-10616,34.083
mp-10250,69.602
mp-23818,37.474
mp-40189,289.195
mp-10615,37.873
mp-13277,39.363
mp-41219,21659772.647
mp-10485,30.026
mp-6504,73.809
mp-1935,21.701
mp-643264,51.372
mp-14568,59.463
mp-754515,33.215
mp-643718,36.372
mp-756018,79.228
mp-9934,35.072
mp-11820,8.587
mp-1019551,82.728
mp-31235,23.376
mp-542264,74.92
mp-867147,20.768
mp-866298,88.541
mp-28150,90.563
mp-505517,183.851
mp-3020,167.842
mp-35143,47.8
mp-2892,97.689
mp-6468,115.481
mp-7486,56.285
mp-11879,46.496
mp-1342,68.281
mp-1008500,67.199
mp-1105,65.16
mp-985439,57.169
mp-21236,79.315
mp-8557,109.369
mp-20136,24.299
mp-19799,45.434
mp-1687,73.421
mp-2606,99.329
mp-12623,53.745
mp-4009,39.963
mp-31498,49.609
mp-747,103.144
mp-811,147.734
mp-7143,118.683
mp-568430,93.554
mp-1016850,134.066
mp-3597,1442373.521
mp-5773,115.604
mp-1500,41.171
mp-239,33.079
mp-3164,51.775
mp-624668,28.581
mp-9768,54.789
mp-6950,27.116
mp-568895,44.396
mp-8606,57.332
mp-1253,35.501
mp-7547,30.263
mp-2499,32.012
mp-1477,31.472
mp-7275,52.121
mp-7655,50.296
mp-7701,51.685
mp-6764,95.182
mp-3031,58.4
mp-7339,57.994
mp-872,28.386
mp-567510,32.687
mp-11269,55.006
mp-30433,60.919
mp-571353,35.93
mp-8290,35.683
mp-11819,30.976
mp-3163,133.913
mp-984699,10.675
mp-984729,79.071
mp-753619,75.036
mp-754678,177.458
mp-4001,48.992
mp-1000,28.286
mp-2150,28.302
mp-5431,43.028
mp-8037,110.875
mp-6661,108.915
mp-3943,123.542
mp-8291,49.076
mp-2998,166.907
mp-5020,94.151
mp-5777,97.867
mp-5933,139.365
mp-5986,107.183
mp-558125,102.538
mp-7073,43.796
mp-30434,25.239
mp-865984,26.909
mp-5611,90.551
mp-3451,64.505
mp-4227,46.423
mp-768240,78.825
mp-3952,113.773
mp-902,20.356
mp-30435,27.55
mp-303,47.618
mp-30427,31.416
mp-3881,57.665
mp-11818,39.873
mp-4236,82.555
mp-510311,29.868
mp-548469,59.92
mp-31147,43.884
mp-31148,34.655
mp-560620,65.107
mp-3104,100.324
mp-3834,148.845
mp-1019544,147.064
mp-540771,69.975
mp-20,125.076
mp-87,120.019
mp-569299,194.761
mp-697136,57.926
mp-1590,179.312
mp-568912,134.036
mp-12666,125.309
mp-571438,129.504
mp-568827,144.936
mp-30441,140.051
mp-30443,151.947
mp-569364,136.579
mp-30444,133.551
mp-603,125.633
mp-1432,144.862
mp-1569,200.504
mp-867274,219.36
mp-867271,194.115
mp-867270,207.943
mp-30438,182.568
mp-2031,135.017
mp-867273,210.143
mp-865869,173.915
mp-865308,171.518
mp-865147,182.617
mp-2225,154.342
mp-865003,214.003
mp-867280,238.159
mp-1677,197.598
mp-2028,156.483
mp-11272,166.723
mp-865229,231.437
mp-866224,197.731
mp-864895,194.531
mp-864961,194.226
mp-866115,193.549
mp-862600,216.114
mp-11275,241.539
mp-866024,183.765
mp-867307,193.573
mp-865021,219.105
mp-11281,158.028
mp-11282,217.897
mp-6030,170.348
mp-983590,151.52
mp-862714,189.038
mp-18337,214.318
mp-11273,153.691
mp-865168,153.479
mp-567841,91.876
mp-865562,180.438
mp-977552,175.35
mp-27757,138.194
mp-27608,182.13
mp-1220,138.173
mp-1025010,146.818
mp-650,142.084
mp-3081,214.562
mp-4262,140.226
mp-865966,237.931
mp-862287,199.23
mp-30365,148.197
mp-12761,137.288
mp-30139,2.676
mp-15703,314.973
mp-1189451,310.237
mp-23267,3.319
mp-2773,196.762
mp-862706,201.076
mp-865901,226.523
mp-867837,254.421
mp-2323,142.088
mp-15951,21.345
mp-561543,8.258
mp-862669,219.307
mp-867840,206.038
mp-984721,189.356
mp-867116,238.142
mp-862291,200.601
mp-1009088,68.992
mp-1019550,189.429
mp-1013527,83.09
mp-862713,227.447
mp-23996,39.315
mp-570886,1.9580000000000002
mp-867828,227.135
mp-1033,182.847
mp-1778,207.897
mp-2542,208.037
mp-7599,195.52
mp-27148,89.366
mp-760410,31.26
mp-11274,173.217
mp-13452,166.194
mp-13453,158.862
mp-11276,207.982
mp-862622,270.586
mp-422,92.273
mp-5046,37.858
mp-1541,74.87
mp-1009087,76.364
mp-865904,268.28
mp-7913,220.956
mp-865792,196.801
mp-867107,286.259
mp-867835,247.221
mp-252,56.315
mp-3733,24.832
mp-866288,44.835
mp-867304,212.177
mp-867275,276.013
mp-867874,241.663
mp-550433,163.901
mp-23152,27.767
mp-23157,43.62
mp-567597,46.757
mp-23349,51.828
mp-556548,87.617
mp-618309,124.209
mp-760411,99.855
mp-23195,20.242
mp-23262,53.426
mp-1017552,118.12
mp-1105780,33.361
mp-570930,17.34
mp-568746,55.534
mp-570197,52.094
mp-1103697,50.704
mp-29259,51.718
mp-559264,36.71
mp-22864,82.069
mp-569581,35.201
mp-23341,179.413
mp-23217,82.795
mp-23445,178.102
mp-22856,21.948
mp-27891,43.238
mp-23164,16.965
mp-541837,10.752
mp-552098,77.867
mp-29666,12.946
mp-34202,14.402
mp-866311,59.352
mp-570113,100.689
mp-997082,59.145
mp-2913080,3.5300000000000002
mp-23072,18.132
mp-22908,4.002
mp-22939,26.218
mp-23237,54.467
mp-27743,13.737
mp-568388,3.863
mp-22849,2.668
mp-569157,3.613
mp-22987,16.924
mp-557993,51.48
mp-2019999,709112.83
mp-753360,44.218
mp-753594,113.68
mp-1524357,71.431
mp-23084,43.224
mp-1008488,89.644
mp-30461,83.365
mp-1064554,111.998
mp-573119,173.331
mp-971673,23.495
mp-23514,7.175
mp-23224,23.047
mp-29011,74.017
mp-29638,86.263
mp-23154,4.11
mp-28460,5.004
mp-864928,1.808
mp-23297,6.798
mp-48,115.976
mp-169,115.697
mp-568286,118.035
mp-568806,112.835
mp-569416,95.263
mp-937760,118.816
mp-2516584,113.32
mp-1167,4.638
mp-20066,4.63
mp-556034,3.848
mp-644607,4.674
mp-21,15.845
mp-45,17.224
mp-132,17.349
mp-166,16.881
mp-7878,64.213
mp-10877,81.186
mp-9690,58.788
mp-3862,59.086
mp-7704,60.78
mp-30175,62.198
mp-5166,88.276
mp-10289,135.308
mp-1181812,15.864
mp-1190619,19.985
mp-8431,151.502
mp-31209,71.325
mp-11918,112.136
mp-7067,49.416
mp-9570,57.023
mp-7430,39.354
mp-768870,22.378
mp-569298,93.548
mp-4259,73.576
mp-3210,91.812
mp-28006,78.254
mp-4441,79.246
mp-7422,90.672
mp-5486,97.787
mp-568974,63.562
mp-1068300,56.912
mp-5597,93.804
mp-16259,116.99
mp-16260,85.58
mp-19791,103.004
mp-23879,35.543
mp-675701,41.864
mp-1029479,91.659
mp-677072,22.877
mp-9564,50.032
mp-29208,34.698
mp-9565,39.782
mp-10878,32.632
mp-5498,63.206
mp-19824,80.263
mp-6953,87.284
mp-4150,43.915
mp-3142,3.748
mp-4744,84.598
mp-2949,80.39
mp-4064,105.433
mp-6926,110.532
mp-5157,102.347
mp-9125,98.203
mp-7364,93.089
mp-5292,115.307
mp-567769,103.239
mp-9571,57.237
mp-13911,57.614
mp-1029258,122.599
mp-9569,66.211
mp-7429,43.544
mp-12137,69.984
mp-983566,43.252
mp-864991,37.203
mp-867751,39.951
mp-559691,101.962
mp-23915,118.621
mp-10106,37.761
mp-29175,59.67
mp-8895,156.278
mp-569535,31.265
mp-867799,42.058
mp-865167,32.385
mp-569267,28.687
mp-861940,34.346
mp-1029532,74.548
mp-1400520,71.914
mp-12614,24.15
mp-5869,112.399
mp-28770,77.679
mp-30472,53.652
mp-1009755,34.833
mp-29809,77.721
mp-1018656,41.258
mp-1079896,56.915
mp-28553,50.374
mp-510086,44.387
mp-1129406,79.469
mp-867350,30.387
mp-6094,86.507
mp-861645,28.633
mp-2686,33.874
mp-22936,57.888
mp-33588,67.777
mp-1029832,81.221
mp-2923,157.29
mp-1009756,28.076
mp-863744,51.164
mp-9925,34.964
mp-2517,36.705
mp-1009733,36.951
mp-541431,71.587
mp-30312,96.593
mp-4180,96.958
mp-4481,89.257
mp-2379939,87.228
mp-2719342,99.117
mp-22735,29.28
mp-1386610,107.769
mp-866229,36.778
mp-866818,42.206
mp-867849,32.155
mp-17892,93.415
mp-8818,81.76
mp-867854,48.691
mp-10670,45.848
mp-9577,49.839
mp-11285,59.548
mp-11176,131.909
mp-646824,49.399
mp-6008,153.627
mp-1029921,112.618
mp-11430,62.159
mp-10876,70.706
mp-29596,93.704
mp-18300,37.606
mp-27294,34.272
mp-28069,37.483
mp-4192,59.9
mp-7223,60.583
mp-12699,51.992
mp-30315,80.701
mp-1013558,37.265
mp-18167,28.128
mp-755287,109.381
mp-1029610,79.531
mp-8670,85.654
mp-1029659,71.871
mp-1029943,79.585
mp-11822,55.627
mp-9721,58.534
mp-11288,30.44
mp-20581,24.386
mp-14763,88.138
mp-844,67.434
mp-1047,70.981
mp-568172,68.719
mp-568293,72.375
mp-8308,102.596
mp-29342,40.064
mp-11824,63.211
mp-3258,148.022
mp-1013548,57.655
mp-1013550,38.669
mp-541025,40.697
mp-11649,58.542
mp-37657,95.423
mp-1374018,128.105
mp-29241,54.846
mp-4163,129.623
mp-30482,21.746
mp-984744,23.597
mp-9029,87.062
mp-1029782,108.798
mp-30485,22.439
mp-697126,75.603
mp-8789,56.917
mp-551873,44.568
mp-5251,66.517
mp-1029730,88.682
mp-644264,57.274
mp-5380,61.778
mp-13660,49.159
mp-568469,90.623
mp-1029737,88.844
mp-1029660,86.996
mp-8439,39.186
mp-569383,66.312
mp-649479,35.751
mp-866314,125.918
mp-571264,41.626
mp-27145,32.168
mp-1039385,18.063
mp-6473,83.004
mp-12467,36.153
mp-793,40.597
mp-2786,27.439
mp-542496,64.172
mp-989399,42.035
mp-16916,77.543
mp-17875,71.121
mp-1019564,41.392
mp-989404,40.468
mp-17577,78.322
mp-989590,45.559
mp-1029474,79.323
mp-983567,22.937
mp-985450,37.832
mp-864962,38.641
mp-538,34.318
mp-13270,48.592
mp-5615,60.562
mp-997004,97.491
mp-997005,97.227
mp-997030,112.571
mp-12277,67.623
mp-2404,55.931
mp-758658,84.622
mp-2963,81.122
mp-14600,78.458
mp-558636,152.027
mp-559390,75.432
mp-707746,57.584
mp-1019573,126.05
mp-1019584,125.948
mp-1749,56.287
mp-4867,113.819
mp-11350,87.08
mp-568424,66.363
mp-571039,62.104
mp-3173,56.962
mp-567191,55.59
mp-570150,56.461
mp-568177,54.38
mp-888,46.134
mp-3927,60.978
mp-12723,47.167
mp-443,65.801
mp-568920,98.377
mp-865,146.893
mp-6772,84.663
mp-866006,45.159
mp-1041411,85.547
mp-568398,53.944
mp-1018657,49.307
mp-22888,19.942
mp-571166,25.73
mp-917,57.644
mp-1575,58.177
mp-2482,56.56
mp-642822,58.929
mp-2382752,57.491
mp-4124,69.862
mp-3953,75.231
mp-4626,71.259
mp-553939,72.622
mp-2717324,75.372
mp-1073,31.367
mp-1078,39.906
mp-1444,35.875
mp-760403,120.187
mp-569628,53.32
mp-866104,38.807
mp-866279,75.884
mp-568695,42.528
mp-22904,31.987
mp-23214,16.828
mp-7466,77.591
mp-1882,90.279
mp-4120,64.433
mp-22941,44.943
mp-12266,74.693
mp-4826,120.874
mp-8432,73.255
mp-5910,52.044
mp-866228,51.03
mp-2741,80.16
mp-6914,37.038
mp-992,37.61
mp-11284,46.436
mp-11431,90.845
mp-1976,51.077
mp-7263,79.362
mp-31152,81.877
mp-2360,48.071
mp-1024,7.822
mp-567456,49.42
mp-3707,121.058
mp-554678,117.103
mp-7801,110.837
mp-31153,89.711
mp-23713,46.806
mp-24422,14.185
mp-1029359,167.939
mp-11286,36.327
mp-11287,38.37
mp-7041,66.621
mp-30031,3.823
mp-20263,34.02
mp-19968,45.357
mp-22717,59.191
mp-21027,66.9
mp-570769,83.946
mp-620571,60.927
mp-570689,72.999
mp-570436,720887.837
mp-4243,154.842
mp-862795,44.205
mp-866000,40.129
mp-862846,44.947
mp-861643,29.61
mp-862962,42.467
mp-6459,88.959
mp-6766,102.013
mp-562517,76.691
mp-2432,30.093
mp-5795,101.805
mp-1039383,29.005
mp-1023329,38.262
mp-15641,46.805
mp-867144,40.504
mp-13434,438990.187
mp-861738,36.51
mp-5473,50.491
mp-6493,100.479
mp-4864,40.739
mp-867266,33.477
mp-20235,42.796
mp-21096,42.158
mp-989635,106.478
mp-1009657,82.688
mp-676,46.695
mp-867224,41.739
mp-866227,82.434
mp-866220,44.441
mp-8307,132.728
mp-774,115.071
mp-13512,74.289
mp-28645,107.264
mp-2605,105.841
mp-634859,58.943
mp-1345,52.775
mp-10677,69.582
mp-24390,72.678
mp-28339,95.286
mp-20034,34.167
mp-20549,38.108
mp-20463,51.78
mp-213,55.058
mp-833,93.613
mp-3315,161.478
mp-11826,115.09
mp-8161,75.302
mp-7922,21.718
mp-672254,57.601
mp-862882,66.309
mp-862881,42.236
mp-862883,48.969
mp-862884,67.273
mp-862886,87.525
mp-862885,83.697
mp-862888,44.865
mp-867257,40.978
mp-867217,47.326
mp-866015,43.686
mp-842,132.905
mp-30481,167.886
mp-8255,19.548000000000002
mp-4784,147.319
mp-571262,118.844
mp-1672,56.852
mp-4406,64.243
mp-7493,34.216
mp-16245,52.219
mp-1445082,7.511
mp-8487,81.669
mp-4056,144.156
mp-1415,47.761
mp-1563,53.572
mp-862,58.747
mp-2699,62.216
mp-2700,61.714
mp-8372,60.404
mp-12892,53.843
mp-1069604,103.918
mp-1029506,112.846
mp-10797,78.964
mp-4428,76.748
mp-4429,92.549
mp-5733,92.34
mp-8842,65.66
mp-4478,82.686
mp-8982,61.333
mp-8983,102.152
mp-864620,42.683
mp-866014,49.261
mp-866061,45.189
mp-2450,37.561
mp-14398,111.164
mp-11957,75.338
mp-2654140,122.592
mp-11958,58.694
mp-11959,66.913
mp-11290,44.225
mp-8224,56.223
mp-1019087,38.053
mp-1029633,95.413
mp-4438,143.373
mp-30437,66.403
mp-861935,116.199
mp-38843,203.358
mp-1519,37.042
mp-569170,36.971
mp-29015,9.879
mp-1345518,155.411
mp-22592,202.999
mp-27315,58.073
mp-3442,171.657
mp-4019,172.274
mp-5827,176.478
mp-754701,135.519
mp-6109,115.567
mp-984791,45.017
mp-3960,137.995
mp-866223,52.306
mp-1023319,34.78
mp-1023366,33.841
mp-865002,89.209
mp-30483,32.099
mp-1039147,32.75
mp-6693,97.63
mp-672227,71.135
mp-1725,44.942
mp-13364,46.953
mp-1039262,41.447
mp-1734,59.683
mp-5104,69.912
mp-16263,49.099
mp-7204,70.349
mp-16266,54.426
mp-31160,46.54
mp-1025456,56.574
mp-1029267,159.589
mp-4571,149.043
mp-861662,120.366
mp-7781,68.832
mp-7079,139.562
mp-94,41.91
mp-1025377,10.114
mp-555064,45.668
mp-772099,127.189
mp-4452,36.683
mp-3772,31.353
mp-13949,25.359
mp-2051619,57.133
mp-559200,63.647
mp-22304,23.569
mp-568032,27.708
mp-568661,24.544
mp-21374,20.89
mp-27198,24.793
mp-8212,192.406
mp-8922,107.992
mp-31170,82.477
mp-861878,104.19
mp-27577,36.257
mp-3917,99.731
mp-11299,37.856
mp-865926,123.024
mp-865929,136.955
mp-12661,36.705
mp-5151,33.377
mp-18163,28.173
mp-30371,73.514
mp-2642,73.469
mp-983602,91.245
mp-996964,111.634
mp-867260,115.666
mp-542065,58.715
mp-471,36.727
mp-1025311,183.707
mp-1404,89.162
mp-2757,90.157
mp-16886,93.631
mp-1264,113.161
mp-997037,113.831
mp-755478,100.02
mp-561079,31.738
mp-27934,7.509
mp-10969,83.537
mp-4385,89.565
mp-22881,8.647
mp-695850,7.855
mp-16775,100.935
mp-13982,68.712
mp-10967,50.594
mp-754978,75.269
mp-16565,49.675
mp-9075,84.837
mp-241,95.332
mp-861909,160.28
mp-4953,52.238
mp-8275,147.362
mp-3668,65.34
mp-30488,30.017
mp-2695851,77.064
mp-567259,9.621
mp-568233,8.158
mp-570437,6.7940000000000005
mp-675464,132.026
mp-862374,115.643
mp-977367,144.382
mp-1017554,182.751
mp-1132,127.369
mp-13119,91.875
mp-2310,105.752
mp-402,54.996
mp-7904,55.424
mp-1025187,197.567
mp-9330,11.099
mp-1696,111.855
mp-865985,135.78
mp-1194,139.891
mp-866022,189.833
mp-672,53.116
mp-2469,53.24
mp-8459,62.326
mp-1321,39.053
mp-16246,69.142
mp-1070,44.379
mp-2691,44.641
mp-761036,52.257
mp-3078,58.932
mp-4666,74.415
mp-3829,47.195
mp-13907,12.236
mp-5213,57.007
mp-10063,36.646
mp-406,35.041
mp-12779,34.727
mp-28,39.338
mp-64,44.169
mp-20372,34.679
mp-3286,72.027
mp-20908,163.414
mp-20933,121.349
mp-5820,140.722
mp-3437,137.291
mp-5452,113.036
mp-6957,129.529
mp-16272,168.858
mp-3035,142.193
mp-20400,122.45
mp-5577,129.851
mp-2965,123.478
mp-3325,87.924
mp-569697,140.681
mp-10069,-130074.213
mp-27861,177.68
mp-5605,90.121
mp-5173,112.156
mp-569496,94.876
mp-4433,166.749
mp-4767,168.404
mp-3826,124.834
mp-4090,143.283
mp-20181,115.855
mp-985438,77.089
mp-11964,80.182
mp-541196,176.981
mp-5662,151.877
mp-20959,62.668
mp-22810,53.011
mp-22511,64.09
mp-505296,68.732
mp-13263,136.107
mp-2721,120.983
mp-21443,77.426
mp-1025285,114.211
mp-20356,78.176
mp-36699,-34614.003
mp-542458,76.111
mp-977439,35.63
mp-867221,171.176
mp-2413,43.376
mp-10036,64.659
mp-19920,43.072
mp-570018,47.518
mp-20735,38.321
mp-22422,40.96
mp-984772,34.023
mp-31017,144.347
mp-542327,-5009419.169
mp-570175,-0.0
mp-11841,39.055
mp-20384,77.05
mp-20439,55.79
mp-2088,74.275
mp-567305,65.0
mp-20338,114.955
mp-4785,108.295
mp-1025102,130.404
mp-13504,88.552
mp-30750,89.025
mp-4817,96.912
mp-865968,68.397
mp-11351,87.249
mp-3408,182.218
mp-4096,185.363
mp-5323,191.964
mp-21158,80.506
mp-9400,82.941
mp-2748,62.335
mp-5908,80.376
mp-11593,243.781
mp-5757,205.713
mp-1974,-391264.248
mp-21343,172.63
mp-22435,174.986
mp-510376,190.777
mp-457,-29481.903
mp-23285,38.203
mp-1025437,95.872
mp-861888,114.419
mp-2839,95.24
mp-20288,97.581
mp-866189,47.338
mp-31173,53.25
mp-2863,41.295
mp-10316,70.396
mp-866185,74.979
mp-12006,121.691
mp-4454,321.221
mp-20753,171.563
mp-20766,81.668
mp-5766,51.385
mp-22740,84.581
mp-22683,32.511
mp-984702,51.683
mp-204,74.162
mp-20245,82.529
mp-3494,101.993
mp-711,136586225.151
mp-1071448,87.707
mp-1025144,66.669
mp-13121,95.273
mp-505282,109.376
mp-505569,-182.273
mp-1008376,41.701
mp-24011,94.096
mp-30506,64.176
mp-582,195.743
mp-30507,231.621
mp-1798,45.536
mp-13435,-8600646309.996
mp-19934,79.546
mp-13254,51.635
mp-21399,76.858
mp-5951,155.95
mp-505331,81.905
mp-2493,143.06
mp-21188,71.273
mp-1654,-0.0
mp-580354,-5466021.578
mp-1910,146.347
mp-19741,129.653
mp-10688,148.033
mp-20194,170.992
mp-2098,192.391
mp-2154,69.44
mp-7003,110.052
mp-21372,119.689
mp-20225,50.804
mp-1025415,143.898
mp-542777,444.605
mp-951,144.079
mp-1518,171.204
mp-607,219.851
mp-1096,87.161
mp-4973,84.351
mp-387,54.99
mp-777413,160.352
mp-2563,93.807
mp-21115,69.426
mp-1898,89.084
mp-13475,195.504
mp-571044,164.527
mp-30043,185.912
mp-604496,84.663
mp-10523,148.899
mp-505005,93.891
mp-754040,141.282
mp-1911,58.694
mp-21490,77.982
mp-753823,184.155
mp-867361,83.944
mp-985551,31.059
mp-986,35.292
mp-1385,49.695
mp-867186,58.884
mp-7247,88.31
mp-13118,99.644
mp-22620,67.523
mp-54,-1127.579
mp-102,200.587
mp-7573,335.374
mp-27768,331.967
mp-1025318,95.313
mp-1079254,183.184
mp-10055,312.139
mp-19955,157.602
mp-1667,208.679
mp-542316,-11789.582
mp-1025190,100.763
mp-13446,229.015
mp-22204,223.42
mp-19905,212.261
mp-19807,101.711
mp-20373,241.093
mp-1025425,215.784
mp-22166,298.478
mp-1008349,258.138
mp-865193,211.803
mp-943,147.145
mp-11800,91.783
mp-20456,98.035
mp-20679,198.668
mp-1192636,-8827136.513
mp-567747,317.793
mp-1513,291378.268
mp-583,195.215
mp-15679,161.139
mp-2715,121.796
mp-1018672,124.542
mp-452,108.351
mp-22546,195.109
mp-4627,135.022
mp-16363,123.363
mp-553946,142.377
mp-20857,308.915
mp-21347,299.575
mp-22759,325.769
mp-30033,36.206
mp-23240,-18.587
mp-696114,-123.405
mp-6498,72.689
mp-11770,68.316
mp-11771,-1124785.268
mp-10692,54245.001
mp-21237,156.743
mp-30045,122.975
mp-569610,2.998
mp-22262,244.767
mp-1025557,212.426
mp-22270,-513436.447
mp-14285,164.337
mp-1944,143.928
mp-949,218.25
mp-922,227.99
mp-865960,352.906
mp-21464,352.135
mp-2070,127.327
mp-2644,148.223
mp-755,98.829
mp-9835,99.768
mp-1317,84.037
mp-4962,113.942
mp-5881,118.332
mp-20862,109.411
mp-22309,99.992
mp-1390196,30.307
mp-7577,226.984
mp-2379,173.636
mp-20536,125.544
mp-20155,103.565
mp-1018085,185.482
mp-865733,287.788
mp-788,113.699
mp-9945,74.058
mp-90,233.652
mp-568349,64.817
mp-723,-1945444.894
mp-20552,155.123
mp-15809,292.013
mp-12054,298.232
mp-21299,-2565610.522
mp-22803,94.549
mp-21019,338324.74
mp-5749,52.11
mp-20197,183.799
mp-10371,162.519
mp-19821,202.882
mp-5602,67.353
mp-1226352,307.831
mp-27512,123.11
mp-1025151,63.633
mp-2832,55.481
mp-2750,42.043
mp-889,300.71
mp-20937,319.679
mp-570112,309.637
mp-3000,295.563
mp-20685,229.213
mp-1014303,162.71
mp-10373,1860.568
mp-1272,265.536
mp-27840,59.625
mp-729,246.829
mp-570122,29.287
mp-15617,290.926
mp-7506,224.113
mp-4182,77.616
mp-3532,62.714
mp-568565,97.069
mp-260,295.159
mp-1080664,304.935
mp-374,259.702
mp-1226242,301.097
mp-27710,282.538
mp-1078278,274.936
mp-27734,6.419
mp-1018050,336.54
mp-27630,10.055
mp-567504,8.799
mp-1008224,222.218
mp-10394,183.828
mp-5862,92.238
mp-568587,79.768
mp-1018068,227.075
mp-1018067,178.768
mp-1012640,191.177
mp-21495,238.171
mp-567981,199.836
mp-30570,204.598
mp-20861,157.411
mp-541449,12.438
mp-12083,307.958
mp-2132,127.896
mp-1018157,215.484
mp-1007923,196.281
mp-1007974,205.939
mp-4989,130.106
mp-21048,198.838
mp-768680,11.204
mp-7302,125.759
mp-865786,152.758
mp-2515,231.851
mp-12585,230.758
mp-755263,33.052
mp-1413688,39.182
mp-1641,73.845
mp-2666,82.324
mp-22498,56.636
mp-15236,31.363
mp-7576,183.655
mp-1222,194.579
mp-8937,189.969
mp-11191,194.648
mp-865791,253.029
mp-3779,12.075
mp-1018066,167.812
mp-685055,30.068
mp-1,1.974
mp-3,1.717
mp-11832,1.972
mp-639727,1.972
mp-570837,43.315
mp-557018,53.974
mp-571343,49.34
mp-28884,43.521
mp-11181,45.548
mp-559998,134.549
mp-13649,30.729
mp-989535,23.35
mp-989575,23.081
mp-754976,23.555
mp-1029699,17.81
mp-616458,22.432
mp-1025267,13.971
mp-1025185,17.305
mp-15157,32.545
mp-697133,15.217
mp-989570,23.328
mp-561830,17.491
mp-28497,17.295
mp-1025265,24.684
mp-28692,-6.384
mp-27882,8.703
mp-1190751,18.333
mp-643243,11.873
mp-13948,19.374
mp-29398,6.99
mp-8963,28.269
mp-7232,20.095
mp-989538,27.515
mp-6968,34.359
mp-989580,34.612
mp-989585,26.386
mp-571124,16.957
mp-6178,41.268
mp-40143,29.868
mp-6884,25.8
mp-6654,23.035
mp-989405,16.592
mp-570379,19.84
mp-989562,33.191
mp-567652,19.256
mp-23752,13.137
mp-2884,24.479
mp-1025252,17.789
mp-989642,23.548000000000002
mp-989608,18.551
mp-989644,16.182
mp-13816,31.129
mp-989568,31.063
mp-989527,35.858
mp-989514,17.435
mp-6204,34.148
mp-571467,15.187
mp-13925,32.42
mp-8995,22.614
mp-14336,13.155
mp-1025274,34.259
mp-7988,6.526
mp-23425,8.082
mp-21521,35.148
mp-543024,11.422
mp-510268,18.92
mp-11694,15.031
mp-505824,27.319
mp-504729,11.305
mp-29806,9.131
mp-569066,7.646
mp-13548,12.618
mp-13992,20.277
mp-14338,15.169
mp-30062,8.763
mp-505825,32.694
mp-23406,8.616
mp-8191,17.328
mp-9262,11.837
mp-23060,7.331
mp-1025208,36.666
mp-996941,12.617
mp-989605,28.556
mp-42022,28.677
mp-17546,18.521
mp-505782,21.231
mp-1011695,11.808
mp-27830,8.965
mp-989544,11.517
mp-4047,16.017
mp-8932,15.288
mp-641923,7.65
mp-608555,7.82
mp-7297,18.663
mp-27636,7.069
mp-540957,7.489
mp-27828,9.126
mp-996944,14.846
mp-989537,31.424
mp-989560,16.605
mp-2991,35.463
mp-638729,9.79
mp-7903,18.985
mp-505212,7.783
mp-573658,12.943
mp-27544,8.611
mp-1105622,11.595
mp-1226195,17.551
mp-568137,21.386
mp-23029,6.9879999999999995
mp-541014,8.137
mp-569484,8.691
mp-561827,19.917
mp-7618,19.609
mp-863760,34.847
mp-1946459,25.511
mp-567558,17.28
mp-28610,13.37
mp-8666,21.37
mp-18105,8.401
mp-14069,92.213
mp-2667,10.059
mp-9386,7.606
mp-569548,9.584
mp-23026,35.712
mp-23484,10.16
mp-9986,22.044
mp-997024,25.856
mp-574599,10.009
mp-510535,27.061
mp-1225884,10.872
mp-23163,-72630.044
mp-22906,12.31
mp-571222,10.316
mp-614311,11.126
mp-7104,47.44
mp-6628,27.837
mp-541899,10.141
mp-568544,29.552
mp-8399,53.871
mp-22865,14.588
mp-573697,12.229
mp-30206,12.446
mp-546711,10.709
mp-504708,1.924
mp-1029491,24.172
mp-23431,8.359
mp-553303,6.316
mp-7786,10.16
mp-7785,44.731
mp-505198,37.252
mp-561033,34.94
mp-675287,23.924
mp-2456411,7.946
mp-541037,13.66
mp-553310,29.967
mp-1199244,-0.011
mp-17095,12.126
mp-754138,78.024
mp-754055,80.061
mp-561751,41.486
mp-1784,21.461
mp-29400,23.393
mp-5038,12.848
mp-755651,76.461
mp-570223,22.345
mp-632319,11.732
mp-1057286,8.987
mp-24668,19.452
mp-625136,24.052
mp-24141,15.292
mp-27718,22.568
mp-570591,27.743
mp-561947,49.422
mp-754154,79.157
mp-614603,8.224
mp-1056920,9.862
mp-22876,5.347
mp-2649045,21.762
mp-863759,10.835
mp-581024,12.368
mp-553248,71.326
mp-5990,30.297
mp-606604,43.461
mp-6726,30.843
mp-29750,11.461
mp-23004,13.722
mp-8401,62.499
mp-29751,9.34
mp-540609,9.466
mp-510557,15.276
mp-561851,-88.209
mp-8871,47.016
mp-640321,39.169
mp-6973,20.614
mp-5339,14.558
mp-562854,53.728
mp-8978,94.476
mp-553308,67.258
mp-22950,15.269
mp-1441,18.38
mp-1188121,21.448
mp-567681,11.602
mp-600089,18.482
mp-1014168,17.687
mp-23037,21.823
mp-540839,9.811
mp-998307,33.583
mp-573316,22.171
mp-554822,28.723
mp-9636,11.184
mp-754826,62.741
mp-7977,71.864
mp-27214,19.249
mp-27381,9.875
mp-614013,15.373
mp-616378,15.227
mp-1542038,12.624
mp-8397,39.37
mp-34293,48.648
mp-9085,41.027
mp-573755,9.36
mp-867568,116.019
mp-22962,13.373
mp-28283,15.527
mp-567698,10.145
mp-2695837,285.83
mp-753799,80.308
mp-865424,129.135
mp-23038,11.692
mp-22977,12.85
mp-22991,9.676
mp-1029293,105.401
mp-30,151.394
mp-989695,132.163
mp-998890,139.175
mp-1010136,137.832
mp-22271,19.387
mp-505042,56.918
mp-756132,20.591
mp-647164,59.344
mp-4362,-5741.84
mp-7474,110.379
mp-15252,72.817
mp-4728,59.424
mp-677105,58.829
mp-12806,49.734
mp-674953,49.179
mp-2932665,16.664
mp-10952,64.58
mp-12855,53.306
mp-23353,14.625
mp-568598,17.315
mp-361,111.715
mp-760432,95.16
mp-771359,161.174
mp-754084,24.57
mp-759897,45.218
mp-3638,80.272
mp-8090,80.27
mp-29396,49.45
mp-862256,144.311
mp-12087,91.395
mp-618991,91.372
mp-2831205,87.619
mp-1825,79.248
mp-9248,78.911
mp-15895,78.369
mp-15896,63.392
mp-675120,51.832
mp-16566,49.545
mp-10519,66.366
mp-11658,55.604
mp-1389664,29.275
mp-13089,46.933
mp-675880,45.399
mp-8976,9.511
mp-557373,8.464
mp-1025340,347382.73
mp-3345,72.969
mp-20545,71.506
mp-675626,61.042
mp-2258,104.875
mp-607291,33.375
mp-19724,123.646
mp-23733,41.379
mp-7463,124.032
mp-7540,123.036
mp-3934,78.018
mp-5756,62.703
mp-580357,149.816
mp-672265,152.324
mp-12086,169.333
mp-20900,90.479
mp-5702,68.849
mp-29476,51.967
mp-9814,60.879
mp-20683,73.545
mp-867317,144.315
mp-972828,136.43
mp-838,149.365
mp-13138,106.478
mp-581786,106.169
mp-21861,147.302
mp-30594,145.218
mp-28995,89.914
mp-1233,79.958
mp-984351,96.627
mp-998414,86.522
mp-7237,43.939
mp-996975,111.192
mp-5014,43.849
mp-8911,46.958
mp-2977,20.693
mp-12070,106.034
mp-21859,82.504
mp-776320,50.551
mp-5305,66.107
mp-522,138.201
mp-2103,135.617
mp-28376,30.801
mp-754126,147.559
mp-30151,29.101
mp-28896,195.576
mp-12954,117.314
mp-983565,86.186
mp-997054,45.335
mp-997055,73.064
mp-22982,49.799
mp-554238,44.718
mp-23116,72.93
mp-22913,42.59
mp-22917,5.964
mp-23227,23.429
mp-2360071,12.606
mp-22914,56.095
mp-30999,6.14
mp-32829,1.099
mp-1229,66.947
mp-867917,199.92
mp-1196039,31.174
mp-996973,46.181
mp-22863,6.287
mp-22895,38.237
mp-569346,38.568
mp-570081,7.218
mp-570136,8.869
mp-30069,147.435
mp-30592,149.253
mp-11834,81.671
mp-1692,144.365
mp-927,87.682
mp-25886,59.509
mp-540284,43.445
mp-1018029,147.228
mp-996971,155.3
mp-997012,136.396
mp-644311,190.686
mp-12608,229.485
mp-996954,172.104
mp-997098,78.908
mp-755115,47.537
mp-14116,163.487
mp-504,79.551
mp-555599,58.947
mp-760381,81.684
mp-1068,53.369
mp-20525,63.477
mp-867753,187.6
mp-4468,46.586
mp-488,64.721
mp-580226,25.895
mp-2000,69.631
mp-2280,74.484
mp-22414,27.12
mp-16053,31.454
mp-10598,76.069
mp-30595,177.039
mp-20826,12.527
mp-2224869,67.337
mp-88,40.246
mp-10658,41.039
mp-10750,41.225
mp-7121,78.53
mp-2958,180.481
mp-5135,155.789
mp-5976,120.084
mp-2917,119.315
mp-568725,126.743
mp-4939,148.31
mp-21000,115.114
mp-4985,128.929
mp-21415,114.065
mp-569089,164.779
mp-4065,175.786
mp-4692,114.571
mp-3301,133.933
mp-3148,145.085
mp-2893,153.451
mp-4177,155.661
mp-1025364,95.067
mp-864981,99.317
mp-864977,101.086
mp-3513,87.583
mp-13431,82.859
mp-21382,75.399
mp-865159,63.933
mp-568541,164.005
mp-12574,57.181
mp-16267,62.141
mp-31093,101.89
mp-1025323,160.099
mp-864959,103.481
mp-11705,129.258
mp-768241,125.554
mp-984104,108.554
mp-865219,125.9
mp-865006,55.262
mp-977559,73.819
mp-865007,52.775
mp-867349,50.473
mp-2345,143.814
mp-865216,104.247
mp-12669,120.352
mp-7368,66.917
mp-769253,85.195
mp-30625,53.54
mp-866008,61.975
mp-866005,57.964
mp-865156,65.862
mp-984627,63.653
mp-984544,95.673
mp-20844,81.322
mp-979419,40.892
mp-1105737,71.114
mp-4189,39.048
mp-2167,66.847
mp-2618,74.554
mp-567574,85.081
mp-10965,67.671
mp-21198,72.208
mp-433,64.494
mp-803,-8181021.374
mp-569385,92.155
mp-567589,75.98
mp-864995,71.682
mp-3053,119.796
mp-756630,191.925
mp-1018674,70.298
mp-2627,76.57
mp-5632,127.515
mp-1007918,82.469
mp-2057,167.701
mp-1024993,247.431
mp-571041,204.223
mp-3092,223.115
mp-568319,171.865
mp-3183,183.388
mp-22907,53.954
mp-552992,67.393
mp-552008,66.798
mp-546266,67.212
mp-30453,89.435
mp-30307,96.913
mp-864982,3.535
mp-541840,117.411
mp-11294,57.069
mp-864884,63.398
mp-28448,9.947
mp-20193,205.75
mp-2551,873.978
mp-20350,153.834
mp-8742,127.501
mp-2334,71.228
mp-30578,107.72
mp-20010,83.761
mp-601257,45.811
mp-675349,64.673
mp-9304,82.277
mp-1757,90.207
mp-568006,118.137
mp-22698,101.371
mp-30604,68.534
mp-20064,74.223
mp-568354,99.195
mp-862666,141.67
mp-20122,81.505
mp-22149,92.206
mp-24151,84.452
mp-755252,136.012
mp-777422,106.131
mp-11367,63.191
mp-984767,57.572
mp-862692,43.612
mp-20898,64.011
mp-30374,90.936
mp-22384,79.936
mp-1025113,165.87
mp-567588,98.902
mp-1358,198.438
mp-866295,43.506
mp-2077,41.646
mp-1546,41.005
mp-862680,65.63
mp-867762,84.578
mp-867773,54.341
mp-867826,62.879
mp-867348,57.967
mp-866007,47.333
mp-2876153,74.233
mp-1410,163.58
mp-2738,78.297
mp-421,37648933315.642
mp-6223,174.721
mp-1102078,130.886
mp-1179,152.06
mp-30452,79.997
mp-4510,90.475
mp-510152,22.797
mp-2014,87.469
mp-9850,66.326
mp-5767,132.418
mp-16326,127.339
mp-867279,137.752
mp-867278,142.107
mp-2226,91.251
mp-797,127.136
mp-2465,172.498
mp-232,112.175
mp-1388,154.129
mp-15856,199.853
mp-30620,180.429
mp-2470,96.9
mp-28929,10.461
mp-1007,60.478
mp-16327,100.142
mp-31120,164.678
mp-814,81.802
mp-1018683,77.099
mp-2620,91.134
mp-993,87.052
mp-12770,88.042
mp-4171,111.364
mp-30621,175.481
mp-20281,146.12
mp-866287,88.94
mp-865364,181.822
mp-2159,64.339
mp-1018679,58.827
mp-11374,53.012
mp-1007908,29.759
mp-971924,67.395
mp-971922,65.046
mp-979417,56.229
mp-971799,66.15
mp-979434,54.087
mp-979712,59.82
mp-2303,59.752
mp-570093,65.917
mp-865257,129.806
mp-5068,79.781
mp-99,44.76
mp-10752,42.186
mp-1025358,134.393
mp-10856,182.725
mp-568509,150.78
mp-5497,134.9
mp-3239,131.977
mp-4305,122.639
mp-2717767,53.642
mp-3501,98.162
mp-3190,120.929
mp-5451,134.12
mp-5688,132.768
mp-4865,122.05
mp-3455,151.308
mp-12058,169.707
mp-4881,122.991
mp-3958,175.465
mp-3218,134.258
mp-5386,157.308
mp-5022,156.818
mp-11435,98.06
mp-11436,115.021
mp-4071,194.285
mp-977416,103.391
mp-12004,89.518
mp-1025246,167.373
mp-862981,60.36
mp-1025354,131.673
mp-877,55.971
mp-866004,65.736
mp-867214,130.801
mp-1018684,49.451
mp-861946,57.65
mp-862697,75.034
mp-863702,54.51
mp-983556,51.119
mp-679,145.923
mp-2460,152.954
mp-867213,117.96
mp-983555,94.432
mp-30610,76.471
mp-2234,69.36
mp-7064,147.56
mp-16993,115.912
mp-5889,193.302
mp-863667,64.936
mp-861628,59.121
mp-983908,77.836
mp-983583,68.856
mp-862788,61.635
mp-862895,92.632
mp-12388,85.284
mp-3384,173.762
mp-1711,78.243
mp-11854,73.265
mp-775,77.6
mp-568446,79.019
mp-23039,52.919
mp-754673,62.487
mp-2621,69.968
mp-30339,77.336
mp-16745,66.619
mp-36029,53.466
mp-569724,73.07
mp-1208,82.064
mp-31182,93.639
mp-2134,76.715
mp-862656,76.785
mp-1688,79.218
mp-11243,85.251
mp-2466,103.81
mp-1774,171.507
mp-5197,249.809
mp-6982,204.567
mp-3093,225.055
mp-2847,180.963
mp-1296,174.535
mp-23245,54.597
mp-546621,69.714
mp-549709,70.382
mp-551250,66.464
mp-30454,90.805
mp-1579,120.452
mp-867,59.501
mp-7303,57.028
mp-12008,101.387
mp-863738,101.867
mp-863739,125.414
mp-863029,4.864
mp-5353,213.346
mp-2740,215.833
mp-13501,177.407
mp-3128,124.346
mp-1955,73.462
mp-1024991,86.857
mp-30579,106.265
mp-16751,71.734
mp-675180,65.035
mp-8122,97.809
mp-1018685,76.553
mp-9371,72.095
mp-474,98.282
mp-2422,74.361
mp-398,73.646
mp-1025225,86.188
mp-863711,145.122
mp-2264,80.602
mp-20043,122.853
mp-24192,87.63
mp-1018063,102.113
mp-11369,66.229
mp-866003,3.096
mp-1291,55.358
mp-30340,77.665
mp-3950,76.827
mp-4552,88.491
mp-1024983,-8867885.836
mp-4508,89.71
mp-2713,140.411
mp-1495,202.819
mp-2228,42.316
mp-863672,54.634
mp-863674,64.404
mp-862993,58.946
mp-11855,-21280.198
mp-19830,169.316
mp-5370,142.997
mp-867919,177.241
mp-567314,83.503
mp-1939,123.362
mp-6098,170.408
mp-12965,159.788
mp-853,151.736
mp-21272,92.177
mp-4006,141.94
mp-867918,141.574
mp-863734,139.222
mp-851,95.906
mp-2825,129.717
mp-480,166.753
mp-1913,177.756
mp-1025030,189.776
mp-2381,114.582
mp-1762,160.655
mp-863735,126.347
mp-569220,173.521
mp-1623,99.884
mp-10932,108.999
mp-2191,58.352
mp-11836,90.514
mp-16329,101.691
mp-2491,83.657
mp-9978,78.653
mp-378,94.174
mp-2145,87.942
mp-12382,126.591
mp-8535,171.529
mp-569601,176.446
mp-20733,151.348
mp-30613,60.804
mp-13303,78.252
mp-30611,131.951
mp-866285,150.594
mp-3444,138.466
mp-5503,154.87
mp-866299,212.608
mp-863679,185.741
mp-1280,65.928
mp-1018692,59.579
mp-4743,90.675
mp-217,57.284
mp-2431,47.25
mp-754823,87.263
mp-1007907,29.857
mp-552802,89.139
mp-1025096,70.145
mp-569927,80.275
mp-983603,75.818
mp-1018690,75.136
mp-1018694,75.872
mp-1018689,65.841
mp-5848,80.18
mp-20151,55.443
mp-20595,61.992
mp-22609,52.436
mp-19774,38.252
mp-672294,101.06
mp-3412,85.94
mp-1006146,32.63
mp-582736,35.981
mp-20128,63.082
mp-3758,108.198
mp-581754,109.711
mp-8582,133.042
mp-2929310,4.966
mp-4768,94.667
mp-20115,100.771
mp-19808,56.803
mp-1025200,133.071
mp-542568,65.098
mp-22707,40.661
mp-20111,-636755.346
mp-1025136,79.76
mp-19729,55.073
mp-20874,143.683
mp-550566,58.82
mp-580236,24.939
mp-864796,37.559
mp-22887,26.542
mp-504731,68.624
mp-19908,84.28
mp-21168,46.089
mp-22317,48.779
mp-865181,167.47
mp-644246,86.912
mp-753781,165.391
mp-11375,41.48
mp-995,164.26
mp-21253,17.65
mp-20340,109.129
mp-1854,91.067
mp-19862,61.803
mp-542583,32.56
mp-1261,37.377
mp-9873,52.444
mp-1009504,58.661
mp-1018699,46.265
mp-771055,154.842
mp-561203,-2.515
mp-561367,21.59
mp-760482,2.658
mp-13,207.093
mp-136,295.605
mp-613327,325.443
mp-9198,112.916
mp-601848,193.849
mp-19800,222.032
mp-641526,170.181
mp-18695,181.802
mp-20426,136.13
mp-1915,220.866
mp-15722,322.925
mp-1871,222.238
mp-21141,134.088
mp-1095682,229.35
mp-248,248.656
mp-21476,240.287
mp-2650313,76.885
mp-778,219.035
mp-639789,845763.171
mp-22787,237.179
mp-20868,259.462
mp-13154,201.825
mp-510623,218.157
mp-601820,182.283
mp-20344,175.908
mp-20711,142.782
mp-21078,166.23
mp-510619,184.008
mp-1804,253.773
mp-673635,201.279
mp-999189,152.94
mp-1007853,179.994
mp-567703,203.967
mp-1649,193.206
mp-579496,206.727
mp-865212,-1181.2
mp-580234,180.818
mp-2780,85.127
mp-2199,210.833
mp-20883,116.858
mp-22461,124.102
mp-27505,108.798
mp-21850,293.392
mp-535,193.027
mp-2794,230.615
mp-449,175.831
mp-624243,-143601.86
mp-18257,240.169
mp-569594,253.202
mp-1473,337.469
mp-555,185.005
mp-673174,210.46
mp-601842,1834621.425
mp-427,160.334
mp-2008,135.973
mp-561511,139.131
mp-20787,280.84
mp-1007881,251.424
mp-1079437,262.93
mp-22880,10.581
mp-23229,9.771
mp-571096,8.913
mp-23204,15.609
mp-676241,6.185
mp-2090,189.836
mp-22300,183.305
mp-5436,200.083
mp-1007852,191.847
mp-22053,71.55
mp-22648,70.285
mp-3702,197.434
mp-22478,152.403
mp-22510,136.965
mp-21117,117.621
mp-640708,128.509
mp-865191,223.605
mp-1009077,173.813
mp-571122,10.949
mp-10596,-740.944
mp-6988,272.864
mp-2213,184.902
mp-1418,199.381
mp-1007855,193.048
mp-13463,211.801
mp-1005,207.432
mp-20027,175.013
mp-27164,136.947
mp-568328,144.455
mp-570553,135.276
mp-2831,168.069
mp-21845,166.438
mp-2260,200.39
mp-649,263.838
mp-1918,198.729
mp-505531,27.657
mp-226,145.937
mp-1522,162.063
mp-2619,110.972
mp-20714,91.182
mp-971669,100.502
mp-27904,123.849
mp-20311,21.309
mp-760,125.468
mp-871,201.745
mp-1714,182.055
mp-20738,185.12
mp-3464,232.733
mp-862790,246.944
mp-961653,226.039
mp-21260,95.179
mp-22752,80.683
mp-1018062,177.299
mp-636599,200.71
mp-21273,18.22
mp-19880,94.192
mp-29076,228.877
mp-142,50.024
mp-10021,55.429
mp-567540,49.491
mp-569007,47.111
mp-2885,89.188
mp-2776,65.975
mp-865779,188.326
mp-4152,40.307
mp-11359,70.807
mp-20793,16.854
mp-4809,35.968
mp-4730,30.818
mp-16337,25.141
mp-865743,198.415
mp-6959,16.259
mp-886,155.545
mp-22095,101.898
mp-867292,199.112
mp-539,31.225
mp-1340,27.869
mp-38970,21.714
mp-2371,13.543
mp-27255,24.352
mp-983237,43.085
mp-636368,102.587
mp-973875,49.122
mp-11397,118.283
mp-3107,149.786
mp-2408,144.994
mp-31467,150.991
mp-21400,130.246
mp-29455,152.853
mp-30655,135.145
mp-11478,65.386
mp-578,82.611
mp-5342,59.096
mp-5518,49.331
mp-4899,40.225
mp-2534,60.742
mp-8883,60.75
mp-1025346,152.092
mp-11021,151.971
mp-1018126,36.141
mp-755568,103.348
mp-30953,0.727
mp-568848,3.432
mp-30952,0.919
mp-1121,173.828
mp-1007821,198.722
mp-1018060,177.04
mp-865798,124.561
mp-29362,10.789
mp-29403,8.702
mp-4280,148.134
mp-11019,148.405
mp-644280,188.8
mp-862791,185.797
mp-5238,71.436
mp-4840,55.594
mp-3839,46.028
mp-19870,169.4
mp-672661,169.932
mp-30551,190.304
mp-1018074,167.75
mp-865170,193.286
mp-865895,203.806
mp-8211,15.227
mp-23803,132.704
mp-30954,1.125
mp-11388,215.702
mp-804,172.144
mp-830,171.704
mp-1941,152.55
mp-570904,167.858
mp-866037,173.642
mp-2490,76.335
mp-8882,76.25
mp-553932,22.532
mp-677335,29.965
mp-1025301,163.164
mp-1025270,214.19
mp-1078526,141.771
mp-1869,150.478
mp-1025551,167.158
mp-11407,215.396
mp-2444,179.773
mp-22320,204.343
mp-2507,18.273
mp-9889,14.686
mp-556742,20.025
mp-1156,44.793
mp-1018059,44.722
mp-1572,14.135
mp-1943,15.789
mp-11342,14.697
mp-865615,228.828
mp-10009,11.919
mp-542812,9.638
mp-29541,5.463
mp-21240,142.427
mp-864748,67.859
mp-865316,-10.668
mp-504886,131.73
mp-643084,94.858
mp-15922,136.02
mp-669509,77.88
mp-4805,112.425
mp-16035,73.923
mp-5302,183.909
mp-757233,2648476.645
mp-2921,151.971
mp-5223,184.501
mp-20058,87.985
mp-510374,78.507
mp-753911,138.263
mp-425,153.466
mp-22266,167.657
mp-562809,57.14
mp-27182,-0.652
mp-12765,82.475
mp-1031,53.093
mp-20965,-32.809
mp-23265,29.009
mp-23050,70.235
mp-972965,136.043
mp-19773,84.386
mp-19918,73.164
mp-24092,68.537
mp-21005,104.041
mp-2636,216.967
mp-20534,-0.0
mp-569197,-0.0
mp-753721,126.672
mp-754149,82.3
mp-754349,120.948
mp-510401,85.387
mp-16340,-164.284
mp-510402,86.458
mp-3799,100.481
mp-510403,98.6
mp-11839,-0.0
mp-5690,162.616
mp-510404,97.929
mp-20125,101.405
mp-21192,78.62
mp-4875,142.698
mp-574283,71.741
mp-20070,73.046
mp-19966,32.249
mp-754480,103.674
mp-32,57.916
mp-1007760,59.529
mp-23352,53.667
mp-14790,20.643
mp-10201,171.888
mp-1543,110.087
mp-3534,22.025
mp-14791,25.98
mp-23560,50.715
mp-569600,47.172
mp-13852,174.776
mp-672289,163.42
mp-489,108.621
mp-505780,141.767
mp-9548,20.046
mp-17524,13.477
mp-7595,8.284
mp-28369,1.2429999999999999
mp-223,32.439
mp-470,202.915
mp-733,37.861
mp-7812,20.101
mp-10913,216.482
mp-7542,48.704
mp-1424,122.742
mp-423,152.76
mp-541785,8.161
mp-542640,141.112
mp-20061,176.427
mp-20817,120.097
mp-20866,101.132
mp-22585,200.615
mp-1025397,171.945
mp-2242,21.382
mp-12910,23.949
mp-7582,17.991
mp-9935,60.206
mp-29641,18.188
mp-700,19.51
mp-10759,57.611
mp-10074,13.587
mp-938,33.016
mp-2612,48.853
mp-24504,0.46900000000000003
mp-850274,0.312
mp-985782,17.783
mp-697111,15.606
mp-690733,10.776
mp-23866,8.966
mp-1078233,3.07
mp-2802611,8.222
mp-29145,8.895
mp-36248,18.724
mp-1021328,0.79
mp-643062,9.349
mp-23794,30.444
mp-555229,18.19
mp-31043,30.335
mp-1536913,9.779
mp-2929431,1.7850000000000001
mp-23963,13.126
mp-643727,28.159
mp-24289,174.968
mp-24722,218.492
mp-103,108.287
mp-8640,102.549
mp-571367,158.095
mp-15986,128.834
mp-504741,181.136
mp-571147,187.543
mp-1025167,133.265
mp-13155,111.1
mp-12772,111.173
mp-846,114.235
mp-570784,196.908
mp-568991,190.181
mp-30383,133.005
mp-13137,178.939
mp-1190841,136.052
mp-864835,184.201
mp-29154,171.95
mp-864877,177.868
mp-866088,177.082
mp-30581,123.959
mp-864939,160.206
mp-864974,175.345
mp-19928,101.457
mp-864890,180.435
mp-865179,201.248
mp-30572,119.01
mp-11441,116.63
mp-1018709,93.197
mp-9939,133.014
mp-1018154,111.5
mp-22050,73.035
mp-981539,-18135679527.509
mp-865178,191.166
mp-973434,199.022
mp-865138,192.899
mp-977572,175.266
mp-864684,189.709
mp-865130,173.159
mp-864647,194.409
mp-861,140.732
mp-646507,154.562
mp-5918,180.029
mp-976265,187.278
mp-865131,201.65
mp-504659,149.153
mp-11454,136.094
mp-861978,213.322
mp-864927,217.65
mp-977407,197.44
mp-973443,199.747
mp-10000,133.807
mp-567220,122.772
mp-1029330,159.176
mp-9938,141.732
mp-4893,137.648
mp-977541,206.099
mp-864916,187.509
mp-867327,193.02
mp-1009238,102.866
mp-1014231,109.609
mp-866012,160.36
mp-10379,137.085
mp-15987,145.521
mp-10245,155.079
mp-10076,157.766
mp-8462,116.6
mp-976419,102.841
mp-976273,133.921
mp-754434,212.613
mp-17045,192.803
mp-15964,115.025
mp-2105,143.703
mp-761842,182.505
mp-28919,37.225
mp-976106,104.481
mp-722913,135.395
mp-1014252,149.253
mp-1025223,116.342
mp-32994,225.032
mp-2361,111.876
mp-31469,118.269
mp-15965,140.749
mp-21104,113.876
mp-510691,111.118
mp-12884,77.308
mp-31383,107.37
mp-15297,131.265
mp-13156,114.117
mp-249,117.671
mp-12657,119.513
mp-2614,106.503
mp-568718,106.136
mp-1007730,103.976
mp-1025457,126.648
mp-10872,142.057
mp-5221,172.038
mp-10887,134.159
mp-983358,172.287
mp-982870,214.618
mp-5748,160.645
mp-16501,156.936
mp-571619,163.496
mp-864671,187.174
mp-864909,195.913
mp-9954,127.118
mp-29646,114.549
mp-1018153,152.12
mp-1994,252.303
mp-1017578,223.425
mp-1018057,116.852
mp-1878,125.555
mp-2553,127.5
mp-2025,130.956
mp-865163,189.784
mp-12571,147.205
mp-756683,129.509
mp-864915,5.026
mp-568346,25.147
mp-21075,239.071
mp-865174,169.501
mp-2027,123.98
mp-2337,183.341
mp-20730,161.751
mp-7804,253.383
mp-9801,177.383
mp-22315,130.285
mp-819,188.948
mp-3650,41.391
mp-865176,136.591
mp-22489,153.001
mp-20401,139.708
mp-333,163.391
mp-956096,170.582
mp-866051,183.726
mp-22191,-1304.177
mp-22434,216.434
mp-11387,100.608
mp-1025193,103.655
mp-1025176,90.233
mp-12952,131.425
mp-3576,172.836
mp-1018714,125.165
mp-865998,212.925
mp-3498,128.242
mp-865019,183.393
mp-865010,197.202
mp-13683,111.883
mp-9755,213.567
mp-21340,176.04
mp-7918,126.583
mp-7917,111.031
mp-13964,93.679
mp-567817,13.342
mp-27731,146.977
mp-977573,141.255
mp-568002,5.829
mp-567441,20.721
mp-574025,128.33
mp-864715,206.086
mp-600125,120.211
mp-640024,145.405
mp-864734,141.693
mp-865066,172.181
mp-1002122,207.546
mp-2126,278.691
mp-983123,121.119
mp-865020,187.046
mp-1029834,157.33
mp-865049,128.55
mp-865050,154.665
mp-11449,357.683
mp-865091,175.043
mp-20192,163.306
mp-2363,304.609
mp-7032,206.978
mp-2828,270.382
mp-541911,30.612
mp-38818,268.54
mp-1224328,268.296
mp-22637,179.549
mp-865094,218.707
mp-4828,153.406
mp-7285,176.825
mp-924128,127.878
mp-352,204.904
mp-550893,252.656
mp-685097,208.48
mp-775757,217.87
mp-776097,200.242
mp-776532,211.548
mp-1018721,185.839
mp-11452,225.228
mp-9953,147.126
mp-15963,220.115
mp-864926,171.303
mp-22535,166.252
mp-11453,178.957
mp-1007656,179.875
mp-865166,167.044
mp-1007691,176.476
mp-11456,230.018
mp-1018054,231.325
mp-1689,262.427
mp-11457,180.032
mp-1027,215.169
mp-2802,198.115
mp-985829,14.334
mp-9922,16.695
mp-7787,141.028
mp-13450,100.739
mp-2180,84.365
mp-1018717,87.513
mp-31456,142.704
mp-865165,138.178
mp-865000,182.895
mp-865001,197.703
mp-865041,156.306
mp-865030,172.957
mp-985831,16.811
mp-15622,14.39
mp-1042,151.342
mp-1069,131.995
mp-22258,188.59
mp-10457,169.282
mp-10456,192.495
mp-13472,189.725
mp-866062,228.517
mp-7916,134.279
mp-13962,70.196
mp-13963,33.487
mp-21328,101.827
mp-776083,22.014
mp-11869,123.996
mp-2960,148.752
mp-866221,174.628
mp-866219,199.577
mp-1224283,277.689
mp-865025,244.954
mp-865038,222.224
mp-11460,188.407
mp-865023,201.069
mp-865039,187.383
mp-866114,246.139
mp-32887,11.738
mp-1168,11.773
mp-989651,12.699
mp-1224263,247.465
mp-1224257,269.121
mp-753197,182.734
mp-1043,143.701
mp-10312,154.643
mp-1018726,156.878
mp-1018720,160.956
mp-1400,222.256
mp-1014219,115.663
mp-514,110.274
mp-866108,106.771
mp-866117,137.013
mp-866094,129.32
mp-864798,211.726
mp-1014251,188.438
mp-864807,150.532
mp-983430,175.442
mp-983459,101.368
mp-1224184,244.894
mp-754134,203.819
mp-754478,204.4
mp-974943,182.079
mp-974973,109.761
mp-10861,7.842
mp-753304,6.758
mp-1017981,24.448
mp-1184554,7.877
mp-1184569,11.457
mp-1546032,6.181
mp-2629196,7.622
mp-754065,101.62
mp-540925,17.53
mp-11470,82.793
mp-755465,208298.157
mp-11870,88.269
mp-936,60.904
mp-30721,68.584
mp-23177,11.597
mp-22897,11.79
mp-22855,4.621
mp-706,31.037
mp-8177,86.276
mp-22859,10.38
mp-23173,1.936
mp-23192,3.392
mp-1224,22.392
mp-1025302,148.263
mp-1025386,196.589
mp-2685,114.745
mp-8675,103.076
mp-863720,139.163
mp-754538,39.043
mp-15639,24.756
mp-1123,50.248
mp-9252,7.841
mp-820,42.533
mp-2730,34.16
mp-144,43.126
mp-10659,42.255
mp-973986,42.273
mp-573995,156.483
mp-4415,135.84
mp-5835,135.687
mp-4105,113.63
mp-571500,122.263
mp-3065,108.973
mp-5260,135.733
mp-36662,91.502
mp-4291,115.228
mp-2906,151.827
mp-567458,167.766
mp-567513,178.854
mp-2924,131.02
mp-5219,173.944
mp-4148,133.284
mp-571665,145.703
mp-3895,156.376
mp-5720,159.103
mp-1025172,96.685
mp-977358,101.795
mp-10528,88.264
mp-864674,65.575
mp-1025183,165.827
mp-1640,60.21
mp-9006,105.953
mp-863651,59.553
mp-863652,97.343
mp-3706,201.47
mp-8499,160.653
mp-754327,150.981
mp-753693,129.156
mp-20686,55.238
mp-865297,65.284
mp-864625,124.915
mp-867277,55.443
mp-863723,74.856
mp-977392,53.469
mp-3398,74.964
mp-863736,113.765
mp-973270,104.31
mp-861993,63.714
mp-861994,59.723
mp-861600,60.928
mp-1101850,82.772
mp-863737,50.028
mp-973465,49.414
mp-973689,44.373
mp-974322,41.03
mp-13236,75.03
mp-2759,-34800.193
mp-23047,51.435
mp-1079239,55.737
mp-2778,68.602
mp-2120,76.004
mp-864775,70.325
mp-16503,97.439
mp-898,76.254
mp-1877,76.786
mp-2909,87.429
mp-295,77.463
mp-1007666,83.589
mp-990,100.832
mp-2267,168.393
mp-571491,173.233
mp-3710,184.167
mp-22866,54.739
mp-551101,66.034
mp-30455,90.608
mp-977375,3.636
mp-1423,117.335
mp-11301,57.077
mp-11302,56.766
mp-864904,73.061
mp-977415,89.835
mp-12007,104.872
mp-864662,4.783
mp-2396,-321.678
mp-5313,203.405
mp-1018723,135.084
mp-2435,377.141
mp-20906,147.431
mp-1971,73.432
mp-1024987,104.289
mp-1024994,110.424
mp-1025134,115.869
mp-30585,116.726
mp-580364,104.747
mp-9389,89.851
mp-16750,69.964
mp-1018724,76.985
mp-1024954,79.602
mp-972945,69.968
mp-972984,67.462
mp-976343,92.604
mp-974221,52.564
mp-974253,62.845
mp-561877,71.076
mp-1926,83.173
mp-2812,122.739
mp-1018725,101.221
mp-1256,74.229
mp-982511,97.878
mp-2688,69.38
mp-982557,69.96
mp-4856,86.145
mp-865696,143.634
mp-16342,80.872
mp-5519,93.299
mp-13308,86.61
mp-22670,120.656
mp-24152,86.522
mp-755543,107.968
mp-24012,85.382
mp-973890,157.415
mp-11461,63.968
mp-864657,2.8810000000000002
mp-21431,55.314
mp-30342,77.054
mp-3015,80.4
mp-30586,86.981
mp-13525,111.539
mp-21290,103.02
mp-1025022,163.795
mp-11104,98.675
mp-11476,137.797
mp-973276,59.674
mp-864799,43.429
mp-1199,41.356
mp-866172,40.634
mp-977369,62.805
mp-864744,113.756
mp-864747,47.359
mp-883,167.77
mp-3144,141.033
mp-866112,173.786
mp-673,124.103
mp-6646,157.954
mp-10398,150.211
mp-1553,149.455
mp-1018139,81.591
mp-5154,166.911
mp-4174,92.38
mp-744,88.424
mp-4104,138.301
mp-832,94.522
mp-1979,127.535
mp-195,174.749
mp-2163,113.966
mp-546,156.517
mp-1240,99.911
mp-10931,110.246
mp-2050,61.329
mp-16376,99.731
mp-974063,130.162
mp-464,82.998
mp-1018728,77.657
mp-12899,92.828
mp-12900,93.264
mp-1752,87.904
mp-5150,128.804
mp-571071,175.942
mp-570102,185.265
mp-1072865,61.099
mp-30731,110.96
mp-11971,108.644
mp-977354,210.79
mp-866116,183.596
mp-919,65.126
mp-1018732,59.177
mp-976588,52.284
mp-1540,55.065
mp-1007663,29.727
mp-982388,42.853
mp-982724,53.76
mp-983126,63.012
mp-864624,130.834
mp-3346,80.205
mp-23153,4.837
mp-23261,17.477
mp-27639,2.085
mp-85,35.245
mp-973111,35.22
mp-22061,32.991
mp-19974,42.934
mp-1025331,21.185
mp-22154,53.29
mp-23188,23.091
mp-571172,33.986
mp-20731,23.239
mp-19765,20.25
mp-20708,60.931
mp-22323,149.39
mp-22598,144.766
mp-1105681,156.673
mp-22682,91.458
mp-22375,70.535
mp-2874,151.63
mp-504908,141.455
mp-21385,105.586
mp-510437,88.536
mp-1021668,33.105
mp-23180,36.164
mp-510347,30.845
mp-30343,77.989
mp-20329,108.417
mp-22660,107.674
mp-19833,51.173
mp-20554,42.952
mp-22386,36.204
mp-20305,48.543
mp-1025293,144.791
mp-1025212,189.205
mp-569683,107.88
mp-7027,149.91
mp-23313,31.715
mp-1001833,35.088
mp-22870,13.519
mp-570219,5.717
mp-571555,12.514
mp-862983,5.376
mp-1018053,68.624
mp-20930,121.57
mp-549158,120.572
mp-867308,148.622
mp-639659,168.56
mp-22736,66.112
mp-22811,49.798
mp-8098,168.242
mp-20408,22.152
mp-23202,13.331
mp-20411,121.5
mp-22205,121.971
mp-19876,102.664
mp-20997,116.101
mp-27175,135.341
mp-20351,59.35
mp-966800,59.233
mp-20050,47.968
mp-1025161,154.477
mp-1025213,203.239
mp-20790,15.077
mp-23520,13.937
mp-21215,110.79
mp-22646,129.519
mp-863724,135.641
mp-31337,143.036
mp-1007664,143.481
mp-899,149.828
mp-19795,20.396
mp-20012,36.737
mp-20485,10.288
mp-22691,11.006
mp-1025370,198.864
mp-23507,11.176
mp-2597,39.529
mp-20320,14.809
mp-101,345.128
mp-861979,165.426
mp-1184761,359.91
mp-863709,324.498
mp-1184771,323.477
mp-974358,337.871
mp-9888,83.125
mp-30745,350.814
mp-1223677,354.211
mp-27666,12.169
mp-560553,5.619
mp-2723,269.435
mp-1223655,374.508
mp-974421,329.122
mp-1223860,326.804
mp-862620,321.281
mp-1361,105.86
mp-30744,333.76
mp-58,33305.958
mp-10157,3.578
mp-604318,3.566
mp-1184755,3.576
mp-569408,37.779
mp-12079,57.052
mp-4668,50.314
mp-8608,51.763
mp-567657,29.409
mp-35276,48.787
mp-558518,30.804
mp-568747,36.261
mp-4788,129.08
mp-12098,54.245
mp-12414,36.136
mp-541638,35.777
mp-9778,22.143
mp-7643,17.264
mp-9486,27.421
mp-8700,33.183
mp-10408,31.342
mp-3963,27.466
mp-10662,30.395
mp-6494,46.261
mp-6598,34.223
mp-15684,22.329
mp-571440,15.253
mp-5699,43.612
mp-8446,21.887
mp-10381,17.39
mp-14168,22.604
mp-643257,14.628
mp-643279,15.531
mp-8414,15.293
mp-8415,51.219
mp-9839,49.406
mp-27207,21.759
mp-31212,45.872
mp-23956,23.064
mp-27304,11.197
mp-9069,22.098
mp-6586,45.766
mp-9068,24.93
mp-13797,42.815
mp-6686,39.509
mp-14039,43.639
mp-6058,41.223
mp-13798,37.066
mp-13799,36.926
mp-9672,20.879
mp-971,27.218
mp-2672,32.413
mp-27835,12.514
mp-8262,16.206
mp-569857,16.217
mp-9687,21.569
mp-22756,39.098
mp-504935,38.231
mp-27138,10.178
mp-22956,11.845
mp-23067,12.406
mp-28163,24.004
mp-7979,23.767
mp-540584,54.425
mp-27243,10.721
mp-27691,12.515
mp-22934,12.029
mp-23513,12.754
mp-3821,24.229
mp-7928,35.048
mp-8621,28.157
mp-1025158,53.382
mp-23021,11.063
mp-22947,11.602
mp-7824,26.136
mp-867920,84.38
mp-23471,45115.14
mp-1022,18.259
mp-4264,20.378
mp-7667,14.703
mp-4529,28.688
mp-863757,16.33
mp-8426,15.850999999999999
mp-23036,11.09
mp-3042,19.56
mp-7502,23.584
mp-8624,23.501
mp-568333,10.429
mp-23499,11.298
mp-31363,12.244
mp-27632,11.33
mp-1747,13.039
mp-8623,22.506
mp-23505,10.176
mp-569149,10.788
mp-8724,23.313
mp-27839,12.238
mp-3970,27.845
mp-4731,45.281
mp-3808,60.113
mp-568914,12.36
mp-9583,45.168
mp-24366,27.544
mp-695998,16.778
mp-8187,42.145
mp-8891,64.928
mp-571594,14.728
mp-23697,18.623
mp-14018,12.83
mp-9200,18.66
mp-9665,16.559
mp-1029756,29.455
mp-9664,18.515
mp-568516,11.606
mp-28980,12.443
mp-29379,9.122
mp-28166,19.399
mp-982780,5.074
mp-14205,23.904
mp-7439,25.523
mp-28273,27.774
mp-28171,18.587
mp-7897,13.975
mp-557753,36.838
mp-10159,13.114
mp-974627,5.574
mp-974641,5.319
mp-29584,16.006
mp-9872,18.358
mp-29585,14.836
mp-23392,15.735
mp-28302,16.356
mp-29484,14.347
mp-8753,16.008
mp-768368,13.588
mp-571461,14.495
mp-11719,17.068
mp-863710,37.606
mp-12015,55.676
mp-12532,36.776
mp-9490,30.86
mp-2464440,31.855
mp-7387,23.276
mp-16236,27.612
mp-2910,47.118
mp-5347,58.079
mp-5525,65.943
mp-697670,60.988
mp-10165,17.465
mp-7569,16.776
mp-5309,22.107
mp-27418,46.429
mp-7077,13.02
mp-9881,13.45
mp-29138,20.785
mp-1076,133.72
mp-6812,55.459
mp-6870,49.645
mp-23279,33670.871
mp-982040,86.685
mp-23251,13.432
mp-570891,15.624
mp-22958,19.057
mp-6511,15.519
mp-773137,16.088
mp-6867,51.664
mp-4950,48.658
mp-397,38.647
mp-10175,55.986
mp-1018652,21.748
mp-23193,16.489
mp-23289,18.701
mp-23022,15.769
mp-556084,15.73
mp-23526,16.231
mp-546633,15.769
mp-1029444,43.832
mp-4026,55.286
mp-27677,47.956
mp-10092,41.111
mp-1023129,38.496
mp-5566,68.887
mp-669347,78.848
mp-7911,33.195
mp-3982,34.178
mp-28270,16.721
mp-7435,35.575
mp-7436,29.374
mp-7959,83.58
mp-463,29.839
mp-3827,16.879
mp-9884,19.144
mp-29374,21.147
mp-1029404,135.298
mp-24084,13.704
mp-24428,19.158
mp-643989,18.439
mp-634431,23.521
mp-23846,26.337
mp-626785,30.922
mp-634676,14.213
mp-30717,11.826
mp-7420,25.11
mp-7483,50.671
mp-754883,82.791
mp-22898,10.558
mp-22901,12.418
mp-23487,21.031
mp-23562,20.199
mp-571263,48.749
mp-569886,39.521
mp-1018031,86.691
mp-19851,14.982
mp-15781,37.153
mp-559612,31.925
mp-6179,36.141
mp-8756,24.635
mp-4495,19.903
mp-551092,58.328
mp-1019089,27.165
mp-1019105,19.85
mp-27865,31.053
mp-3448,74.789
mp-23737,34.622
mp-7089,23.427
mp-21847,9.764
mp-20422,11.679
mp-827,20.517
mp-34857,14.294
mp-5158,17.312
mp-568428,16.079
mp-570786,5.733
mp-863707,16.554
mp-15724,18.878
mp-1007637,17.067
mp-555576,23.283
mp-560767,58.009
mp-549490,139.204
mp-4342,109.845
mp-5246,103.853
mp-7375,103.322
mp-935811,172.61
mp-7938,69.488
mp-7940,56.925
mp-754158,69.683
mp-768864,69.273
mp-1866,24.246
mp-21325,16.347
mp-998913,14.064
mp-23959,24.639
mp-696752,26.171
mp-4608,23.365
mp-24214,19.525
mp-8267,10.254
mp-9061,68.848
mp-4519,67.63
mp-11132,24.932
mp-30533,31.59
mp-14796,24.605
mp-1029347,66.018
mp-13190,35.653
mp-989529,16.539
mp-9349,33.983
mp-6074,34.699
mp-755480,17.77
mp-973471,201.94
mp-4757,18.263
mp-8013,11.553
mp-6560,17.575
mp-556609,10.832
mp-10417,23.533
mp-16293,112.518
mp-8188,95.827
mp-15783,40.489
mp-23534,8.774000000000001
mp-3486,19.885
mp-974738,9.273
mp-3614,188.716
mp-973267,180.938
mp-7621,17.135
mp-3553,27.321
mp-976271,83.985
mp-882700,35.497
mp-760376,52.449
mp-1018051,51.441
mp-1018072,51.499
mp-866169,22.656
mp-8175,71.739
mp-753774,85.994
mp-4126,134.466
mp-6847,73.072
mp-8409,78.584
mp-755010,61.719
mp-7421,30.9
mp-15687,30.741
mp-5878,71.15
mp-7437,36.508
mp-7438,24.441
mp-10161,24.144
mp-9318,30.478
mp-40204,31.533
mp-26,25.86
mp-156,20.188
mp-569674,106.913
mp-2967,125.812
mp-5526,117.558
mp-4088,114.246
mp-22760,93.376
mp-37784,68.329
mp-5982,113.37
mp-8250,124.941
mp-3585,145.667
mp-567203,136.757
mp-4954,120.576
mp-867798,71.667
mp-867801,49.213
mp-1184,106.014
mp-755450,133.226
mp-569054,70.274
mp-1189382,340.64
mp-19735,142.568
mp-36480,120.072
mp-1077929,124.285
mp-12533,160.548
mp-20760,39.889
mp-972960,86.527
mp-754808,132.923
mp-1412249,145.937
mp-977187,40.649
mp-3471,136.781
mp-1968,116.022
mp-2292,114.974
mp-560340,128.177
mp-8672,120.843
mp-7475,69.384
mp-759,49.613
mp-866650,151.815
mp-5152,99.469
mp-753156,128.506
mp-973572,48.249
mp-973564,45.039
mp-973957,48.916
mp-973847,47.145
mp-6152,151.657
mp-867847,69.985
mp-29964,165.266
mp-10889,33.748
mp-10600,58.829
mp-4505,66.117
mp-640095,32.741
mp-972908,29.518
mp-972912,29.595
mp-20487,40.212
mp-30207,41.385
mp-754150,114.302
mp-20999,65.083
mp-10611,60.77
mp-491,-3424208.89
mp-10162,58.118
mp-1681,44.031
mp-879,50.175
mp-7159,54.494
mp-31031,113.246
mp-997590,183.604
mp-1948,48.529
mp-867245,59.426
mp-753260,90.615
mp-6625,70.603
mp-12684,52.592
mp-2694,64.416
mp-16766,78.309
mp-959,61.963
mp-30815,102.67
mp-21109,70.525
mp-11511,70.446
mp-2920,180.191
mp-5304,194.911
mp-708,66.566
mp-1002136,64.033
mp-864901,77.617
mp-976113,80.791
mp-6794,185.956
mp-7283,170.08
mp-2680,181.75
mp-3088,165.301
mp-867248,53.973
mp-867908,73.505
mp-768310,57.541
mp-1018136,78.997
mp-27679,12.532
mp-23263,25.473
mp-2367,92.301
mp-776,45.631
mp-12055,45.263
mp-867225,59.779
mp-862743,73.024
mp-862262,52.817
mp-22896,31.744
mp-23025,67.468
mp-1731,786.747
mp-570460,180.839
mp-20761,61.994
mp-19973,86.372
mp-13005,87.663
mp-2051,67.31
mp-6088,79.381
mp-11790,56.604
mp-4835,82.111
mp-546790,67.396
mp-982015,38.201
mp-334,101.191
mp-905,102.112
mp-8354,109.184
mp-505332,72.64
mp-21201,100.405
mp-644739,59.389
mp-3336,161.922
mp-21345,63.487
mp-19761,62.983
mp-1018144,82.577
mp-861617,69.273
mp-23194,10.546
mp-27979,6.8469999999999995
mp-20582,49.919
mp-20729,49.718
mp-21479,64.429
mp-568917,63.889
mp-20491,70.523
mp-867979,52.025
mp-1463,174.499
mp-22220,146.049
mp-1104,33.855
mp-1909,33.099
mp-2306,37.949
mp-867914,54.712
mp-21509,49.819
mp-3289,-594.715
mp-973256,44.465
mp-862662,51.066
mp-989554,135.546
mp-256,121.33
mp-567290,86.477
mp-973894,47.768
mp-1064719,67.304
mp-2708,103.215
mp-568083,175.52
mp-1018743,109.911
mp-4634,141.277
mp-2317,114.252
mp-23671,120.516
mp-1018048,135.707
mp-12613,73.286
mp-1768,182.831
mp-989564,243.043
mp-2384,71.271
mp-3962,104.626
mp-21432,45.604
mp-862663,71.48
mp-674,109.965
mp-30753,126.008
mp-973887,51.146
mp-1006057,51.388
mp-912,143.888
mp-1832,178.329
mp-1702,131.545
mp-5163,173.36
mp-2019,128.334
mp-2350,83.314
mp-1018751,79.438
mp-5394,90.315
mp-1065,49.747
mp-1018745,78.626
mp-31116,153.924
mp-1860,69.385
mp-7083,65.047
mp-2062,79.133
mp-1025390,87.646
mp-4283,117.105
mp-29726,164.797
mp-28795,118.955
mp-569482,169.788
mp-2914,122.782
mp-972949,49.862
mp-633,56.392
mp-867118,77.314
mp-3998,122.275
mp-4421,126.822
mp-972257,34.964
mp-1560,54.332
mp-1329,52.576
mp-8020,183.62
mp-11488,46.826
mp-2001,44.459
mp-753898,119.536
mp-753581,178.775
mp-989524,167.515
mp-865811,46.367
mp-865859,40.401
mp-8215,54.948
mp-2615,49.02
mp-2424,70.032
mp-51,13.874
mp-135,13.87
mp-10173,14.344
mp-976411,13.866
mp-1018134,13.804
mp-1063005,13.65
mp-941221,16.486
mp-8864,202.474
mp-753848,89.756
mp-25385,-300604.44
mp-7298,92.396
mp-624492,127.273
mp-758594,175.385
mp-758741,126.556
mp-8310,111.137
mp-755570,72.246
mp-975044,162.926
mp-569331,61.911
mp-8132,23.112
mp-7350,67.911
mp-510430,22.544
mp-672287,32.333
mp-30769,29.762
mp-1020011,83.023
mp-567395,28.91
mp-1777,28.204
mp-569849,29.691
mp-865897,35.03
mp-976333,33.082
mp-865879,49.503
mp-865874,37.398
mp-30349,39.481
mp-865987,56.116
mp-16238,46.551
mp-567347,46.665
mp-31168,50.135
mp-30816,68.314
mp-30818,84.603
mp-30820,80.792
mp-4779,41.92
mp-9610,49.164
mp-3054,53.936
mp-556777,75.034
mp-11644,16.117
mp-570466,16.063
mp-865986,37.315
mp-865965,40.875
mp-865964,34.099
mp-865577,44.869
mp-10686,40.135
mp-976114,30.724
mp-11304,32.005
mp-865582,50.434
mp-16271,36.538
mp-12580,35.899
mp-8181,110.495
mp-754534,95.497
mp-9912,57.891
mp-865932,46.894
mp-22980,8.956
mp-15686,51.282
mp-752843,42.328
mp-35841,58.787
mp-4711,84.8
mp-12029,58.571
mp-752881,45.823
mp-884085,21.596
mp-15988,52.716
mp-30591,52.666
mp-865067,34.651
mp-22967,25.291
mp-29210,33.134
mp-30381,59.891
mp-31441,95.635
mp-3201,67.604
mp-3726,82.351
mp-2988,81.563
mp-631316,35.3
mp-2935,61.01
mp-1029776,83.069
mp-19896,41.491
mp-644389,42.316
mp-2661453,49.367
mp-755352,106.444
mp-756597,95.328
mp-2724101,124.693
mp-865714,40.536
mp-16341,41.262
mp-865731,52.245
mp-31324,28.365
mp-30344,43.023
mp-30392,53.673
mp-31443,82.523
mp-21029,59.663
mp-21026,71.969
mp-31442,70.882
mp-865737,35.36
mp-866193,37.747
mp-15901,107.176
mp-976843,20.847
mp-976982,21.725
mp-977207,20.429
mp-977218,21.078
mp-29009,19.912
mp-866194,28.998
mp-973325,38.78
mp-973343,30.915
mp-12128,29.856
mp-30758,36.254
mp-1018009,44.934
mp-865935,34.883
mp-2987,27.001
mp-28250,19.113
mp-2356674,58.448
mp-2492941,52.707
mp-866178,42.611
mp-866181,40.663
mp-866179,39.457
mp-1960,78.6
mp-755894,71.014
mp-841,72.65
mp-1020019,87.664
mp-30403,44.376
mp-728,50.698
mp-866176,68.175
mp-7608,91.447
mp-760483,103.12
mp-861651,50.293
mp-983425,50.35
mp-862930,38.084
mp-862948,40.01
mp-862934,39.836
mp-866196,38.333
mp-22446,41.299
mp-2170,66.968
mp-4630,109.493
mp-1125,40.216
mp-1153,40.49
mp-4556,45.0
mp-1545896,33.938
mp-30404,54.242
mp-10180,68.437
mp-3158,79.179
mp-2286,33.677
mp-27705,32.884
mp-4117,78.037
mp-5012,76.805
mp-31496,47.106
mp-7924,41.724
mp-30405,55.812
mp-975578,36.577
mp-1029385,112.952
mp-2530,26.076
mp-760539,106.055
mp-7603,52.093
mp-2931,110.301
mp-36864,122.947
mp-865666,32.933
mp-30406,45.771
mp-865713,30.009
mp-975609,29.094
mp-865863,48.609
mp-975608,56.12
mp-15885,42.596
mp-753195,6.489
mp-861184,4.842
mp-865867,41.319
mp-866192,34.107
mp-865871,46.741
mp-22961,31.855
mp-12411,48.483
mp-1185209,52.049
mp-11490,37.548
mp-754213,114.265
mp-4002,58.042
mp-3216,132.436
mp-4156,100.625
mp-753081,61.32
mp-25317,69.336
mp-545467,56.183
mp-865875,25.274
mp-976408,25.865
mp-977126,26.62
mp-975868,26.875
mp-6097,66.385
mp-16506,38.92
mp-15254,47.682
mp-31096,36.478
mp-13944,102.784
mp-757,34.809
mp-11247,33.973
mp-15999,40.186
mp-16828,64.468
mp-27275,72.847
mp-23222,28.2
mp-976075,14.299
mp-867343,22.509
mp-975904,22.645
mp-753982,11.688
mp-975882,31.489
mp-19970,81.806
mp-861228,38.568
mp-976023,23.233
mp-9568,38.44
mp-3887,98.991
mp-867342,32.98
mp-1646,25.438
mp-976047,25.641
mp-1018764,44.465
mp-867226,24.555
mp-976055,24.671
mp-1029562,85.511
mp-8407,56.817
mp-976139,19.333
mp-976254,18.827
mp-976256,18.913
mp-2251,51.984
mp-2341,65.179
mp-36086,104.609
mp-755309,11.108
mp-736,39.519
mp-28336,24.186
mp-2878,70.849
mp-13725,70.982
mp-985583,22.427
mp-30760,25.566
mp-11489,36.429
mp-1018770,37.325
mp-867227,46.404
mp-2074,32.535
mp-7955,28.627
mp-752426,38.534
mp-760415,28.938
mp-850275,9.928
mp-542435,92.251
mp-1018780,38.262
mp-35417,103.312
mp-7396,23.258
mp-551675,94.691
mp-760375,13.233
mp-1029592,80.904
mp-976412,23.55
mp-976414,23.562
mp-1201205,20.395
mp-759877,53.165
mp-29149,40.286
mp-755298,73.687
mp-11737,78.989
mp-685194,108.701
mp-9172,79.937
mp-861182,24.697
mp-7714,85.449
mp-7080,77.127
mp-15960,80.916
mp-865604,17.412
mp-981935,17.319
mp-29151,38.043
mp-770649,99.64
mp-1029448,70.247
mp-3838,71.86
mp-29364,94.256
mp-767409,34.76
mp-768197,38.444
mp-685991,35.658
mp-30766,29.691
mp-755013,101.668
mp-12283,24.305
mp-1029498,84.311
mp-867701,33.107
mp-1029739,76.66
mp-1029726,83.44
mp-756490,42.149
mp-8804,83.422
mp-1029826,84.062
mp-985591,27.629
mp-985592,27.54
mp-950995,26.78
mp-767525,34.924
mp-3503,84.394
mp-2468835,129.576
mp-5515,-236730.589
mp-14827,81.654
mp-1029522,75.104
mp-27930,32.647
mp-30767,27.747
mp-30768,30.336
mp-14753,82.815
mp-4604,82.448
mp-28549,77.448
mp-755225,93.569
mp-568404,31.163
mp-2362521,33.833
mp-862613,33.104
mp-862667,38.715
mp-861876,39.953
mp-864755,41.104
mp-862549,34.711
mp-2426,41.392
mp-1018026,44.019
mp-753326,50.447
mp-9472,64.676
mp-974642,47.164
mp-2927,59.483
mp-862716,66.506
mp-27227,66.519
mp-752927,68.307
mp-758302,54.712
mp-758604,36.273
mp-996988,75.626
mp-996992,70.805
mp-1067,48.228
mp-6442,63.864
mp-6340,132.634
mp-11512,135.916
mp-862318,103.846
mp-982667,136.0
mp-30817,104.819
mp-30819,124.378
mp-30821,119.342
mp-982666,115.85
mp-10890,63.994
mp-975906,62.466
mp-530399,196.082
mp-11947,71.27
mp-862717,97.735
mp-8204,194.262
mp-867272,87.133
mp-5920,55.853
mp-976291,24.716
mp-867812,117.454
mp-3427,92.356
mp-8001,142.701
mp-867820,119.104
mp-862296,151.998
mp-862297,147.585
mp-3161,63.069
mp-6326,114.023
mp-4586,27.57
mp-556562,16.616
mp-862321,108.466
mp-862335,160.442
mp-11248,98.057
mp-975909,102.226
mp-29520,6.138
mp-996961,56.84
mp-1001835,70.778
mp-1205309,43.817
mp-23662,41.323
mp-3660,83.932
mp-569450,196.324
mp-9244,153.134
mp-12403,14.836
mp-30209,15.533
mp-2659898,17.533
mp-3348,163.719
mp-3635,62.738
mp-862377,139.753
mp-9562,54.336
mp-982974,105.456
mp-1018783,69.944
mp-29463,92.715
mp-862312,124.471
mp-862316,165.822
mp-9575,56.099
mp-28567,75.053
mp-861905,82.613
mp-33526,49.655
mp-753506,60.947
mp-23259,25.963
mp-976280,19.461
mp-1378,40.769
mp-1021323,140.283
mp-1232339,128.198
mp-1001581,150.185
mp-862632,29.043
mp-867803,23.718
mp-867805,28.548000000000002
mp-867210,26.023
mp-867211,27.505
mp-867222,48.032
mp-975368,20.611
mp-867167,26.242
mp-976272,15.36
mp-6134,66.385
mp-961684,37.314
mp-31468,69.668
mp-20998,29.742
mp-13916,47.84
mp-2479693,33.128
mp-632402,44.136
mp-1437,35.162
mp-867160,64.741
mp-867196,71.539
mp-867206,84.2
mp-973940,41.518
mp-867872,58.234
mp-1018135,46.596
mp-867877,73.965
mp-867924,93.448
mp-24149,123.514
mp-20754,47.381
mp-22905,32.161
mp-30301,30.023
mp-13914,154.032
mp-867293,171.867
mp-20698,48.848
mp-753946,76.01
mp-757100,69.93
mp-2468815,80.565
mp-4226,64.206
mp-567097,88.21
mp-22716,77.333
mp-7473,105.396
mp-569834,75.321
mp-862658,92.453
mp-753098,57.622
mp-758052,72.986
mp-753257,27.725
mp-753541,39.822
mp-5127,69.627
mp-755646,28.615
mp-9158,81.11
mp-25372,118.564
mp-773044,57.048
mp-996987,78.449
mp-862657,144.978
mp-753371,32.045
mp-753508,38.109
mp-753605,26.248
mp-774712,53.764
mp-853967,42.412
mp-2468774,62.759
mp-2724538,25.653
mp-753722,41.616
mp-766486,46.834
mp-861913,49.683
mp-862588,68.896
mp-15789,49.046
mp-33667,53.412
mp-15795,41.119
mp-35717,46.015
mp-976793,54.254
mp-976744,50.836
mp-13474,59.851
mp-862619,43.83
mp-15791,50.021
mp-35591,53.745
mp-862492,43.284
mp-541365,47.287
mp-1138,69.649
mp-21471,67.093
mp-20049,71.576
mp-973979,119.616
mp-862290,145.894
mp-1307,42.172
mp-6241,96.585
mp-6745,110.559
mp-5419,121.949
mp-867223,90.52
mp-5159,83.371
mp-20363,103.688
mp-4913,103.896
mp-20567,115.246
mp-863257,39.269
mp-865963,66.916
mp-861900,85.118
mp-861901,86.815
mp-867197,117.728
mp-8002,118.336
mp-867198,117.477
mp-867170,151.641
mp-862730,148.873
mp-11582,34.67
mp-11390,58.688
mp-5048,26.207
mp-9918,39.993
mp-1020059,122.768
mp-861881,77.804
mp-8873,89.133
mp-861882,206.944
mp-29633,121.813
mp-13322,168.2
mp-23703,36.35
mp-23702,28.876
mp-23797,20.3
mp-23906,24.827
mp-23856,14.251
mp-1018133,82.256
mp-644271,21.446
mp-644419,21.647
mp-976598,142.948
mp-862684,145.945
mp-861875,137.66
mp-976600,127.886
mp-862610,174.685
mp-867119,117.376
mp-867834,146.996
mp-867148,145.866
mp-2012,32.253
mp-861896,69.136
mp-973824,22.639
mp-862737,97.049
mp-973841,51.616
mp-867145,54.046
mp-867267,74.476
mp-15820,61.118
mp-15796,40.461
mp-33322,46.754
mp-862677,42.546
mp-22899,19.889
mp-568273,20.169
mp-570935,14.86
mp-22460,32.743
mp-973966,29.761
mp-31208,103.987
mp-20801,67.719
mp-20265,81.018
mp-13396,90.326
mp-672340,95.132
mp-567787,60.474
mp-867287,76.048
mp-16343,37.377
mp-867926,100.631
mp-862774,128.499
mp-862775,125.117
mp-20310,29.929
mp-568466,34.609
mp-20782,23.297
mp-279,141.786
mp-30738,242.519
mp-973874,36.572
mp-24148,125.243
mp-861624,44.988
mp-6521,122.869
mp-973058,54.59
mp-976596,56.068
mp-976426,54.534
mp-754537,96.985
mp-754605,114.047
mp-977374,84.798
mp-861652,106.05
mp-976262,25.743
mp-2362485,25.554
mp-865939,30.17
mp-973374,28.486
mp-973455,29.769
mp-864598,44.769
mp-30648,38.321
mp-864630,42.537
mp-977380,57.675
mp-864614,70.501
mp-864601,66.418
mp-30759,32.073
mp-864762,40.259
mp-12558,46.549
mp-977418,68.967
mp-570213,31.336
mp-23736,40.623
mp-30156,96.016
mp-37906,98.683
mp-36111,53.996
mp-977399,84.673
mp-7554,61.1
mp-7555,73.754
mp-11806,86.934
mp-864597,30.009
mp-861629,102.805
mp-861658,134.07
mp-2659,35.899
mp-8180,39.77
mp-977563,209.556
mp-1029903,110.992
mp-3924,156.667
mp-3731,103.121
mp-552588,144.515
mp-864631,175.191
mp-7936,82.755
mp-865578,43.608
mp-24150,133.492
mp-865808,-71898502.387
mp-977391,73.027
mp-15821,54.525
mp-861660,48.714
mp-36791,47.891
mp-16349,132.644
mp-13915,112.914
mp-754516,59.926
mp-2365577,71.293
mp-9588,41.365
mp-3524,135.35
mp-865029,146.833
mp-2743,72.655
mp-2744,79.812
mp-30763,81.931
mp-861936,120.749
mp-861930,102.194
mp-861947,41.038
mp-861955,52.428
mp-861956,73.728
mp-862841,74.575
mp-862842,63.715
mp-863673,62.498
mp-863675,65.347
mp-863697,55.755
mp-862926,65.291
mp-862927,49.81
mp-862928,41.737
mp-977570,70.817
mp-861661,61.849
mp-8481,53.023
mp-865738,47.688
mp-11807,113.442
mp-30764,135.254
mp-861931,182.434
mp-30765,217.916
mp-600561,106.321
mp-861663,125.906
mp-14115,114.358
mp-14476,124.841
mp-861666,221.989
mp-1029251,104.541
mp-12564,53.85
mp-861736,107.809
mp-861667,149.879
mp-756784,62.775
mp-6099,92.293
mp-6553,105.957
mp-864772,74.156
mp-861616,99.243
mp-862887,98.86
mp-865444,89.908
mp-865793,85.14
mp-865795,87.654
mp-865936,82.734
mp-552663,88.172
mp-862815,82.368
mp-559598,86.711
mp-863659,57.209
mp-28835,16.739
mp-5840,118.79
mp-865184,91.829
mp-865228,116.125
mp-1001786,55.65
mp-6224,109.06
mp-865231,44.718
mp-795,52.319
mp-5853,158.088
mp-8874,94.759
mp-865933,230.966
mp-10181,149.838
mp-864997,139.601
mp-867902,186.513
mp-866146,74.686
mp-866150,74.266
mp-865708,66.47
mp-865812,50.518
mp-34477,50.115
mp-35388,43.726
mp-865116,41.722
mp-13444,37.597
mp-569073,34.696
mp-1029294,83.514
mp-31301,62.451
mp-21894,69.115
mp-16648,63.729
mp-21297,68.495
mp-11977,58.955
mp-865710,67.96
mp-7243,108.005
mp-864784,142.707
mp-1001783,47.326
mp-977561,222.448
mp-3666,121.383
mp-861951,185.431
mp-861954,190.046
mp-867285,81.503
mp-864804,52.714
mp-15793,40.551
mp-38695,46.042
mp-977542,42.072
mp-862870,194.213
mp-861733,94.385
mp-865940,83.821
mp-1029424,134.345
mp-5670,-4729.5
mp-867744,193.852
mp-864930,190.484
mp-25417,132.322
mp-38280,170.849
mp-755000,129.822
mp-764648,140.834
mp-6668,97.252
mp-977440,148.971
mp-863727,154.975
mp-9615,65.258
mp-1001784,60.842
mp-10189,35.309
mp-934,26.903
mp-989512,22.841
mp-989551,41.494
mp-973191,26.317
mp-12716,94.163
mp-867873,53.804
mp-976260,64.88
mp-861933,54.296
mp-861665,38.577
mp-777047,93.296
mp-867364,82.224
mp-867313,103.456
mp-976259,103.934
mp-1029338,147.437
mp-867927,223.046
mp-1029932,80.75
mp-867829,179.191
mp-7543,64.697
mp-754542,61.175
mp-862555,50.306
mp-867235,80.823
mp-862719,80.346
mp-867121,71.412
mp-862672,94.264
mp-862673,70.948
mp-867822,70.268
mp-3700,79.743
mp-14209,59.504
mp-867810,52.184
mp-15788,48.397
mp-33363,53.265
mp-755552,69.089
mp-37879,45.569
mp-14208,62.422
mp-867807,41.8
mp-864771,33.235
mp-864763,41.92
mp-864769,25.992
mp-21242,30.798000000000002
mp-1934,41.652
mp-867255,80.793
mp-867253,116.817
mp-867252,41.35
mp-867250,87.893
mp-867251,104.433
mp-865912,102.513
mp-865907,56.751
mp-861625,65.489
mp-9124,53.606
mp-861932,86.57
mp-569788,52.042
mp-7575,112.773
mp-754344,101.841
mp-760408,94.162
mp-10182,63.12
mp-11175,31.32
mp-867258,109.393
mp-9919,46.251
mp-976330,131.667
mp-865870,134.753
mp-865872,126.874
mp-865893,117.351
mp-865924,103.353
mp-865925,164.912
mp-755253,158.131
mp-865866,139.016
mp-865868,137.351
mp-973571,44.851
mp-571552,133.386
mp-5346,121.177
mp-12061,187.743
mp-3400,141.054
mp-13399,113.636
mp-12100,128.686
mp-12101,179.764
mp-3507,136.258
mp-3108,158.887
mp-10453,160.669
mp-1025335,98.232
mp-8771,202.613
mp-865446,73.413
mp-973442,99.763
mp-865459,98.781
mp-973538,67.89
mp-973956,66.319
mp-866211,59.863
mp-865325,118.848
mp-865847,101.128
mp-4214,128.894
mp-981393,82.566
mp-1250,58.376
mp-865505,69.509
mp-973734,65.863
mp-865321,137.722
mp-973771,57.128
mp-865240,55.4
mp-865329,79.162
mp-973756,167.213
mp-31136,65.165
mp-1427,156.458
mp-13068,155.662
mp-865320,115.779
mp-2826,76.765
mp-866131,65.545
mp-866133,60.239
mp-973893,63.57
mp-973653,69.957
mp-865406,80.916
mp-973636,68.94
mp-973646,70.073
mp-973266,53.348
mp-1017627,99.463
mp-11733,95.187
mp-568631,92.061
mp-15178,128.084
mp-542170,141.033
mp-11755,64.762
mp-11752,66.909
mp-11584,49.878
mp-1018025,115.236
mp-12505,74.223
mp-1234,189541.922
mp-8631,182.221
mp-973540,181.461
mp-1025105,84.386
mp-567229,93.387
mp-7644,136.399
mp-11249,96.113
mp-1025526,112.13
mp-1104289,213.636
mp-1024990,251.607
mp-2880,264.273
mp-5578,227.908
mp-571495,181.742
mp-3717,188.744
mp-866214,3.474
mp-865796,128.593
mp-865324,3.289
mp-2206,191.768
mp-865797,127.341
mp-1210846,218.149
mp-16753,72.224
mp-8125,100.492
mp-13200,78.999
mp-2463,113.817
mp-1025552,103.459
mp-495,68.978
mp-1025155,87.39
mp-865806,94.234
mp-755342,172.4
mp-865607,115.558
mp-865609,149.694
mp-9351,95.16
mp-865846,163.884
mp-865521,2.849
mp-977,54.557
mp-4972,89.584
mp-569848,118.324
mp-865884,138.075
mp-1529,147.522
mp-1761,365.57
mp-973684,41.172
mp-19967,103.621
mp-1102,178.449
mp-865255,182.535
mp-2130,72.924
mp-11492,100.82
mp-30457,82.386
mp-13074,86.727
mp-20185,96.168
mp-567590,218.705
mp-10192,86.563
mp-9853,68.608
mp-865608,159.674
mp-865801,138.404
mp-2205,102.592
mp-1158,134.504
mp-790,182.998
mp-377,122.628
mp-865443,129.632
mp-10699,205.343
mp-568630,178.59
mp-656,104.585
mp-27246,11.68
mp-516,63.1
mp-10194,104.751
mp-866138,168.296
mp-973432,130.571
mp-1001612,97.309
mp-973633,128.819
mp-22440,158.407
mp-22801,137.113
mp-13302,79.222
mp-865378,142.714
mp-865379,156.439
mp-5489,138.592
mp-12862,161.12
mp-866127,218.717
mp-866125,190.885
mp-973750,60.626
mp-973556,51.667
mp-1017508,30.603
mp-11496,67.899
mp-865563,111.102
mp-865566,138.683
mp-865434,156.979
mp-110,36.66
mp-153,36.448
mp-973364,35.997
mp-531611,189.975
mp-9514,132.844
mp-23709,17.913
mp-16755,21.873
mp-9479,18.423
mp-3833,62.188
mp-16043,172.795
mp-568803,228.181
mp-3582,157.751
mp-1079629,145.308
mp-1190680,14.053
mp-865185,76.107
mp-11917,184.695
mp-10924,203.708
mp-1047145,60.487
mp-4590,162.924
mp-30247,51.731
mp-35777,21.234
mp-10440,204.177
mp-8208,187.744
mp-1541458,16.491
mp-27219,49.538
mp-13570,69.339
mp-1001019,57.484
mp-12766,48.999
mp-16860,60.24
mp-2151,49.768
mp-864978,73.054
mp-864976,99.15
mp-864932,84.193
mp-864933,88.2
mp-29624,16.399
mp-6174,123.273
mp-30178,101.138
mp-5618,103.919
mp-568556,208.857
mp-1029520,124.288
mp-2481,56.418
mp-1052023,59.925
mp-10746,96.222
mp-23804,76.609
mp-30650,45.747
mp-27668,51.099
mp-408,49.429
mp-30244,62.075
mp-643002,76.044
mp-697030,75.094
mp-30719,44.345
mp-31326,6.144
mp-1402707,109.74
mp-7589,104.566
mp-1029408,118.753
mp-2137,71.061
mp-8969,125.782
mp-697331,52.729
mp-5427,117.085
mp-3933,149.391
mp-20724,34.401
mp-18316,68.21
mp-864972,88.039
mp-864975,106.503
mp-864969,106.207
mp-13208,70.693
mp-864940,120.332
mp-12693,63.8
mp-864965,100.755
mp-1029378,114.786
mp-1367,54.228
mp-15779,124.71
mp-2895,119.124
mp-5391,156.143
mp-5639,173.178
mp-14793,98.07
mp-2343,40.919
mp-1029442,122.385
mp-757031,146.153
mp-567244,35.591
mp-978256,35.144
mp-1029368,128.676
mp-30784,68.686
mp-978265,72.28
mp-978267,84.27
mp-684031,79.394
mp-864952,47.879
mp-978271,44.909
mp-6073,158.13
mp-1990,49.199
mp-7891,53.676
mp-1557,57.636
mp-17783,57.457
mp-23087,133.058
mp-1039073,40.241
mp-1039075,39.454
mp-569018,36.731
mp-30490,39.972
mp-978273,37.897
mp-1039055,38.741
mp-1039293,38.235
mp-2479851,44.71
mp-978280,40.626
mp-978281,41.632
mp-30245,54.791
mp-731,42.628
mp-569103,40.607
mp-978282,40.931
mp-569125,39.204
mp-978283,38.832
mp-30739,76.899
mp-568419,75.799
mp-1559,110.105
mp-7604,108.207
mp-978293,36.348
mp-18712,76.484
mp-18707,69.596
mp-569265,69.824
mp-542429,65.593
mp-625,105.762
mp-2646,42.369
mp-864937,43.21
mp-23764,63.515
mp-696497,54.317
mp-978294,41.535
mp-864938,34.56
mp-753315,155.464
mp-30242,88.485
mp-17481,148.83
mp-1039434,38.04
mp-11465,42.841
mp-2406,62.662
mp-30778,112.559
mp-644281,63.812
mp-542854,58.465
mp-2696,63.271
mp-30351,77.693
mp-864934,76.915
mp-998418,80.974
mp-1008903,58.085
mp-1038934,48.424
mp-1039019,48.143
mp-3034,76.205
mp-3536,182.861
mp-1038916,65.112
mp-1039119,61.207
mp-865919,80.359
mp-865921,188.646
mp-865152,124.171
mp-865155,155.745
mp-4499,67.736
mp-7623,43.341
mp-865146,182.409
mp-437,81.405
mp-30408,111.519
mp-864935,109.614
mp-763,147.434
mp-365,158.697
mp-978275,183.359
mp-30091,208.317
mp-855,99.848
mp-1039305,39.702
mp-1383723,15.823
mp-30034,7.41
mp-9166,96.751
mp-5348,103.452
mp-11307,42.673
mp-978274,42.072
mp-1038767,41.755
mp-1038814,42.487
mp-1038972,40.284
mp-1039124,41.638
mp-972954,42.98
mp-30491,43.169
mp-30727,69.74
mp-865150,86.378
mp-23210,8.66
mp-570259,9.627
mp-570922,5.603
mp-864931,111.473
mp-2672345,80.417
mp-1038,91.482
mp-27226,98.437
mp-3676,97.854
mp-4083,65.78
mp-30449,56.495
mp-997031,136.108
mp-1023125,126.208
mp-7352,91.308
mp-3522,66.779
mp-11361,78.29
mp-1249,92.21
mp-1746,104.298
mp-865187,154.144
mp-30651,49.454
mp-865183,68.65
mp-865186,187.256
mp-865092,116.982
mp-865123,120.303
mp-865125,155.284
mp-1016200,52.437
mp-865160,184.958
mp-7798,146.174
mp-3759,167.305
mp-4819,111.428
mp-34903,63.914
mp-865162,162.451
mp-23710,49.554
mp-23711,48.435
mp-23712,61.574
mp-1198750,27.639
mp-1408,45.593
mp-11464,40.223
mp-972892,22.072
mp-23205,9.165
mp-2313,38.92
mp-20566,37.336
mp-973088,68.284
mp-30587,100.153
mp-865044,165.085
mp-19929,106.537
mp-865043,109.21
mp-977438,136.968
mp-11883,197.34
mp-20354,77.255
mp-976406,140.637
mp-977463,136.68
mp-864954,246.262
mp-2665147,76.292
mp-977555,175.381
mp-977430,188.842
mp-1010953,92.625
mp-1018140,88.25
mp-2675,-1088.079
mp-30773,113.99
mp-30774,116.057
mp-571428,191.72
mp-10700,168.29
mp-29733,69.981
mp-1008881,94.365
mp-1017509,90.601
mp-1017629,109.663
mp-15778,83.144
mp-1265,151.45
mp-2589,129.089
mp-384,57.463
mp-1025261,144.919
mp-15780,197.337
mp-30943,10.068
mp-19734,20.958
mp-506,93.324
mp-12741,115.038
mp-7753,128.765
mp-12742,129.074
mp-976976,140.811
mp-977059,140.05
mp-977113,113.186
mp-7921,30.483
mp-12651,113.116
mp-30777,183.899
mp-1172,115.355
mp-977571,130.825
mp-865611,181.297
mp-977273,198.411
mp-9927,22.148
mp-1315,74.305
mp-13032,55.408
mp-7572,72.292
mp-10183,79.924
mp-10184,88.916
mp-1174,49.321
mp-864941,49.044
mp-977580,64.52
mp-866077,57.839
mp-866081,105.142
mp-866082,88.439
mp-866080,58.309
mp-977554,72.567
mp-977566,101.961
mp-866069,127.869
mp-10760,60.707
mp-13031,45.241
mp-1018040,44.971
mp-12630,60.907
mp-1016197,57.986
mp-866086,213.993
mp-3677,173.274
mp-15701,174.541
mp-3470,97.725
mp-4321,101.455
mp-603930,102.987
mp-2961,72.206
mp-866087,179.203
mp-20202,73.432
mp-5549,65.619
mp-864906,175.938
mp-1029791,119.793
mp-1009083,55.805
mp-864883,112.134
mp-866073,147.583
mp-39105,275.66
mp-866075,216.134
mp-36800,243.254
mp-866071,228.974
mp-866072,185.429
mp-864903,198.121
mp-1039,33.954
mp-13033,35.367
mp-1008786,46.024
mp-21309,122.031
mp-2604,37.266
mp-27872,641.16
mp-28232,162.509
mp-864908,191.279
mp-1029702,161.671
mp-3771,161.087
mp-864919,161.554
mp-11498,33.764
mp-864902,131.037
mp-583266,54.259
mp-978268,50.041
mp-2415538,43.601
mp-1124,63.27
mp-978269,-11105.186
mp-580931,62.771
mp-11236,75.529
mp-864922,94.828
mp-864923,115.137
mp-977547,140.599
mp-978270,80.271
mp-864920,114.52
mp-864921,178.265
mp-1029536,149.501
mp-864907,121.633
mp-864910,149.687
mp-542909,248.693
mp-1025315,27.918
mp-19789,297.065
mp-15974,87.181
mp-1025180,48.783
mp-34328,-7.386
mp-20025,38.003
mp-20261,32.669
mp-3669,27.063
mp-758104,142.138
mp-7892,199.942
mp-13079,158.934
mp-864988,193.97
mp-864989,255.756
mp-10895,185.386
mp-864990,237.182
mp-610522,142.715
mp-30410,127.572
mp-20318,301.039
mp-22289,176.138
mp-13082,220.339
mp-864955,153.099
mp-20473,137.679
mp-9981,198.001
mp-12659,223.474
mp-865011,195.796
mp-1849,193.549
mp-865032,174.551
mp-20664,82.893
mp-999558,198.379
mp-999576,218.838
mp-5056,57.588
mp-21139,42.268
mp-21235,187.236
mp-865554,224.329
mp-865026,242.884
mp-973149,179.795
mp-15819,114.667
mp-4593,235.077
mp-2668,121.507
mp-10118,237.291
mp-999550,184.623
mp-627439,227.986
mp-865027,195.84
mp-864735,242.395
mp-12857,203.771
mp-7070,179.569
mp-20211,227.244
mp-20860,215.893
mp-2930,192.524
mp-2856,123.19
mp-22749,219.19
mp-1111,313.656
mp-18468,205.196
mp-22290,144868.335
mp-771,122.529
mp-12067,145.789
mp-173,110.784
mp-5491,121.118
mp-3623,188.169
mp-3574,125.381
mp-31185,204.228
mp-20757,111.84
mp-864950,228.585
mp-4922,158.539
mp-10891,145.343
mp-10892,102.361
mp-10893,179.073
mp-10894,185.161
mp-864980,218.933
mp-610,61.789
mp-22240,106.766
mp-12559,130.581
mp-567856,147.225
mp-10049,164.876
mp-12674,113.61
mp-11252,121.429
mp-12565,130.268
mp-585,253.476
mp-1010,276.056
mp-1078253,273.514
mp-1106184,274.672
mp-11270,-275.776
mp-978261,172.297
mp-864943,193.511
mp-864944,139.445
mp-864945,171.181
mp-28306,9.387
mp-12335,95.244
mp-28233,7.158
mp-1009133,192.154
mp-19850,197.347
mp-5396,174.535
mp-4492,218.693
mp-20840,166.928
mp-20565,149.075
mp-21286,145.917
mp-20249,201.268
mp-5318,116.415
mp-1018803,86.94
mp-19809,160.562
mp-1008874,116.02
mp-20474,70.597
mp-22221,103.969
mp-19722,64.725
mp-22400,50.85
mp-864946,143.606
mp-1009134,1470.468
mp-1018071,213.562
mp-5529,237.181
mp-999542,195.98
mp-4238,159.384
mp-505803,114.365
mp-1018024,205.404
mp-21171,186.181
mp-20228,157.338
mp-601285,157.893
mp-569151,103.094
mp-864948,173.179
mp-864949,188.351
mp-1078464,142.529
mp-610972,125.652
mp-505781,134.593
mp-4664,189.249
mp-864936,227.345
mp-28013,7.357
mp-22673,103.816
mp-22731,235.971
mp-31328,70.027
mp-864968,155.882
mp-2728,265.335
mp-865022,287.886
mp-6933,137.8
mp-1009130,260.012
mp-9951,182.253
mp-20335,227.683
mp-864992,218.17
mp-7829,198.194
mp-11500,149.255
mp-22029,160.744
mp-5124,137.829
mp-20440,141.181
mp-20007,142.033
mp-21090,116.642
mp-975423,172.329
mp-600124,101.928
mp-2662,173.538
mp-487,137.01
mp-569522,137.141
mp-571193,137.018
mp-755453,130.329
mp-769096,117.205
mp-238,131.6
mp-1902,132.501
mp-31138,146.973
mp-1670,166.177
mp-417,183.708
mp-4652,151.048
mp-1783,51.147
mp-2065,60.377
mp-2562,60.391
mp-1018804,126.738
mp-1422029,6.171
mp-786,56.824
mp-10154,131.258
mp-3499,122.697
mp-5676,110.879
mp-4846,112.852
mp-864957,200.874
mp-972,44.652
mp-2293,53.225
mp-10204,55.613
mp-604910,22.494
mp-999540,51.3
mp-21321,66.359
mp-1431,203.381
mp-21851,163.928
mp-20949,162.799
mp-999508,170.737
mp-22565,154.446
mp-865015,208.501
mp-864966,247.412
mp-864970,252.159
mp-20086,66.375
mp-22027,79.189
mp-20481,129.866
mp-21418,59.75
mp-4990,169.635
mp-864971,176.935
mp-404,46.771
mp-1406,46.537
mp-1009222,35.201
mp-21893,49.969
mp-30528,34.135
mp-570290,34.353
mp-316,243.086
mp-864953,231.986
mp-865462,265.263
mp-864984,210.529
mp-864983,228.444
mp-11503,91.942
mp-11504,80.961
mp-864985,226.37
mp-864987,168.969
mp-129,262.529
mp-1025575,15.148
mp-1552,295.211
mp-1221519,353.135
mp-27953,377.071
mp-1627,98.313
mp-1027890,18.749
mp-1120,282.393
mp-801,290.754
mp-1232,265.997
mp-2164,75.814
mp-1743,152.527
mp-23312,4.428
mp-2305,349.501
mp-22853,12.057
mp-11481,309.568
mp-11482,337.003
mp-2811,332.975
mp-13036,348.484
mp-1065394,350.498
mp-1078389,351.233
mp-219,219.328
mp-11508,135.442
mp-999502,275.137
mp-952,271.801
mp-12595,265.285
mp-30787,268.478
mp-975834,295.76
mp-1434,24.506
mp-2815,25.575
mp-1018809,27.047
mp-1023924,10.685
mp-1023939,15.035
mp-1025874,17.107
mp-554769,50.553
mp-1634,18.747
mp-7581,19.537
mp-1023934,9.262
mp-1025799,13.904
mp-1221393,365.494
mp-25,0.6920000000000001
mp-568584,1.314
mp-570747,0.8230000000000001
mp-672233,-1.17
mp-2789,5.601
mp-127,7.808
mp-10172,7.777
mp-974558,7.76
mp-982370,7.773
mp-978278,11.036
mp-758835,127.552
mp-29069,58.012
mp-676586,43.286
mp-541895,36.443
mp-554041,61.102
mp-556125,47.14
mp-541989,39.851
mp-3070,47.059
mp-20495,43.912
mp-28810,16.312
mp-973056,17.144
mp-20389,23.527
mp-2831941,30.022
mp-15685,31.898
mp-755974,67.632
mp-7639,34.554
mp-5784,53.912
mp-23954,28.047
mp-643260,20.548000000000002
mp-697096,22.706
mp-690785,22.335
mp-865500,102.218
mp-1029309,33.135
mp-4961,42.323
mp-9719,40.227
mp-989504,59.139
mp-6319,64.198
mp-865625,22.948
mp-2352,45.868
mp-1974948,46.967
mp-2340,49.866
mp-27562,94.869
mp-4823,47.04
mp-4366,54.301
mp-22313,73.912
mp-648,28.189
mp-3143,42.966
mp-4770,42.716
mp-1266,23.909
mp-5141,37.641
mp-15113,101.485
mp-4533,61.337
mp-761872,30.323
mp-2784,19.229
mp-4829,51.138
mp-1025360,59.913
mp-6328,52.503
mp-3488,97.103
mp-850251,125.464
mp-6228,82.829
mp-864898,22.587
mp-866132,24.55
mp-23546,3.215
mp-7725,70.652
mp-546142,42.279
mp-13520,23.139
mp-1024067,30.666
mp-6391,77.843
mp-556536,49.275
mp-1029316,39.38
mp-990440,80.895
mp-7219,34.893
mp-6824,89.399
mp-754483,33.577
mp-27321,41.123
mp-21199,5423.812
mp-3527,50.007
mp-8543,23.337
mp-3416,50.993
mp-676512,47.494
mp-5122,28.353
mp-1136,22.238
mp-8860,24.248
mp-1186018,18.941
mp-28630,46.765
mp-27838,17.175
mp-977189,19.11
mp-985586,31.663
mp-977062,9.908
mp-983509,11.971
mp-754352,50.896
mp-779545,43.258
mp-23780,35.743
mp-34579,39.246
mp-864765,43.786
mp-29551,12.299
mp-864758,13.554
mp-982637,11.333
mp-1029595,41.387
mp-1598,24.781
mp-558432,27.644
mp-473,13.739
mp-11738,25.786
mp-28782,22.958
mp-985584,22.647
mp-542136,38.66
mp-27478,42.892
mp-7956,19.462
mp-10167,21.399
mp-8703,19.392
mp-29417,14.933
mp-864742,17.492
mp-977403,12.052
mp-982773,11.861
mp-982873,11.581
mp-675104,20.048
mp-864745,41.055
mp-542090,24.097
mp-23145,56.124
mp-8752,23.586
mp-28591,23.476
mp-22937,20.124
mp-28698,41.96
mp-27579,45.175
mp-760492,54.146
mp-5327,46.607
mp-6150,91.312
mp-760400,58.661
mp-29308,33.706
mp-11147,35.442
mp-1029574,39.663
mp-20067,55.843
mp-8253,56.295
mp-5929,30.046
mp-5055,30.501
mp-1029542,54.672
mp-778364,46.367
mp-1029656,53.691
mp-8389,31.23
mp-568866,16.146
mp-3138,18.677
mp-28017,74.063
mp-864806,40.247
mp-865090,31.125
mp-30352,47.598
mp-973174,52.516
mp-754326,58.425
mp-3405,152.126
mp-7400,39.291
mp-23704,19.606
mp-7748,133.356
mp-10166,28.308
mp-27335,40.723
mp-10163,21.938
mp-1052,71.011
mp-20343,40.105
mp-3521,28.014
mp-38725,19.433
mp-976181,19.495
mp-3889,45.442
mp-28614,154.883
mp-9573,44.531
mp-9574,34.453
mp-22924,29.484
mp-972941,32.912
mp-23054,57.489
mp-675531,27.308
mp-22916,19.491
mp-23339,27.038
mp-546500,27.617
mp-6633,18.759
mp-976261,24.704
mp-865051,22.925
mp-961685,33.378
mp-865082,41.303
mp-976236,24.373
mp-976289,49.057
mp-865076,69.41
mp-865077,28.313
mp-973166,27.528
mp-976220,24.122
mp-754567,69.553
mp-13459,32.293
mp-755581,64.896
mp-22862,23.77
mp-2720358,25.827
mp-38103,20.812
mp-1029407,87.392
mp-5693,60.393
mp-754631,69.185
mp-2408760,93.317
mp-2725306,45.84
mp-7469,47.66
mp-4541,58.273
mp-754718,59.984
mp-997041,48.702
mp-7433,47.267
mp-7434,31.971
mp-999490,45.768
mp-3613,46.984
mp-865117,37.926
mp-682,46.136
mp-22152,48.294
mp-6822,169.061
mp-454,39.224
mp-23918,13.991
mp-14433,134.959
mp-23870,23.295
mp-23850,13.017
mp-643273,108.766
mp-721314,25.943
mp-540554,22.716
mp-23684,25.163
mp-27837,32.742
mp-23891,33.109
mp-634657,21.406
mp-255,17.221
mp-11466,18.769
mp-865097,80.025
mp-675798,71.34
mp-999474,37.932
mp-865096,38.106
mp-23268,15.1
mp-6333,98.189
mp-865100,25.727
mp-5175,90.689
mp-22483,19.763
mp-865098,55.109
mp-754777,63.943
mp-755586,82.441
mp-570998,41.942
mp-975997,22.028
mp-5077,29.136
mp-973316,11.571
mp-755144,55.978
mp-8452,35.529
mp-8754,24.832
mp-9035,48.095
mp-5962,33.163
mp-561536,97.556
mp-2955,69.146
mp-560399,71.171
mp-865107,15.404
mp-7090,26.982
mp-865110,24.965
mp-20612,23.526
mp-27176,27.676
mp-20227,47.234
mp-20970,26.873
mp-22003,25.56
mp-570538,23.382
mp-2964,23.903
mp-4531,26.795
mp-7017,129.459
mp-3744,146.768
mp-3136,176.561
mp-3671,101.993
mp-4419,130.639
mp-4514,100.75
mp-4681,92.741
mp-4748,124.843
mp-1105765,111.184
mp-7937,76.388
mp-7939,61.06
mp-865113,57.865
mp-865115,42.221
mp-999470,41.505
mp-1029466,60.312
mp-1901,32.685
mp-22464,23.841
mp-7440,29.048
mp-31086,35.625
mp-10474,23.499
mp-865120,132.432
mp-20555,32.491
mp-981933,72.915
mp-976971,97.437
mp-755378,86.526
mp-862942,59.173
mp-862943,43.007
mp-862949,36.356
mp-865118,56.68
mp-865119,41.671
mp-8470,84.293
mp-865112,35.668
mp-976923,211.053
mp-5558,21.527
mp-8830,109.969
mp-1029313,94.744
mp-7240,94.522
mp-409,26.857
mp-2400,24.869
mp-22212,128.735
mp-5414,23.333
mp-7914,100.745
mp-999460,51.116
mp-15668,21.931
mp-2402,17.961
mp-8973,186.672
mp-4276,105.869
mp-865111,59.904
mp-865108,43.362
mp-754027,91.596
mp-756034,74.437
mp-999455,43.099
mp-999450,35.686
mp-865109,36.766
mp-29529,29.913
mp-977110,80.165
mp-27682,39.706
mp-952566,22.663
mp-5475,136.044
mp-4170,201.078
mp-4675,139.77
mp-4699,127.767
mp-999126,44.885
mp-999127,37.348
mp-977176,190.453
mp-9264,31.246
mp-3269,88.135
mp-39681,103.839
mp-754375,141.836
mp-29356,143.935
mp-7002,104.141
mp-977123,138.443
mp-7942,50.05
mp-752947,53.161
mp-754850,52.215
mp-865145,27.25
mp-865127,23.718
mp-989561,42.375
mp-989533,39.944
mp-865126,74.545
mp-754825,89.39
mp-9076,47.536
mp-866128,37.535
mp-5788,83.733
mp-1029711,46.808
mp-10224,59.208
mp-10225,57.655
mp-3567,46.152
mp-34081,68.677
mp-4494,36.215
mp-950,64.356
mp-13097,36.358
mp-3795,68.824
mp-1029357,63.702
mp-4824,42.42
mp-4247,31.291
mp-75,172.05
mp-32679,226.442
mp-18427,159.974
mp-996162,169.752
mp-9989,204.049
mp-2318,223.238
mp-569989,226.573
mp-9988,194.217
mp-4384,-27.163
mp-5745,40.643
mp-560530,117.943
mp-10366,225.621
mp-7443,75.556
mp-4643,105.183
mp-19835,161.184
mp-1188869,302.64
mp-1595,135.559
mp-776896,55.283
mp-9987,222.653
mp-754711,146.353
mp-982725,237.553
mp-2330,68.479
mp-5443,161.142
mp-17177,143.453
mp-796,159.438
mp-996161,200.473
mp-2752,184.705
mp-2123,174.046
mp-20689,241.544
mp-10255,274.679
mp-568014,158.674
mp-29950,12.959
mp-999395,187.538
mp-2670,166.129
mp-11393,167.906
mp-1373,171.519
mp-1458,218.977
mp-753459,212.133
mp-760401,188.369
mp-1932,232.709
mp-2663,203.6
mp-1545,201.402
mp-977434,208.891
mp-29057,12.982
mp-2053,173.865
mp-17848,183.507
mp-1326,165.507
mp-570751,170.078
mp-28938,12.425
mp-567713,11.975999999999999
mp-3103,216.088
mp-1220650,303.254
mp-21447,183.709
mp-10003,194.139
mp-22312,193.734
mp-4139,-617971.136
mp-569167,282.104
mp-7927,268.181
mp-22396,187.702
mp-13967,180.208
mp-570293,164.794
mp-759636,177.534
mp-274,96.984
mp-15837,112.67
mp-13686,18615.339
mp-567871,185.606
mp-567996,192.916
mp-7557,-3038571.266
mp-30797,89.583
mp-2760,235.464
mp-7250,220.75
mp-3640,218.334
mp-12725,187.023
mp-2349989,117.29
mp-1842,126.155
mp-5149,195.157
mp-865280,209.082
mp-4813,181.822
mp-27927,173.006
mp-865278,260.723
mp-11537,230.476
mp-2059,161.259
mp-7598,125.156
mp-1606,176.852
mp-2580,263.884
mp-450,286.562
mp-1220383,297.126
mp-8615,249.352
mp-863076,72.864
mp-568245,2.605
mp-910,296.238
mp-670,-285885.176
mp-570557,199.865
mp-21449,233.807
mp-31460,193.533
mp-21440,189.979
mp-20144,214.246
mp-9916,209.159
mp-5621,44.381
mp-4043,33.566
mp-991676,30.476
mp-31510,65.953
mp-1416,33.398
mp-568901,305.721
mp-999389,198.022
mp-9437,164.016
mp-1973,122.973
mp-4364,193.763
mp-3539,186.563
mp-7601,162.98
mp-977401,233.221
mp-363,144.24
mp-22287,223.174
mp-864669,220.427
mp-24154,179.449
mp-28357,23.318
mp-570722,3.502
mp-9595,161.141
mp-864788,210.794
mp-1359,258.818
mp-1339,313.146
mp-2634,312.566
mp-2701,314.396
mp-7596,236.601
mp-3504,156.967
mp-1451,205.078
mp-11513,197.229
mp-9985,230.082
mp-20932,215.347
mp-2311,242.599
mp-2533,234.511
mp-557057,207.449
mp-754698,160.143
mp-755690,181.643
mp-752415,139.921
mp-752467,94.407
mp-9339,185.947
mp-4888,87.368
mp-27471,139.088
mp-7524,127.788
mp-1018151,194.599
mp-1135,197.625
mp-669692,196.318
mp-999376,229.595
mp-11514,241.924
mp-12700,249.254
mp-1963,227.229
mp-11515,219.994
mp-567345,217.831
mp-2449,248.556
mp-756638,215.16
mp-432,234.476
mp-11516,228.567
mp-11517,254.366
mp-647,178.15
mp-2243,178.147
mp-966,9.643
mp-1802,25.187
mp-1874,10.712
mp-2648,13.237
mp-10033,26.113
mp-555293,5.711
mp-774873,22.146
mp-995122,11.912
mp-562100,16.691
mp-1969,96.221
mp-505297,168.993
mp-2207,21.189
mp-7007,9.602
mp-7597,20.516
mp-10228,18.487
mp-568347,17.043
mp-571133,20.549
mp-571270,27.022
mp-643063,21.889
mp-525,22.823
mp-2478,175.204
mp-12104,175.016
mp-21907,151.91
mp-21248,244.124
mp-22722,194.818
mp-10469,215.103
mp-10470,221.086
mp-864672,245.129
mp-1046,96.844
mp-9586,68.64
mp-11675,28.028
mp-1018150,21.331
mp-20196,32.222
mp-540924,5.474
mp-1025396,18.062
mp-977408,176.002
mp-1220351,287.133
mp-30798,140.627
mp-1029422,138.984
mp-953,118.284
mp-864857,192.655
mp-864831,202.133
mp-864840,218.128
mp-123,33.844
mp-159,31.862
mp-4229,81.818
mp-4999,111.275
mp-5622,122.962
mp-4228,120.144
mp-2877,115.656
mp-1106404,216.78
mp-20785,124.467
mp-3489,118.239
mp-4725,107.798
mp-4920,123.385
mp-625397,65.945
mp-3018,118.634
mp-567723,120.915
mp-4302,111.919
mp-569974,153.813
mp-568055,124.803
mp-15051,147.983
mp-3569,100.469
mp-4007,147.126
mp-571586,152.083
mp-4323,123.29
mp-20950,137.703
mp-4013,134.593
mp-11667,75.88
mp-974387,56.88
mp-977404,83.856
mp-864790,47.035
mp-866067,50.858
mp-1198482,-1999.062
mp-864805,86.254
mp-4158,136.726
mp-864837,81.88
mp-1199650,138.937
mp-4383,156.971
mp-973606,92.21
mp-864622,94.942
mp-864611,105.456
mp-976425,36.226
mp-864610,46.7
mp-864612,46.386
mp-864602,44.88
mp-864659,106.997
mp-1045,124.063
mp-438,74.377
mp-3211,107.491
mp-864633,57.531
mp-5459,71.289
mp-552028,127.005
mp-2816,45.139
mp-976341,54.104
mp-976344,54.936
mp-977445,80.699
mp-5977,158.964
mp-571330,63.965
mp-21483,41.855
mp-20385,63.104
mp-21022,75.749
mp-974066,34.408
mp-2204,53.979
mp-1533,41.606
mp-36592,60.875
mp-567735,55.178
mp-355,64.481
mp-510503,53.972
mp-1236,55.86
mp-567891,58.469
mp-864892,81.37
mp-864893,64.746
mp-400,72.11
mp-16513,66.853
mp-7186,105.597
mp-12734,109.306
mp-1834,70.958
mp-14254,197.949
mp-2602,71.185
mp-3055,199.655
mp-7099,214.904
mp-1929,174.362
mp-11597,170.929
mp-3591,174.728
mp-23300,50.357
mp-545529,61.877
mp-977565,78.758
mp-27975,9.801
mp-23068,20.663
mp-2297,101.733
mp-1059,48.816
mp-977562,79.109
mp-23183,34.633
mp-23058,74.064
mp-445,-296.548
mp-3689,157.015
mp-569,-2900.928
mp-8761,161.032
mp-20531,57.838
mp-14625,92.959
mp-21890,69.818
mp-5170,119.87
mp-13008,8.593
mp-1140,101.881
mp-3739,62.416
mp-974307,73.474
mp-974325,38.234
mp-866063,40.013
mp-974517,40.097
mp-974523,51.522
mp-974638,57.029
mp-11382,102.413
mp-20690,86.25
mp-4196,113.322
mp-1448,74.648
mp-2524,70.177
mp-1104008,60.633
mp-3196,161.789
mp-663,71.314
mp-2129,66.327
mp-975664,69.174
mp-21194,82.192
mp-24096,71.096
mp-11467,55.951
mp-11468,55.521
mp-975933,55.325
mp-28753,2.392
mp-864617,2.955
mp-21197,53.471
mp-568139,81.431
mp-21887,79.888
mp-31330,91.094
mp-890,183.307
mp-975518,55.675
mp-975515,40.599
mp-975522,52.906
mp-1327,37.564
mp-644504,46.464
mp-1787,38.838
mp-866064,75.545
mp-11155,54.881
mp-864924,58.214
mp-11194,122.846
mp-11091,77.781
mp-864925,56.12
mp-22256,56.943
mp-9527,106.828
mp-3901,106.12
mp-1343,108.469
mp-6102,185.091
mp-8048,140.198
mp-5383,145.636
mp-5215,100.569
mp-20490,82.249
mp-5634,125.408
mp-35208,131.316
mp-2823,78.398
mp-3584,114.656
mp-20601,47.766
mp-865597,75.68
mp-999336,73.81
mp-2333,115.77
mp-2720,151.763
mp-569120,155.153
mp-16287,186.801
mp-8540,146.188
mp-1748,86.452
mp-5760,98.364
mp-1586,58.638
mp-1018814,58.382
mp-976356,44.174
mp-4854,65.782
mp-1453,73.49
mp-570707,65.98
mp-9967,78.992
mp-884,81.814
mp-29742,166.12
mp-28665,125.248
mp-1025017,177.35
mp-1070857,167.643
mp-5239,82.341
mp-975049,57.477
mp-974583,116.681
mp-974527,53.007
mp-12701,55.135
mp-1977,56.558
mp-864668,82.554
mp-567214,98.469
mp-3203,146.512
mp-570,58.456
mp-571405,51.435
mp-974782,62.88
mp-864667,69.742
mp-30799,76.14
mp-973232,40.739
mp-976008,40.406
mp-974708,52.034
mp-974865,38.765
mp-973109,120.551
mp-1053,52.019
mp-30800,56.978
mp-30801,75.202
mp-12516,62.385
mp-20201,61.258
mp-23,173.808
mp-10257,197.345
mp-9999,308.058
mp-769218,19.456
mp-4852,85.507
mp-2536,238.119
mp-1594,173.653
mp-17383,170.822
mp-753890,201.621
mp-784630,240.432
mp-4091,278.976
mp-21167,191.012
mp-38006,101.094
mp-3250,33.489
mp-553994,57.125
mp-19747,57.203
mp-5528,60.846
mp-976818,173.428
mp-2058,217.964
mp-7586,198.324
mp-21008,190.994
mp-11506,214.444
mp-2033,201.929
mp-2296,199.918
mp-12798,202.169
mp-362,126.928
mp-1050,119.054
mp-10260,166.012
mp-672371,168.202
mp-976847,164.639
mp-976893,161.359
mp-2056,105.255
mp-573,88.611
mp-11522,166.201
mp-11523,163.22
mp-20112,161.837
mp-20174,96.833
mp-1017632,174.329
mp-11507,209.68
mp-30811,226.168
mp-1018020,77.26
mp-590,117.218
mp-19814,102.3
mp-21873,105.659
mp-505510,111.202
mp-3830,12363.935
mp-10846,693083.667
mp-976784,144.369
mp-976806,131.736
mp-14019,261.814
mp-999318,88.03
mp-23179,29.76
mp-27637,11.992
mp-27396,17.245
mp-1099,137.06
mp-29900,110.731
mp-3274,165.803
mp-29752,195.587
mp-24719,200.93
mp-570835,50.645
mp-27638,20.29
mp-7632,238.287
mp-10208,162.731
mp-486,113.025
mp-22619,132.249
mp-2301,125.545
mp-29618,205.053
mp-505820,25067.184
mp-569446,92.14
mp-973983,174.379
mp-945,216.646
mp-1547,120.17
mp-1180046,12.339
mp-810,108.123
mp-19895,75.371
mp-3679,84.973
mp-10847,79.428
mp-662,118.982
mp-15651,109.537
mp-571033,11.162
mp-20901,96.857
mp-11519,180.244
mp-203,114.446
mp-10264,34.863
mp-2578,57.823
mp-569511,120.245
mp-11534,166.958
mp-982385,72.842
mp-2573,95.504
mp-2186,79.229
mp-977057,99.455
mp-1025156,170.195
mp-22912,14.939
mp-1544973,-159.796
mp-310,171.119
mp-20821,97.898
mp-1025325,100.231
mp-977385,95.25
mp-556939,14.177
mp-2596,151.141
mp-2616,192.353
mp-11536,215.446
mp-8137,129.63
mp-20055,70.61
mp-627,76.476
mp-1018828,104.067
mp-881,54.061
mp-12957,1.738
mp-610917,11.294
mp-611836,1.978
mp-1009490,2.873
mp-49,400.41
mp-571035,5.865
mp-22626,6.233
mp-996,281.2
mp-540783,3.799
mp-1220023,355.651
mp-974326,331.196
mp-20905,193.971
mp-157,20.688
mp-1014013,2.888
mp-10155,193.222
mp-368,2.982
mp-2173,40.395
mp-28266,110.324
mp-3006,5.487999999999999
mp-730,175.121
mp-15953,164.999
mp-28056,209.142
mp-1413,187.136
mp-541788,2.809
mp-11328,188.205
mp-11329,189.376
mp-13853,170.079
mp-1954,136.947
mp-567907,148.829
mp-504748,51.897
mp-1357,149.168
mp-27257,1.055
mp-23230,0.443
mp-27689,14.902
mp-23934,31.399
mp-2082,275.878
mp-36066,53.348
mp-36779,51.111
mp-753671,53.971
mp-2732,223.688
mp-62,96.151
mp-10740,94.772
mp-862864,111.033
mp-862862,104.598
mp-862861,108.501
mp-862863,105.402
mp-983497,93.69
mp-977455,140.937
mp-862844,95.953
mp-973865,93.654
mp-973910,112.124
mp-865149,178.546
mp-865148,181.984
mp-15694,116.084
mp-865858,125.869
mp-865856,64.281
mp-567580,165.088
mp-1018130,185.112
mp-861974,145.981
mp-862824,118.043
mp-30741,259.63
mp-1009545,221.916
mp-2364,206.71
mp-861975,252.209
mp-862854,159.305
mp-30825,212.903
mp-862820,122.743
mp-862821,109.742
mp-862831,172.516
mp-862832,133.398
mp-862865,90.652
mp-862843,175.731
mp-20483,39.516
mp-20745,38.724
mp-22692,37.674
mp-22747,22.536
mp-20820,30.668
mp-19871,82.187
mp-982246,84.473
mp-997025,68.491
mp-862868,24.977
mp-2456335,4.359
mp-19727,22.297
mp-19893,57.971
mp-862871,29.472
mp-315,67.722
mp-341,31.019
mp-22883,3.943
mp-540789,14.975
mp-567503,1.385
mp-19921,15.634
mp-20633,103.849
mp-20725,114.693
mp-1101843,92.315
mp-21276,61.181
mp-1018115,25.09
mp-2350391,6.9510000000000005
mp-3472,38.265
mp-2201,46.512
mp-982261,44.759
mp-20716,35.364
mp-2,166.982
mp-28174,2.346
mp-2422143,2.439
mp-29496,-2.294
mp-21765,98.118
mp-21863,58.5
mp-999298,159.176
mp-20849,129.07
mp-558378,113.764
mp-973834,143.059
mp-997051,133.776
mp-569008,4.94
mp-1058,94.029
mp-20284,77.68
mp-13679,27.619
mp-14112,35.031
mp-13868,37.214
mp-569017,5.123
mp-1336,155.722
mp-20599,65.662
mp-13682,21.582
mp-2677258,27.378
mp-545482,17.966
mp-2356866,23.43
mp-867200,35.282
mp-862979,64.38
mp-862977,86.836
mp-862989,78.671
mp-862990,61.036
mp-862994,58.544
mp-862996,52.402
mp-863654,62.306
mp-863655,56.296
mp-863664,66.228
mp-863668,92.175
mp-863669,80.655
mp-863671,83.241
mp-865547,68.269
mp-863676,61.633
mp-863684,71.259
mp-863685,73.852
mp-863686,64.276
mp-982613,55.365
mp-863715,95.226
mp-863716,97.934
mp-863740,111.946
mp-977264,36.536
mp-863698,48.974
mp-863705,48.403
mp-863696,54.978
mp-863703,50.105
mp-863704,45.993
mp-863713,97.769
mp-863717,89.451
mp-547622,129.418
mp-863725,89.689
mp-863741,92.259
mp-982772,87.278
mp-863732,96.963
mp-863733,91.146
mp-863743,67.211
mp-865545,74.428
mp-866204,66.613
mp-865468,75.342
mp-865467,65.878
mp-977372,58.633
mp-864628,67.466
mp-864629,52.345
mp-982393,56.992
mp-977546,56.628
mp-862742,62.046
mp-982387,56.196
mp-983236,87.655
mp-862727,54.069
mp-983154,75.923
mp-983229,74.896
mp-862728,78.796
mp-862733,64.649
mp-862734,58.086
mp-867189,44.905
mp-862878,-264.609
mp-862872,83.952
mp-862874,66.323
mp-862980,68.914
mp-862837,77.247
mp-862838,86.005
mp-862984,144.75
mp-973767,53.458
mp-862879,80.185
mp-862880,90.9
mp-862986,3.842
mp-862899,55.77
mp-862891,79.05
mp-862892,60.32
mp-862898,90.071
mp-862897,108.292
mp-862896,111.806
mp-863677,78.335
mp-983427,60.869
mp-983428,55.936
mp-862902,40.229
mp-862901,136.242
mp-862903,66.067
mp-862905,80.394
mp-862912,80.514
mp-984754,40.295
mp-862918,40.038
mp-863695,2.9
mp-862923,71.516
mp-569593,40.401
mp-862936,60.967
mp-862938,59.195
mp-862954,117.777
mp-983063,58.175
mp-862964,39.146
mp-862956,83.851
mp-862966,65.448
mp-982869,60.622
mp-862969,39.687
mp-862732,64.957
mp-862974,82.867
mp-38,32.216
mp-97,32.21
mp-1059256,32.605
mp-5564,81.263
mp-10853,167.295
mp-4322,144.516
mp-5112,120.671
mp-4924,95.907
mp-4014,108.486
mp-5627,114.059
mp-20542,100.458
mp-5423,114.758
mp-5819,116.144
mp-569931,168.532
mp-4341,162.522
mp-1025309,165.622
mp-4251,100.522
mp-4439,126.482
mp-5852,146.212
mp-4815,137.912
mp-4904,130.298
mp-2933,212.95
mp-975788,54.491
mp-861481,75.998
mp-568066,65.414
mp-982010,50.574
mp-978095,50.071
mp-982009,54.037
mp-861499,84.313
mp-4181,132.588
mp-10498,151.748
mp-16115,124.593
mp-861588,78.771
mp-880,140.767
mp-1190963,155.341
mp-861498,53.36
mp-978100,51.212
mp-978089,89.437
mp-861483,91.797
mp-861505,43.757
mp-975656,62.475
mp-2063,121.654
mp-15179,72.794
mp-3236,104.958
mp-861510,53.848
mp-16032,70.35
mp-12600,44.062
mp-978085,52.072
mp-861594,48.605
mp-978083,52.345
mp-975650,52.434
mp-861508,78.497
mp-975640,79.671
mp-2093,42.665
mp-10039,61.702
mp-975639,34.921
mp-19764,41.265
mp-20990,72.128
mp-21135,71.496
mp-21481,42.807
mp-571188,45.876
mp-693,40.884
mp-17124,56.951
mp-1105764,214659.673
mp-2525,54.408
mp-568654,55.102
mp-4308,74.255
mp-1189,73.605
mp-10897,108.679
mp-12553,65.851
mp-570409,67.033
mp-30181,104.057
mp-3466,184.409
mp-8218,197.512
mp-571554,77.718
mp-10622,70.29
mp-11594,231.473
mp-5369,214.536
mp-12762,173.84
mp-11596,167.556
mp-5200,169.867
mp-862754,52.732
mp-23171,49.437
mp-551900,60.739
mp-862761,17988714618.261
mp-976884,88.095
mp-1995,97.481
mp-646,47.806
mp-862755,53.986
mp-867177,57.938
mp-27984,72.722
mp-2085,-2003.788
mp-12985,205.885
mp-11610,152.622
mp-2837,-738.784
mp-567712,60.752
mp-13007,88.559
mp-2462,99.806
mp-976138,38.535
mp-862757,39.675
mp-976142,54.819
mp-976159,54.562
mp-976151,39.817
mp-976129,55.889
mp-1018895,77.229
mp-668,69.061
mp-862756,66.478
mp-976125,75.216
mp-511,73.985
mp-2102,70.295
mp-11722,64.615
mp-24095,68.409
mp-981547,83.047
mp-11469,54.378
mp-975658,39.752
mp-976030,39.674
mp-862800,2.5460000000000003
mp-20023,51.835
mp-20903,52.62
mp-570683,67.825
mp-570611,78.371
mp-946,179.692
mp-978088,41.583
mp-975932,55.104
mp-975972,41.51
mp-1548,37.078
mp-11234,45.818
mp-428,38.445
mp-867178,50.25
mp-7239,53.714
mp-13436,113.482
mp-16646,72.105
mp-862759,55.055
mp-20333,53.092
mp-343,133.177
mp-975883,55.153
mp-975848,37.416
mp-975896,50.892
mp-975822,51.524
mp-2016,98.368
mp-2370,139.425
mp-9312,141.136
mp-1024955,88.333
mp-1302,122.03
mp-36033,124.08
mp-2498,-123864.146
mp-601,75.919
mp-20939,47.139
mp-1571,111.571
mp-1061,-62438.385
mp-12598,153.052
mp-1037,181.498
mp-570811,181.71
mp-2529,138.487
mp-10708,183.945
mp-999287,143.047
mp-4789,178.185
mp-2665,151.337
mp-2495,84.639
mp-3992,96.139
mp-1785,54.454
mp-1018902,86.816
mp-1018936,57.378
mp-4738,64.503
mp-1674,71.671
mp-1018940,69.96
mp-9968,76.517
mp-27760,80.53
mp-1025554,91.203
mp-5493,106.474
mp-1025028,79.699
mp-8654,77.836
mp-975797,35.965
mp-975880,38.321
mp-867735,113.333
mp-975920,51.835
mp-1025069,53.735
mp-376,56.073
mp-862805,80.55
mp-21054,84.625
mp-12381,96.952
mp-2532,57.203
mp-7131,58.128
mp-975652,54.837
mp-975801,61.809
mp-975651,40.703
mp-975793,51.881
mp-861479,39.202
mp-982017,51.765
mp-975769,55.032
mp-460,50.277
mp-12602,73.779
mp-12703,63.238
mp-12710,77.401
mp-975646,61.109
mp-126,248.014
mp-28722,-2.32
mp-1604,213.174
mp-20828,172.406
mp-974395,248.019
mp-974616,249.556
mp-862798,283.476
mp-567484,5.439
mp-8943,39.735
mp-505319,7.167
mp-617,41.116
mp-1285,209.304
mp-21318,74.915
mp-21296,12.723
mp-20458,53.788
mp-974370,252.972
mp-288,131.19
mp-762,20.713
mp-1115,2.293
mp-19891,-485003.873
mp-2548,71.138
mp-580,120.478
mp-22879,52.25
mp-1002230,33.229
mp-8033,118.532
mp-21200,75.088
mp-21484,76.629
mp-21468,48.478
mp-1719,158.704
mp-1959,196.245
mp-2566,54.416
mp-10186,94.62
mp-20438,19.367
mp-30861,-69344.427
mp-70,2.79
mp-12628,2.805
mp-604321,2.781
mp-867126,2.759
mp-560663,56.234
mp-570091,47.913
mp-975359,39.583
mp-5050,460831.513
mp-9523,36.343
mp-989528,23.765
mp-989539,23.369
mp-15556,11.807
mp-975106,57.614
mp-1029784,25.925
mp-4138,24.861
mp-24517,17.899
mp-29873,19.054
mp-28364,36.278
mp-570910,20.171
mp-1025177,35.076
mp-7949,20.664
mp-8812,17.736
mp-643101,13.624
mp-863749,90.266
mp-13947,21.791
mp-975176,10.354
mp-8962,32.512
mp-5072,23.964
mp-29456,14.872
mp-989566,37.52
mp-989583,20.952
mp-989579,19.666
mp-8861,39.398
mp-27263,16.876
mp-22978,20.776
mp-571648,10.441
mp-989523,36.315
mp-560037,32.377
mp-13815,34.753
mp-15318,34.367
mp-989578,38.727
mp-14038,40.086
mp-989545,18.041
mp-989541,33.711
mp-989563,17.958
mp-989548,34.898
mp-571513,12.468
mp-8994,21.645
mp-1394,22.839
mp-753746,5.74
mp-2079,14.668
mp-567948,12.107
mp-11695,18.72
mp-28084,10.289
mp-10918,30.432
mp-1025201,10.332
mp-28145,10.81
mp-14088,12.393
mp-628606,9.032
mp-4030,22.197
mp-10919,36.208
mp-28110,8.577
mp-8622,27.207
mp-8041,-0.0
mp-989518,17.996
mp-3372,25.157
mp-11327,13.717
mp-6960,17.864
mp-10492,17.072
mp-569028,10.022
mp-753798,43.223
mp-441,11.393
mp-1397,11.617
mp-23383,9.056
mp-22975,9.584
mp-27827,9.65
mp-989550,17.779
mp-989532,32.656
mp-29481,9.727
mp-30227,11.06
mp-570168,7.958
mp-1025286,37.238
mp-862664,86.047
mp-27831,10.523
mp-13946,19.966
mp-752401,35.661
mp-7898,10.489
mp-31144,45.356
mp-4405,15.595
mp-9718,15.057
mp-23304,9.746
mp-975028,3.5700000000000003
mp-1219652,19.292
mp-974990,3.088
mp-974866,3.34
mp-974883,3.363
mp-9808,27.894
mp-33018,10.942
mp-9274,15.491
mp-5461,29.187
mp-7615,22.779
mp-22930,14.264
mp-760417,11.88
mp-29920,-12.521
mp-510076,14.598
mp-862797,36.494
mp-1975771,31.598
mp-8603,24.529
mp-997084,40.617
mp-997108,23.26
mp-5259,45.534
mp-5479,55.619
mp-14070,91.475
mp-9819,15.18
mp-9385,9.541
mp-1209,71.996
mp-7472,28.089
mp-9010,12.48
mp-9731,10.503
mp-3032,16.78
mp-1219553,11.822
mp-23253,406286.373
mp-27421,13.584
mp-28872,16.727
mp-9845,21.936
mp-2795318,24.006
mp-3654,48.191
mp-6951,55.222
mp-10777,27.312
mp-23299,16.534
mp-1029420,39.714
mp-10985,42.157
mp-998196,30.662
mp-569526,24.515
mp-554601,69.734
mp-7470,28.024
mp-7476,78.05
mp-7477,81.747
mp-10784,37.031
mp-11718,25.133
mp-15120,20.081
mp-5372,19.246
mp-7086,16.048
mp-754596,78.145
mp-7976,76.184
mp-1029403,129.861
mp-571458,18.094
mp-24721,11.395
mp-28264,23.952
mp-29764,22.876
mp-626620,26.262
mp-9827,10.747
mp-7482,50.69
mp-23302,11.14
mp-21477,22.069
mp-22255,13.936
mp-975284,141.653
mp-7480,84.479
mp-10785,36.241
mp-8402,66.107
mp-29763,12.077
mp-21413,16.708
mp-743,17.987
mp-581833,16.297
mp-5073,18.157
mp-975275,17.884
mp-8799,22.388
mp-3283,40.207
mp-756063,62.925
mp-7973,68.969
mp-11011,24.856
mp-27409,12.959
mp-975288,133.382
mp-12105,20.844
mp-1040467,197.673
mp-548658,23.454
mp-556953,8.701
mp-21043,77.371
mp-9060,67.565
mp-10778,31.371
mp-14797,23.717
mp-8014,10.98
mp-6384,14.178
mp-568018,13.935
mp-975206,117.294
mp-7650,94.252
mp-9063,12.853
mp-7974,72.801
mp-999269,24.988
mp-867229,12.419
mp-755018,104.305
mp-10782,34.15
mp-569807,14.215
mp-28282,16.921
mp-16318,51.784
mp-975198,16.913
mp-8176,69.312
mp-7478,82.532
mp-11775,132.148
mp-570099,13.233
mp-23319,14.05
mp-1029312,39.935
mp-16764,26.11
mp-8,365.046
mp-8642,363.048
mp-975065,365.253
mp-1186901,364.898
mp-974437,400.846
mp-1018948,387.147
mp-1637,296.64
mp-15671,365.183
mp-974430,366.016
mp-1186902,365.406
mp-974435,388.181
mp-862604,317.142
mp-867264,374.539
mp-1474,183.793
mp-862586,297.088
mp-862589,325.952
mp-1186923,328.997
mp-974455,352.99
mp-974625,350.663
mp-974411,348.896
mp-568595,210.961
mp-1106180,362.159
mp-1773,337.733
mp-27360,136.128
mp-1025374,5.079
mp-1025067,157.22
mp-867792,358.896
mp-1019052,366.211
mp-190,237.846
mp-573051,6.734
mp-1219509,385.891
mp-867141,395.382
mp-572758,11.027
mp-74,252.9
mp-1716,233.122
mp-1407,74.501
mp-30866,282.841
mp-2068,55.159
mp-725,234.909
mp-321,80.123
mp-33,310.062
mp-862655,308.427
mp-1025168,771589.071
mp-1009770,260.463
mp-825,252.231
mp-8909,273.128
mp-1219503,282.182
mp-974335,265.771
mp-974341,267.514
mp-2030,172.042
mp-1922,137.146
mp-7,1.874
mp-555760,6.378
mp-557559,0.876
mp-8537,3.686
mp-28096,1.029
mp-975,5.548
mp-27726,4.436
mp-104,32.445
mp-133,56.475
mp-738,72.555
mp-1247,117.399
mp-1999,12.83
mp-1705,125.537
mp-2695,128.863
mp-1356,87.651
mp-562,105.593
mp-15659,135.898
mp-2682,104.082
mp-20928,111.249
mp-28711,11.667
mp-2809,16.114
mp-2160,14.436
mp-6997,32.089
mp-1201,19.094
mp-1239,98.2
mp-753495,169.58
mp-684679,119.442
mp-1521,107.671
mp-30066,139.813
mp-22872,1.673
mp-23176,1.258
mp-1880,13.266
mp-23281,3.21
mp-10125,160.755
mp-8630,140.919
mp-9270,142.102
mp-230,94.068
mp-1819,82.545
mp-753656,19.518
mp-23138,46.555
mp-1769,104.823
mp-542106,126.402
mp-973402,143.223
mp-4368,83.274
mp-2845,121.63
mp-1030,576324.271
mp-20619,133.533
mp-973342,205.763
mp-675025,187.689
mp-7565,145.517
mp-22971,7.311
mp-23041,6.858
mp-973217,6.279
mp-10850,79.387
mp-67,54.533
mp-3701,128.938
mp-4798,166.256
mp-27693,190.279
mp-4131,154.927
mp-6969,124.705
mp-505554,172.302
mp-31081,153.967
mp-3587,151.528
mp-1025236,96.87
mp-1025365,118.477
mp-862703,91.964
mp-862702,79.681
mp-862432,120.565
mp-862431,123.096
mp-862473,111.847
mp-11220,70.371
mp-10911,111.883
mp-972907,78.735
mp-972914,72.984
mp-972884,81.231
mp-972877,117.54
mp-862486,123.137
mp-862546,110.743
mp-10676,101.354
mp-862543,109.061
mp-862548,76.171
mp-10343,137.733
mp-862553,112.509
mp-862563,105.286
mp-29941,70.965
mp-28479,21.429
mp-972882,72.853
mp-10953,69.767
mp-862710,100.691
mp-27319,151.636
mp-862712,137.361
mp-867110,137.844
mp-867761,135.073
mp-9902,120.146
mp-510306,208.603
mp-19949,70.626
mp-867756,97.087
mp-867794,129.422
mp-867802,127.176
mp-867117,112.788
mp-862338,113.161
mp-862376,107.482
mp-3618,110.477
mp-862339,81.21
mp-972898,90.144
mp-16733,86.195
mp-862340,85.089
mp-972899,118.555
mp-972869,107.133
mp-28480,28.825
mp-3363,105.02
mp-862360,137.387
mp-862361,145.388
mp-862368,130.308
mp-972961,118.07
mp-216,167.269
mp-754455,138.896
mp-755313,172.651
mp-972966,135.881
mp-972866,107.16
mp-11550,90.609
mp-1196116,226.401
mp-972879,125.306
mp-862372,148.186
mp-401,55.932
mp-684969,55.493
mp-7288,139.478
mp-7192,72.039
mp-5594,160.151
mp-13583,121.632
mp-862379,108.026
mp-862378,124.283
mp-862375,109.754
mp-862424,164.547
mp-862423,123.752
mp-753802,137.672
mp-13071,80.643
mp-972861,103.541
mp-978523,81.396
mp-867242,78.569
mp-867233,119.005
mp-867243,120.86
mp-1001012,73.999
mp-862259,66.919
mp-978498,64.254
mp-4079,100.358
mp-10133,79.042
mp-972876,59.118
mp-5075,177.226
mp-3155,174.3
mp-31055,96.711
mp-570074,189.75
mp-21035,94.605
mp-567462,177.972
mp-8996,182.544
mp-978546,66.598
mp-10139,83.179
mp-16297,101.411
mp-861889,89.781
mp-10140,76.574
mp-4230,97.309
mp-15661,113.058
mp-17332,70.414
mp-17190,84.782
mp-7822,87.764
mp-17695,72.275
mp-11201,71.045
mp-10445,62.054
mp-10446,71.461
mp-5382,159.405
mp-11754,72.034
mp-31072,72.813
mp-11237,80.1
mp-1018128,88.836
mp-30354,89.295
mp-11022,122.643
mp-973185,122.232
mp-12908,61.141
mp-331,78.486
mp-813,104.136
mp-12781,95.155
mp-2121,86.5
mp-999204,82.594
mp-31169,93.143
mp-10873,114.629
mp-862602,146.391
mp-16497,106.697
mp-10898,129.687
mp-4471,205.767
mp-16524,129.942
mp-973153,157.156
mp-867922,163.077
mp-2052,85.701
mp-546125,142.55
mp-11256,103.841
mp-1018148,117.569
mp-972895,116.515
mp-11023,134.634
mp-8772,218.18
mp-2252,191.13
mp-10113,242.814
mp-8697,158.788
mp-569875,195.322
mp-11277,108.626
mp-570632,57.536
mp-754009,96.558
mp-862565,37.721
mp-1211,67.024
mp-30494,61.151
mp-31502,53.455
mp-867127,80.644
mp-973141,90.97
mp-867263,68.137
mp-867911,113.454
mp-867909,139.152
mp-27507,6.959
mp-23309,5.757
mp-2212,119.727
mp-253,-1116.369
mp-3791,137.52
mp-4938,244.868
mp-1191630,223.874
mp-615314,202.285
mp-961678,110.522
mp-4992,208.072
mp-1169,86.854
mp-1018149,101.63
mp-973092,103.118
mp-973100,102.363
mp-3642,137.545
mp-4636,135.234
mp-973133,127.319
mp-6980,79.868
mp-15322,113.813
mp-20083,110.432
mp-13203,89.047
mp-10694,90.536
mp-540,125.32
mp-1095443,34.513
mp-1190697,128.842
mp-9549,98.654
mp-22701,126.32
mp-11411,76.65
mp-11412,79.908
mp-11413,75.019
mp-11401,101.551
mp-973067,128.767
mp-932,73.065
mp-1025242,93.026
mp-1025241,90.193
mp-1025191,84.543
mp-867915,149.332
mp-11360,107.905
mp-867916,192.627
mp-11400,128.473
mp-754165,179.215
mp-30661,127.531
mp-867923,151.349
mp-867928,163.021
mp-867156,167.594
mp-9970,89.435
mp-10212,80.354
mp-9350,100.236
mp-961697,95.062
mp-973066,172.9
mp-9223,147.039
mp-24237,95.971
mp-973053,110.897
mp-24081,16.745
mp-625150,82.391
mp-755318,155.028
mp-11471,76.842
mp-30722,63.522
mp-30347,83.809
mp-30395,101.827
mp-21067,94.727
mp-13240,114.133
mp-867187,175.784
mp-21301,128.198
mp-768358,151.834
mp-31339,118.985
mp-20521,141.942
mp-867842,149.145
mp-1129,166.725
mp-2263,216.325
mp-12593,243.259
mp-2039,173.191
mp-867850,149.04
mp-9550,117.52
mp-2857,200.491
mp-553961,166.644
mp-867786,220.674
mp-867146,196.752
mp-867795,186.133
mp-11521,106.024
mp-850,142.02
mp-4536,126.056
mp-11808,140.435
mp-570673,159.381
mp-30459,87.697
mp-7066,124.163
mp-10240,147.371
mp-3432,103.751
mp-5186,93.391
mp-644481,184.583
mp-4661,142.79
mp-4662,104.243
mp-567612,237.275
mp-2807,90.559
mp-4200,149.784
mp-12480,149.536
mp-16305,175.386
mp-6999,7.016
mp-2781,110.671
mp-2677,143.721
mp-892,137.028
mp-481,198.156
mp-11557,226.157
mp-1780,138.583
mp-862629,139.016
mp-635,185.005
mp-10712,213.993
mp-30867,148.847
mp-567750,188.959
mp-7130,236.198
mp-1476,99.417
mp-549,65.333
mp-569779,99.2
mp-7173,112.645
mp-862635,156.139
mp-862561,181.046
mp-1782,81.738
mp-9969,101.131
mp-22307,140.355
mp-15605,135.947
mp-9023,113.183
mp-22426,134.315
mp-862556,142.61
mp-9225,149.146
mp-13572,173.75
mp-20492,147.712
mp-972970,179.189
mp-981383,57.057
mp-2894,88.353
mp-6919,81.571
mp-17092,103.247
mp-4897,123.983
mp-18198,116.177
mp-30844,142.674
mp-862623,154.264
mp-867748,169.616
mp-558781,178.016
mp-862699,235.29
mp-867897,204.892
mp-867901,194.629
mp-862723,207.886
mp-862725,219.455
mp-10026,62.614
mp-972957,177.267
mp-867881,143.099
mp-13312,50.088
mp-13313,41.765
mp-13314,32.504
mp-36052,98.649
mp-7276,79.572
mp-867137,194.203
mp-11566,75.344
mp-11567,81.144
mp-13503,81.128
mp-867109,84.013
mp-972925,98.751
mp-973142,104.061
mp-862704,123.901
mp-862260,79.006
mp-973143,78.798
mp-867896,99.218
mp-867135,117.696
mp-867768,145.311
mp-867769,151.149
mp-14,4.123
mp-147,4.152
mp-542461,1.09
mp-726,17.612
mp-27519,5.11
mp-27367,8.58
mp-149,88.916
mp-165,88.815
mp-971662,75.91
mp-30160,105.736
mp-30161,134.468
mp-2592,205.746
mp-8938,207.258
mp-2291,141.692
mp-4720,211.027
mp-28945,108.208
mp-17123,203.505
mp-505071,163.342
mp-569815,183.66
mp-978500,264.313
mp-1620,219.443
mp-8939,220.371
mp-570744,58.179
mp-1332,240.773
mp-978568,193.812
mp-988,234.569
mp-2245,222.026
mp-11607,254.688
mp-8311,104.417
mp-29157,122.687
mp-10744,161.294
mp-21012,198.297
mp-20191,200.155
mp-510412,230.632
mp-31219,267.109
mp-14983,119.975
mp-540791,178.662
mp-16317,253.998
mp-29661,180.761
mp-568792,181.55
mp-1025220,197.096
mp-4984,575743.57
mp-569128,156.676
mp-570285,1.204
mp-7140,213.563
mp-7631,213.119
mp-8062,212.682
mp-9947,213.105
mp-11714,213.331
mp-567505,213.059
mp-567551,213.188
mp-568619,213.208
mp-568656,213.229
mp-568696,213.095
mp-568735,213.254
mp-570791,213.212
mp-570985,213.186
mp-582034,213.198
mp-28391,0.521
mp-1818,7.258
mp-978534,73.122
mp-29803,14.705
mp-1128,215.0
mp-1841,298.389
mp-1275,251.363
mp-351,164.819
mp-999192,173.822
mp-507,202.978
mp-1118,191.4
mp-828,209.083
mp-6922,134.073
mp-6930,33.568
mp-6945,12.474
mp-7000,29.797
mp-7087,146.02
mp-8059,19.957
mp-8352,146.005
mp-11684,110.695
mp-15078,92.441
mp-16964,-3.477
mp-546546,63.433
mp-546794,35.06
mp-554089,19.96
mp-554573,24.084
mp-555483,119.344
mp-557837,14.613
mp-560203,56.961
mp-640556,18.824
mp-669426,18.076
mp-972808,25.788
mp-2488,209.102
mp-10015,290.957
mp-21065,108.341
mp-389,151.127
mp-697068,177.478
mp-20622,160.007
mp-696,173.672
mp-1299,206.108
mp-13363,203.951
mp-21163,199.75
mp-1025218,179.035
mp-818,195.549
mp-1483,221.514
mp-2287,184.478
mp-20418,220.895
mp-189,203.638
mp-381,257.369
mp-10025,256.319
mp-1602,6.09
mp-7583,27.416
mp-1025366,189.634
mp-1025324,201.214
mp-972810,286.173
mp-68,35.412
mp-69,36.692
mp-86,36.407
mp-21377,36.46
mp-972680,83.302
mp-6916,173.961
mp-4073,152.954
mp-1105839,203.871
mp-573563,140.398
mp-15968,118.652
mp-567818,97.913
mp-5167,101.792
mp-574199,138.122
mp-12059,142.12
mp-12097,166.894
mp-4275,127.742
mp-4896,140.382
mp-4072,143.09
mp-978545,59.622
mp-867868,89.778
mp-972530,79.206
mp-867869,83.326
mp-972511,62.377
mp-978519,56.287
mp-972504,56.309
mp-978555,83.241
mp-505207,178.372
mp-867887,89.382
mp-4210,142.528
mp-867895,84.831
mp-22044,88.624
mp-31402,131.74
mp-19816,48.746
mp-1005693,56.894
mp-867899,110.279
mp-867859,114.186
mp-867894,50.087
mp-867932,68.5
mp-978625,46.667
mp-33104,80.158
mp-218,130.35
mp-1745,133.404
mp-867128,94.638
mp-978824,93.022
mp-1403,76.96
mp-16033,75.322
mp-5999,130.487
mp-319,48.346
mp-972536,57.182
mp-867191,53.486
mp-978807,57.031
mp-978815,55.425
mp-979057,57.911
mp-978808,58.628
mp-978973,56.78
mp-978950,55.434
mp-867182,86.846
mp-867921,81.483
mp-4408,162.119
mp-11222,44.626
mp-979339,41.081
mp-979614,36.589
mp-10602,67.541
mp-980429,44.884
mp-979899,36.414
mp-21202,44.614
mp-19716,79.926
mp-2038,95.742
mp-10606,66.659
mp-979234,35.996
mp-979459,35.469
mp-981747,35.158
mp-867254,84.99
mp-867218,67.274
mp-753226,100.303
mp-754110,100.001
mp-2358,20143538.788
mp-867870,68.731
mp-11539,111.237
mp-1891,72.01
mp-7405,179.771
mp-1738,72.532
mp-1102762,79.756
mp-2947,205.017
mp-3467,217.544
mp-6996,174.855
mp-4982,175.916
mp-22873,52.053
mp-550111,64.294
mp-546152,63.228
mp-552292,63.113
mp-972657,81.328
mp-862752,92.277
mp-27976,10.18
mp-29327,22.04
mp-12764,106.514
mp-572,51.061
mp-30495,53.428
mp-867158,56.236
mp-979465,54.374
mp-867853,67.735
mp-867882,82.573
mp-867157,60.568
mp-867134,-4605.475
mp-863026,4.313
mp-27823,74.842
mp-336,508.248
mp-5410,197.382
mp-1429,-685.907
mp-999190,151.847
mp-20777,100.361
mp-1019108,104.084
mp-972659,136.209
mp-867863,100.508
mp-227,104.928
mp-11793,62.981
mp-9194,74.998
mp-978557,61.688
mp-978796,56.106
mp-867159,40.294
mp-978527,54.144
mp-972640,57.307
mp-972635,62.653
mp-978542,55.814
mp-978513,40.708
mp-978543,52.76
mp-7384,112.098
mp-1729,91.626
mp-1102187,101.016
mp-1566,92.119
mp-1019100,84.808
mp-477,71.852
mp-980004,93.932
mp-867143,69.324
mp-19988,90.833
mp-972626,82.054
mp-12750,68.822
mp-1019109,89.845
mp-24658,75.078
mp-867857,90.319
mp-867879,57.544
mp-972623,83.971
mp-567912,83.107
mp-978563,56.394
mp-972641,127.431
mp-867130,40.49
mp-972653,52.516
mp-978537,57.325
mp-863028,2.8
mp-754960,15.981
mp-20298,55.174
mp-19977,54.505
mp-568719,72.272
mp-568596,85.394
mp-982004,83.172
mp-867978,121.874
mp-972549,43.336
mp-978547,56.065
mp-972601,40.91
mp-978549,59.305
mp-2558,36.23
mp-30779,39.515
mp-972494,38.754
mp-867862,62.849
mp-867867,78.669
mp-867131,52.617
mp-11157,57.196
mp-867181,59.687
mp-16645,80.64
mp-749,145.3
mp-999145,70.621
mp-1402,110.17
mp-1075,-186.307
mp-16734,105.535
mp-980760,99.958
mp-37381,136.531
mp-710,80.277
mp-10738,122.978
mp-867985,77.954
mp-31380,75.905
mp-357,120.483
mp-1025431,97.549
mp-1127,156.601
mp-30845,160.432
mp-436,101.019
mp-840,146.007
mp-8758,149.588
mp-1720,157.736
mp-1269,90.438
mp-3931,101.622
mp-2281,55.79
mp-29647,58.083
mp-1019138,59.933
mp-31118,162.11
mp-8320,69.1
mp-1447,76.17
mp-1025420,101.226
mp-1025453,122.727
mp-568555,171.945
mp-2484,57.389
mp-972526,84.809
mp-21007,103.847
mp-12931,148.256
mp-342,60.983
mp-1019266,56.908
mp-9399,22.055
mp-978507,52.79
mp-11568,52.78
mp-867876,65.15
mp-1019255,52.82
mp-754933,79.013
mp-999132,28.406
mp-978514,41.344
mp-979026,41.991
mp-978529,63.549
mp-972541,52.625
mp-972522,58.598
mp-978823,39.02
mp-972528,63.294
mp-978515,61.458
mp-978833,55.99
mp-867861,40.002
mp-754502,104.052
mp-978564,53.46
mp-972540,59.049
mp-567406,76.323
mp-550820,98.485
mp-117,35.858
mp-949028,33.622
mp-38605,16.764
mp-10955,23.898
mp-22467,47.458
mp-2083,110.242
mp-30047,117.067
mp-1573,82.369
mp-19962,92.692
mp-565,107.752
mp-510219,117.026
mp-1509,16.845
mp-570377,34.489
mp-1371,64.308
mp-30846,102.187
mp-680677,125.829
mp-1393,53.102
mp-675477,31.593
mp-31277,71.396
mp-2128,56.496
mp-20662,60.455
mp-22040,110.258
mp-20466,135.271
mp-2729,119.38
mp-22344,106.18
mp-2182,64.044
mp-1775,72.865
mp-30418,114.725
mp-754839,118.856
mp-29862,5.015
mp-569152,7.644
mp-7457,12.518
mp-8289,50.256
mp-2706,36.861
mp-36508,16.357
mp-27194,9.95
mp-978846,20.719
mp-20033,154.138
mp-30788,216.251
mp-2097,29.755
mp-856,171.933
mp-755071,139.796
mp-475,73.018
mp-7541,43.262
mp-1025296,154.449
mp-4252,16.223
mp-5706,17.329
mp-20815,24.569
mp-2369,97.577
mp-1851,130.558
mp-718,145.871
mp-19856,127.368
mp-20971,198.87
mp-317,140.398
mp-636334,176.402
mp-1876,53.469
mp-2231,23.336
mp-8781,7.142
mp-554134,3.8609999999999998
mp-559676,28.192
mp-1170,13.762
mp-10635,51.179
mp-691,23.839
mp-2168,27.105
mp-2693,48.326
mp-8936,5.698
mp-628773,13.848
mp-665,11.592
mp-1883,38.189
mp-76,10.978
mp-95,12.611
mp-139,11.529
mp-867202,11.444
mp-7879,59.767
mp-7366,49.71
mp-644229,42.514
mp-6931,58.659
mp-37091,23.229
mp-16045,163.16
mp-4370,79.52
mp-6939,165.802
mp-11919,104.82
mp-7771,46.795
mp-12783,43.715
mp-7881,46.529
mp-8277,53.94
mp-7432,37.561
mp-571203,79.041
mp-7361,71.077
mp-5671,88.052
mp-4861,56.86
mp-3241,77.539
mp-13900,68.022
mp-505515,62.734
mp-7877,86.566
mp-4488,84.292
mp-3299,94.787
mp-33880,22.92
mp-978853,90.062
mp-978986,76.495
mp-10697,80.352
mp-19787,78.082
mp-27425,41.76
mp-570097,42.562
mp-863260,47.545
mp-9566,37.968
mp-4343,52.687
mp-5589,77.447
mp-3043,58.991
mp-4157,31.616
mp-4316,45.823
mp-3207,62.062
mp-569310,94.67
mp-3385,103.811
mp-3804,87.317
mp-6961,69.54
mp-8468,76.461
mp-567278,148.737
mp-7880,71.734
mp-7365,86.085
mp-568402,90.986
mp-9379,40.513
mp-7770,53.997
mp-7363,53.367
mp-8276,63.496
mp-7431,42.07
mp-867163,39.938
mp-15697,31.995
mp-863258,42.139
mp-8896,146.854
mp-867193,35.078
mp-23056,44.628
mp-567655,42.78
mp-862720,26.36
mp-862721,27.344
mp-867149,29.052
mp-1029923,88.705
mp-549487,15.256
mp-1025280,89.884
mp-5456,96.649
mp-754322,104.977
mp-6065,147.444
mp-6304,144.046
mp-16796,132.861
mp-24292,48.381
mp-690794,39.431
mp-768305,122.77
mp-867207,28.446
mp-6676,137.633
mp-31294,58.384
mp-23504,14.254
mp-4998,128.645
mp-644225,44.442
mp-11734,131.312
mp-6564,86.466
mp-1245,24.67
mp-23033,47.295
mp-17701,70.857
mp-20944,91.606
mp-4359,97.839
mp-862747,45.405
mp-15624,27.607
mp-863251,37.562
mp-13051,30.437
mp-867169,30.248
mp-3376,108.931
mp-4287,106.729
mp-12427,159.165
mp-17518,69.088
mp-6362,138.501
mp-13937,142.094
mp-5532,127.094
mp-862740,25.727
mp-620290,108.842
mp-1105147,138.817
mp-7889,142.445
mp-9453,82.152
mp-9306,67.594
mp-1025349,117.107
mp-10671,40.325
mp-571216,45.827
mp-17129,85.441
mp-9843,51.236
mp-7068,43.146
mp-7376,36.254
mp-29088,50.267
mp-22418,25021.856
mp-30357,21.352
mp-1029733,104.031
mp-1013555,47.628
mp-570008,43.271
mp-1013643,30.724
mp-981103,89.762
mp-12906,47.647
mp-35644,58.192
mp-7191,60.178
mp-779517,135.285
mp-1029741,65.898
mp-972285,11.008
mp-9325,51.62
mp-986716,50.639
mp-1013554,49.284
mp-1029531,58.683
mp-1029750,61.376
mp-7752,45.977
mp-7961,44.124
mp-16136,93.461
mp-3349,139.441
mp-1029655,56.853
mp-6723,107.808
mp-8299,46.741
mp-1025351,37.73
mp-567601,52.92
mp-766217,94.546
mp-8298,50.236
mp-755293,41.23
mp-1029799,72.97
mp-1029580,71.003
mp-1029868,81.348
mp-23141,64.465
mp-23121,66.189
mp-6669,75.339
mp-29136,63.615
mp-989402,31.841
mp-989592,37.078
mp-989540,43.347
mp-979014,20.33
mp-867925,37.418
mp-978953,33.088
mp-978929,34.157
mp-30355,27.873
mp-2410,60.814
mp-6954,48.889
mp-31018,35.76
mp-997085,80.968
mp-997086,79.857
mp-997100,77.721
mp-10667,55.717
mp-1638,47.886
mp-22318,44.927
mp-3094,83.129
mp-5492,79.915
mp-36775,88.628
mp-2775,54.006
mp-16491,65.439
mp-13311,46.288
mp-3698,52.321
mp-570485,51.695
mp-9907,37.824
mp-9743,64.685
mp-8456,72.367
mp-1831,90.516
mp-997094,80.847
mp-5540,147.126
mp-242,144.836
mp-23159,42.244
mp-547244,38.621
mp-567744,18.143
mp-2630,47.378
mp-10497,49.739
mp-12317,56.929
mp-3822,60.547
mp-38035,62.636
mp-980947,31.022
mp-972119,28.313
mp-1018032,97.832
mp-11178,114.646
mp-22428,113.27
mp-23209,33.615
mp-1029838,92.015
mp-3255,96.392
mp-5938,96.447
mp-12557,57.771
mp-30451,40.538
mp-12265,-12534.562
mp-21609,67.221
mp-5787,86.243
mp-37514,108.889
mp-16321,65.501
mp-12444,65.563
mp-10749,47.985
mp-30598,47.714
mp-556075,113.78
mp-560445,120.303
mp-755714,80.014
mp-981,65.882
mp-182,41.237
mp-1827,48.048
mp-30580,52.608
mp-7390,46.921
mp-978987,70.823
mp-21164,67.988
mp-23714,37.591
mp-23759,39.071
mp-23860,38.352
mp-24205,7.823
mp-9383,156.263
mp-1029396,114.728
mp-3378,155.349
mp-3721,154.085
mp-4551,163.199
mp-4673,154.945
mp-13108,156.926
mp-13109,157.502
mp-550908,154.13
mp-542,27.259
mp-11472,30.199
mp-1019277,32.261
mp-568284,13.289
mp-23046,10.84
mp-20497,58.263
mp-21024,47.596
mp-20533,55.359
mp-20479,47.444
mp-19991,47.85
mp-21124,52.456
mp-22284,62.337
mp-318,146.445
mp-867171,30.554
mp-15845,52.666
mp-29754,54.044
mp-10614,42.523
mp-13276,44.645
mp-2564,19.806
mp-2572,25.64
mp-10550,93.805
mp-981214,28.947
mp-15316,54.98
mp-15643,39.991
mp-643009,37.878
mp-571443,35.493
mp-15642,43.089
mp-867172,29.945
mp-1029878,92.183
mp-29973,39.109
mp-10564,68.626
mp-2131,39.156
mp-768342,147.015
mp-7006,173.24
mp-12520,69.921
mp-12521,92.315
mp-13513,66.576
mp-862750,57.57
mp-30805,51.162
mp-2472,84.99
mp-2697,71.147
mp-867195,185.233
mp-7931,44.749
mp-765294,25.933
mp-12923,98.247
mp-20489,105.376
mp-1558,80.634
mp-1260,106.301
mp-12622,62.819
mp-1349,117.262
mp-570832,158.423
mp-9926,56.453
mp-22390,166.165
mp-1087,48.468
mp-5285,60.595
mp-10636,29.551
mp-8605,58.536
mp-770771,141.067
mp-2758,41.256
mp-2661,44.145
mp-13053,44.901
mp-496,58.246
mp-1727,52.527
mp-4549,96.042
mp-8843,68.756
mp-971914,78.261
mp-1698,32.734
mp-30834,56.392
mp-1019259,36.162
mp-2879,137.515
mp-12867,138.388
mp-546973,142.602
mp-8539,41.51
mp-20001,69.787
mp-23089,86.266
mp-990430,75.39
mp-552454,178.247
mp-756088,151.127
mp-2583419,-12.404
mp-989530,100.89
mp-989586,85.068
mp-12631,181.627
mp-1958,32.317
mp-9517,121.679
mp-4651,168.22
mp-5229,170.929
mp-2434,25.126
mp-30877,26.768
mp-981311,29.409
mp-36329,132.524
mp-989513,99.971
mp-17275,112.287
mp-1022804,31.352
mp-6606,170.189
mp-12724,24.149
mp-13365,36.313
mp-569426,35.093
mp-638,52.276
mp-29623,30.573
mp-23034,32.01
mp-5078,61.603
mp-5637,92.231
mp-1019280,32.355
mp-9556,49.807
mp-1019279,37.518
mp-9382,148.786
mp-3323,152.318
mp-4387,145.804
mp-5076,143.03
mp-1020622,142.374
mp-5193,69.284
mp-42,195.555
mp-50,194.527
mp-569794,-8469022.694
mp-1025441,195.615
mp-1032,248.908
mp-11278,185.869
mp-7088,260.465
mp-7814,37.686
mp-559976,34.146
mp-5548,155.679
mp-574,213.632
mp-867779,231.932
mp-977425,243.884
mp-2220557,133.739
mp-979267,231.554
mp-864764,247.114
mp-24082,203.084
mp-632311,202.519
mp-22144,175.354
mp-864761,249.914
mp-864770,265.254
mp-864782,246.749
mp-1208406,327.072
mp-864640,234.508
mp-864639,240.518
mp-864651,221.392
mp-1867,228.033
mp-10390,126.687
mp-1539317,194.214
mp-864650,272.496
mp-22477,220.662
mp-8435,19.314
mp-8436,17.445
mp-977353,256.583
mp-8732,42.606
mp-9983,70.995
mp-2783,214.601
mp-977363,242.63
mp-972209,250.356
mp-864670,245.861
mp-977382,227.823
mp-569568,225.648
mp-569249,200.678
mp-10142,294.112
mp-27488,241.568
mp-753747,233.926
mp-977390,225.21
mp-541,187.381
mp-505206,20.916
mp-30871,178.536
mp-1217975,266.336
mp-3802,235.646
mp-3803,236.717
mp-22444,214.356
mp-3581,62.712
mp-8046,289.948
mp-28629,291.265
mp-30668,177.165
mp-1642,418.89
mp-2598,105.592
mp-1989,215.33
mp-570287,210.57
mp-5821,82.882
mp-869,132.414
mp-3340,203.111
mp-867249,219.675
mp-5921,192.409
mp-675172,208.145
mp-760396,215.809
mp-862445,268.452
mp-862446,240.988
mp-1936,175.774
mp-12561,133.144
mp-1097,286.134
mp-1108,303.164
mp-1217965,296.676
mp-1217964,315.136
mp-1217974,324.571
mp-567842,136.248
mp-2676,167.518
mp-867114,234.983
mp-1086,323.894
mp-1799,247.841
mp-570430,255.669
mp-7851,134964.325
mp-11358,242.198
mp-31459,165.084
mp-2385,242.207
mp-570963,239.813
mp-1217958,245.291
mp-10748,32.41
mp-4081,41.99
mp-9295,34.708
mp-867771,224.467
mp-3102,39.914
mp-568077,424.186
mp-21336,254.448
mp-867216,238.287
mp-11416,125.826
mp-30555,195.874
mp-867507,222.56
mp-21175,192.999
mp-867788,268.88
mp-7558,148.824
mp-24723,196.872
mp-999139,18.901
mp-571499,273.081
mp-265,323.564
mp-12678,622.974
mp-867120,201.123
mp-9587,306.124
mp-1279,306.305
mp-1459,337.979
mp-4165,267.592
mp-1217924,308.794
mp-972323,251.053
mp-1157,213.178
mp-9391,21.521
mp-891,218.124
mp-570491,221.34
mp-22636,196.746
mp-20994,255.403
mp-33997,183.266
mp-999133,201.83
mp-30835,205.117
mp-30836,210.488
mp-582360,201.293
mp-30849,243.933
mp-30850,259.644
mp-1020,260.037
mp-1601,253.312
mp-12110,241.27
mp-867816,276.055
mp-1411,14.33
mp-1690,21.703
mp-1984,31.338
mp-10014,27.546
mp-555037,21.258
mp-11697,101.369
mp-31454,176.103
mp-500,23.348
mp-501,24.691
mp-7834,22.878
mp-7926,22.817
mp-567724,19.6
mp-29652,19.248
mp-517,184.701
mp-11192,184.679
mp-21316,258.184
mp-20436,234.349
mp-567982,103.041
mp-11572,257.672
mp-601823,24.147
mp-22817,32.198
mp-1217898,276.819
mp-979751,211.21
mp-867821,207.781
mp-760439,2368209.083
mp-867123,267.946
mp-867846,257.421
mp-861908,234.152
mp-861912,230.754
mp-567276,194.158
mp-1217818,293.658
mp-979289,275.924
mp-862679,151.886
mp-865805,201.21
mp-865804,213.299
mp-865234,226.089
mp-18,38.449
mp-7163,40.344
mp-11698,40.128
mp-571249,40.022
mp-10854,177.757
mp-3709,131.45
mp-3292,113.474
mp-3456,119.971
mp-12075,128.275
mp-20264,109.098
mp-5399,145.871
mp-21079,132.27
mp-22486,115.215
mp-3329,112.504
mp-570554,160.356
mp-5752,175.73
mp-4466,120.154
mp-5429,170.188
mp-4250,130.983
mp-569737,145.156
mp-3097,152.124
mp-3678,152.051
mp-979270,96.964
mp-3194,86.815
mp-568624,152.212
mp-1025379,160.424
mp-769673,276089.317
mp-692,56.514
mp-1025266,156.439
mp-571149,101.385
mp-6624,127.515
mp-13498,39.124
mp-570272,48.67
mp-1056,141.499
mp-1101329,84.414
mp-4991,166.521
mp-16036,79.972
mp-10960,136.183
mp-1704,52.499
mp-13535,70.66
mp-570822,76.355
mp-2610,13.02
mp-206,77.519
mp-22972,36.09
mp-2268,65.884
mp-30358,72.426
mp-756,79.498
mp-16516,90.658
mp-971985,92.528
mp-3197,93.543
mp-2640,76.698
mp-570179,96.855
mp-1025478,101.371
mp-965,160.306
mp-1025075,246.928
mp-12736,202.448
mp-3186,222.108
mp-12763,174.096
mp-22921,55.237
mp-549475,66.169
mp-547125,67.575
mp-552857,64.933
mp-2119,114.409
mp-721,54.797
mp-30497,54.807
mp-30498,56.173
mp-977398,71.476
mp-977376,87.541
mp-568170,26.359
mp-570232,12.883
mp-2265,40.461
mp-1024963,171.359
mp-1095562,35.76
mp-3040,205.718
mp-1200,-3006.379
mp-5106,175.952
mp-22206,110.589
mp-4969,125.927
mp-1837,71.128
mp-1527,84.123
mp-11363,109.637
mp-9387,86.002
mp-20290,69.232
mp-11347,101.962
mp-589,83.099
mp-21363,97.721
mp-2684,73.518
mp-568687,135.088
mp-11418,72.033
mp-867246,71.201
mp-1025288,92.096
mp-1025099,11.861
mp-977421,132.553
mp-1405,80.709
mp-20054,111.302
mp-999123,97.788
mp-867288,59.883
mp-863264,3.138
mp-20920,55.261
mp-567210,89.859
mp-19782,76.971
mp-22685,90.141
mp-22229,103.672
mp-1024984,161.456
mp-2725,196.495
mp-979287,67.917
mp-1635,40.716
mp-7381,40.267
mp-862767,54.108
mp-867234,61.719
mp-977396,113.246
mp-20822,81.024
mp-2117,157.952
mp-12647,134.127
mp-999130,76.757
mp-276,119.456
mp-6092,174.217
mp-30808,143.336
mp-3061,145.7
mp-4288,95.826
mp-3716,89.316
mp-645,85.585
mp-7168,127.592
mp-4672,38.774
mp-999124,81.785
mp-2747,126.101
mp-980059,102.32
mp-1697,163.153
mp-1549,169.757
mp-11561,109.058
mp-542103,196.967
mp-11562,179.088
mp-5692,185.684
mp-1610,96.236
mp-10930,105.651
mp-2724,59.906
mp-982596,45.098
mp-4395,71.319
mp-31119,163.461
mp-1561,80.122
mp-1025077,76.389
mp-1924,90.719
mp-1535,85.829
mp-754875,174.624
mp-1070859,151.371
mp-1072922,60.169
mp-864599,88.449
mp-21401,15295.281
mp-1176,63.35
mp-867290,60.402
mp-1019324,58.632
mp-10078,83.674
mp-21433,81.218
mp-30878,52.636
mp-978907,68.02
mp-999121,29.494
mp-978988,68.08
mp-972156,39.722
mp-978911,64.962
mp-978975,54.245
mp-865254,52.205
mp-836,57.624
mp-2338,65.918
mp-13536,78.188
mp-4075,79.598
mp-113,296.007
mp-8638,298.021
mp-867351,299.67
mp-11690,185.303
mp-1017987,331.138
mp-867357,286.678
mp-862779,325.151
mp-861610,252.716
mp-867281,286.08
mp-861630,303.39
mp-1019317,309.759
mp-1025373,6.037
mp-867345,341.997
mp-1002181,266.248
mp-1019319,322.518
mp-33137,255.97
mp-867212,377.014
mp-972326,261.344
mp-1217363,306.075
mp-867356,308.589
mp-9481,26.399
mp-19,19.355
mp-105,34.252
mp-10654,50.533
mp-567313,19.198
mp-570459,42.656
mp-30981,26.626
mp-1662,65.345
mp-1551,87.362
mp-2285,48.777
mp-10844,111.463
mp-602,16.944
mp-7459,18.341
mp-12177,47.587
mp-2142,130.119
mp-782,53.053
mp-613,106.336
mp-605028,33.635
mp-399,45.176
mp-754,95.422
mp-1341,146.115
mp-1848,110.797
mp-22693,18.391
mp-484,15.222
mp-8601,32.683
mp-8628,47.518
mp-10051,62.239
mp-561664,11.814
mp-557,31.251
mp-2125,22.059
mp-2739,31.468
mp-8377,21.082
mp-2552,89.234
mp-19717,38.461
mp-2517816,37.434
mp-564,97.958
mp-2530518,134.524
mp-29748,24.702
mp-2458827,6.67
mp-11693,46.872
mp-37,55.005
mp-31411,119.17
mp-3605,142.488
mp-5400,134.222
mp-5948,133.026
mp-20238,145.046
mp-7600,146.711
mp-3011,145.97
mp-21281,133.86
mp-4458,149.607
mp-3264,115.166
mp-505249,167.095
mp-16250,127.616
mp-3166,183.234
mp-5508,141.173
mp-4611,161.712
mp-5165,168.505
mp-8375,151.246
mp-2233,71.978
mp-865224,80.336
mp-568411,72.297
mp-16370,80.239
mp-3923,197.985
mp-1666,96.675
mp-7523,79.455
mp-30670,74.25
mp-314,85.628
mp-978964,52.8
mp-467,147.036
mp-1347,108.466
mp-24202,81.272
mp-309,83.938
mp-178,72.139
mp-669,86.769
mp-16720,80.85
mp-1306,85.595
mp-30182,122.373
mp-1753,100.068
mp-1019358,97.846
mp-1019357,86.821
mp-1025,107.422
mp-2997,181.305
mp-10115,255.394
mp-3223,230.004
mp-1756,195.95
mp-1562,117.752
mp-30468,73.55
mp-571335,63.583
mp-1019362,65.77
mp-23160,26.598
mp-570229,21.662
mp-28066,24.781
mp-1164,97.603
mp-1210,66.397
mp-867372,82.451
mp-867353,99.567
mp-867346,72.453
mp-861646,127.909
mp-567431,24.216
mp-30564,101.93
mp-809,2404.871
mp-999088,180.213
mp-1377,94.521
mp-12834,117.353
mp-2689,117.852
mp-865450,85.675
mp-862875,100.3
mp-1093,86.356
mp-16371,87.818
mp-9756,172.653
mp-6979,98.687
mp-24291,88.564
mp-1008734,93.607
mp-861653,101.664
mp-2215,77.59
mp-28067,18.541
mp-20206,65.84
mp-622041,99.696
mp-1187,203.203
mp-312,674.209
mp-745,50.194
mp-979263,46.981
mp-977352,67.816
mp-12748,92.241
mp-834,176.864
mp-220,223.876
mp-1567,154.083
mp-22786,98.7
mp-643,188.295
mp-1828,122735.858
mp-931,112.228
mp-1019360,89.668
mp-19889,68.606
mp-672388,64.039
mp-21381,58.108
mp-865400,174.749
mp-1659,194.385
mp-568337,145.788
mp-2509,170.311
mp-574438,19721.536
mp-22394,224.114
mp-503,118.095
mp-1146,90.46
mp-8136,135.883
mp-1751,79.402
mp-10637,81.728
mp-7568,73.11
mp-10623,112.537
mp-1019359,78.808
mp-1019361,69.097
mp-2183,101.246
mp-7951,77.932
mp-2844,106.389
mp-7497,105.59
mp-1025413,132.143
mp-1025056,193.609
mp-9164,119.857
mp-5836,162.659
mp-1025053,1260344.36
mp-30872,71.526
mp-435,68.417
mp-866174,99.611
mp-865677,48485339.016
mp-19886,109.3
mp-865944,152.686
mp-1921,83.002
mp-3718,79.236
mp-5274,150.848
mp-2061,58.019
mp-46,112.944
mp-72,112.881
mp-6985,108.54
mp-1025207,47.988
mp-29091,75.053
mp-553991,150.756
mp-1025173,104.193
mp-1025291,82.772
mp-18288,63.04
mp-1025282,53.833
mp-979115,115.12
mp-12990,137.103
mp-861627,150.337
mp-4978,156.701
mp-1262424,-1461.015
mp-861640,172.0
mp-861637,159.815
mp-571126,225.583
mp-12648,126.701
mp-568069,75.979
mp-10721,121.304
mp-3732,179.75
mp-30501,89.283
mp-9961,112.721
mp-861639,193.269
mp-861641,190.189
mp-862911,187.175
mp-861656,194.37
mp-1025345,49.615
mp-742,130.928
mp-30599,139.182
mp-622570,130.158
mp-3951,100.958
mp-505804,90.931
mp-972217,167.17
mp-861672,191.953
mp-9942,57.144
mp-5090,57.172
mp-30671,120.013
mp-30673,107.755
mp-12537,138.904
mp-1025550,157.125
mp-9958,154.628
mp-972337,216.082
mp-999052,108.188
mp-861958,153.777
mp-863690,185.408
mp-861983,184.197
mp-865569,212.034
mp-865712,173.551
mp-865768,210.074
mp-972396,230.659
mp-866218,191.897
mp-865469,193.143
mp-865807,208.29
mp-865803,194.966
mp-7790,179.192
mp-8282,203.884
mp-1808,641.344
mp-865529,190.543
mp-865591,170.681
mp-1025263,91.139
mp-1025281,69.621
mp-1215,183.19
mp-458,214.394
mp-776456,206.646
mp-865842,231.602
mp-13164,141.684
mp-30840,154.553
mp-10136,251.582
mp-865717,234.973
mp-865728,194.083
mp-865533,240.23
mp-865538,193.113
mp-865877,212.512
mp-865948,213.72
mp-972275,219.69
mp-972241,217.331
mp-1018124,162.15
mp-616559,147.515
mp-5244,114.291
mp-30875,114.555
mp-637255,87.487
mp-3871,134.1
mp-865840,223.944
mp-865878,168.312
mp-865876,225.088
mp-865931,182.368
mp-865928,201.234
mp-865649,203.459
mp-865650,208.121
mp-12527,21.093
mp-972238,179.691
mp-1025203,67.424
mp-1025219,46.041
mp-1014229,112.106
mp-1014227,147.64
mp-866183,168.977
mp-866187,158.023
mp-23427,81.207
mp-1823,113.96
mp-3271,153.159
mp-3747,158.241
mp-10675,162.649
mp-1786,137.742
mp-1025170,224.584
mp-866201,103.657
mp-2643,132.608
mp-30672,118.806
mp-972069,116.433
mp-1095505,173.577
mp-2354,118.442
mp-2560,115.477
mp-11073,123.289
mp-544,169.105
mp-755920,183.115
mp-980945,123.599
mp-981232,122.685
mp-567653,156.786
mp-13993,73.57
mp-755875,179.336
mp-1147,170.755
mp-865899,160.895
mp-570199,160.452
mp-760414,170.984
mp-2339,157.855
mp-30851,202.97
mp-17413,204.618
mp-1412,119.611
mp-569837,109.29
mp-5659,183.669
mp-21030,116.002
mp-570691,114.12
mp-21023,157.86
mp-644483,123.281
mp-15669,52.172
mp-774922,6.146
mp-865900,108.872
mp-4563,148.372
mp-9964,153.716
mp-866186,110.213
mp-1014257,145.73
mp-10734,207.408
mp-18583,171.113
mp-22033,108.776
mp-11765,84.426
mp-2108,139.791
mp-505527,-24962.342
mp-20847,106.614
mp-7498,68.104
mp-865235,128.39
mp-978976,131.544
mp-11750,149.647
mp-20382,113443.267
mp-568232,102.154
mp-15397,196.424
mp-27919,168.542
mp-1017985,102.455
mp-10810,20.057
mp-1953,113.483
mp-11809,109.309
mp-567705,109.691
mp-4930,184.787
mp-542915,106.208
mp-998981,102.749
mp-16481,130.385
mp-16482,138.455
mp-5407,179.963
mp-4771,134.483
mp-31187,184.183
mp-998980,189.547
mp-7187,164.644
mp-865442,244.229
mp-865441,158.18
mp-570713,161.564
mp-866153,194.292
mp-866155,209.627
mp-1822,118.615
mp-10052,115.242
mp-505540,176.642
mp-1018123,147.433
mp-12635,146.22
mp-7857,207.405
mp-1145,254.22
mp-9716,178.989
mp-11279,124.845
mp-11280,122.106
mp-2749,124.06
mp-866139,189.33
mp-866152,191.214
mp-866154,241.903
mp-866143,203.582
mp-27785,3.721
mp-631,251.478
mp-30500,81.552
mp-623024,16.341
mp-11300,72.925
mp-13641,148.77
mp-20940,146.93
mp-28116,12.683
mp-23275,6.025
mp-571143,6.621
mp-2036706,6.83
mp-823,351.113
mp-695,-469872441325.631
mp-4612,188.455
mp-3657,206.714
mp-21467,165.425
mp-608,142.93
mp-22769,168.613
mp-5967,141.018
mp-15657,177.798
mp-21306,185.534
mp-1425,198.812
mp-568636,198.395
mp-1216966,277.905
mp-11580,206.197
mp-2078,127.744
mp-11364,129.327
mp-541754,41.734
mp-12546,141.202
mp-675755,79.739
mp-1188441,141.045
mp-753490,127.282
mp-20255,147.728
mp-19983,103.401
mp-246,102.198
mp-305,198.715
mp-2454,163.482
mp-866375,210.464
mp-998970,187.429
mp-866141,230.374
mp-19963,183.277
mp-1018012,197.425
mp-998971,215.232
mp-643945,176.085
mp-10755,119.461
mp-8648,187.835
mp-21662,180.482
mp-961673,146.311
mp-2767,116.187
mp-571342,105.655
mp-2731,97.756
mp-1025229,108.798
mp-1025313,101.134
mp-20145,182.718
mp-636320,190.307
mp-998964,192.595
mp-866142,227.636
mp-30656,127.561
mp-30657,166.368
mp-1025045,140.178
mp-866140,155.629
mp-22662,163.617
mp-866157,193.396
mp-865448,212.674
mp-567889,113.668
mp-780260,27.439
mp-16740,149.123
mp-20268,150.678
mp-1008680,151.635
mp-865640,228.106
mp-690760,127.744
mp-24161,139.455
mp-24726,140.725
mp-1526,104.414
mp-23223,2.037
mp-23264,1.242
mp-541013,1.991
mp-621348,113.257
mp-22725,118.564
mp-22463,153.635
mp-866168,125.716
mp-866170,174.523
mp-1235,227.385
mp-12594,218.372
mp-1089,294.735
mp-1949,181.973
mp-865531,159.093
mp-865780,160.207
mp-866376,191.642
mp-865652,207.779
mp-865678,195.509
mp-865656,243.092
mp-865537,168.613
mp-865523,183.807
mp-492,278.511
mp-27850,30.511
mp-1216692,268.26
mp-35869,289.181
mp-755302,162.315
mp-865653,250.96
mp-34289,20.023
mp-865655,223.438
mp-571,154.95
mp-597,151.359
mp-1048,146.751
mp-2716,150.897
mp-603347,145.461
mp-10261,137.552
mp-3740,159.419
mp-1409,189.888
mp-16356,158.126
mp-20952,126.65
mp-924130,123.819
mp-1203,195.566
mp-755264,234.957
mp-390,184.247
mp-430,157.994
mp-1439,203.794
mp-1840,190.856
mp-2657,208.538
mp-9173,100.826
mp-554278,180.571
mp-766454,155.372
mp-2420244,56.861
mp-752496,154.987
mp-753059,38.582
mp-753657,188.024
mp-753708,135.307
mp-37473,134.531
mp-291,248.343
mp-739,139.085
mp-20327,131.512
mp-989613,178.71
mp-5839,102.75
mp-10739,219.7
mp-19845,170.269
mp-20459,65.557
mp-11546,153.552
mp-980094,151.922
mp-1018121,160.261
mp-636328,179.376
mp-998949,190.385
mp-12107,238.047
mp-569708,234.145
mp-972220,233.898
mp-30852,240.535
mp-2179,228.62
mp-865664,287.241
mp-996940,269.191
mp-865665,271.275
mp-2583,187.501
mp-11563,187.05
mp-1152,228.591
mp-592,215.387
mp-554462,137.908
mp-1018028,139.693
mp-2156,18.003
mp-9027,46.408
mp-558110,5.928
mp-9920,14.85
mp-2187,90.133
mp-568,89.181
mp-568789,112.457
mp-571651,106.475
mp-2194,11.057
mp-7092,145.819
mp-2582,142.135
mp-510409,176.474
mp-865680,283.881
mp-961706,165.342
mp-672645,187.886
mp-11560,203.131
mp-505822,189.963
mp-865681,244.997
mp-865669,228.921
mp-754246,25.074
mp-773864,163.816
mp-961682,118.974
mp-865679,146.595
mp-30847,136.97
mp-865707,179.322
mp-865888,205.955
mp-11573,204.076
mp-866213,248.307
mp-865809,210.128
mp-865810,257.893
mp-567832,85.973
mp-1907,20.685
mp-11113,77.175
mp-10402,25.672
mp-15635,28.907
mp-6706,79.378
mp-1542940,9.808
mp-1216667,267.608
mp-865916,257.696
mp-865914,226.153
mp-1014230,110.695
mp-557950,83.663
mp-2327,79.295
mp-30882,105.49
mp-21289,100.968
mp-865730,133.602
mp-865898,180.042
mp-865930,130.031
mp-865048,226.509
mp-1016108,154.329
mp-865093,160.513
mp-14142,169.135
mp-635713,65.52
mp-865079,150.486
mp-861619,182.047
mp-861961,190.201
mp-39,27.941
mp-82,26.378
mp-151,26.891
mp-972373,26.806
mp-5501,58.448
mp-4475,32.334
mp-557929,54.153
mp-8676,28.231
mp-5000,29.141
mp-569204,27.8
mp-3021,38.004
mp-3411,34.649
mp-559492,54.929
mp-4354,38.486
mp-30571,38.126
mp-755435,37.616
mp-29898,18.684
mp-2679737,7.347
mp-1025338,36.339
mp-989555,37.626
mp-554212,46.555
mp-1658,-59763.574
mp-570896,56.741
mp-29889,13.465
mp-28954,31.919
mp-571160,64.88
mp-13801,170.426
mp-27834,13.744
mp-4112,23.802
mp-28843,19.458
mp-27833,11.525
mp-29556,14.578
mp-4584,20.152
mp-979269,27.4
mp-972185,26.92
mp-4876,14.239
mp-5513,21.006
mp-1025549,19.502
mp-3019,26.737
mp-23488,15.431
mp-997010,87.57
mp-10006,33.627
mp-11873,136.553
mp-1025353,180.729
mp-4988,8.873
mp-978969,86.313
mp-996981,88.891
mp-30469,40.558
mp-27438,27.664
mp-22875,19.646
mp-568560,16.051
mp-866188,137.541
mp-569639,18.005
mp-30530,12.984
mp-2353285,17.198
mp-4638,34.601
mp-13829,41.713
mp-8800,36.601
mp-8159,50.486
mp-998147,39.029
mp-554973,70.161
mp-997042,21.672
mp-14089,56.964
mp-14090,48.836
mp-720,6.828
mp-3849,24.875
mp-9810,9.505
mp-9580,24.333
mp-22858,11.664
mp-23197,16.52
mp-571102,13.509
mp-22566,45.413
mp-22232,22.596
mp-5915,21.657
mp-675283,13.435
mp-1025348,145.845
mp-8249,10.753
mp-865232,124.074
mp-7038,22.474
mp-569785,132.434
mp-571030,133.935
mp-5478,139.649
mp-1025248,126.95
mp-9272,27.301
mp-541487,22.482
mp-322,23.073
mp-8348,15.209
mp-28230,13.437
mp-676540,14.241
mp-4573,28.606
mp-1836,20.394
mp-1025329,186.651
mp-9251,23.076
mp-143,45.516
mp-1018122,43.971
mp-10857,183.742
mp-5983,131.945
mp-567808,102.384
mp-4903,116.757
mp-2514049,54.308
mp-4195,108.431
mp-571485,135.34
mp-8528,157.698
mp-568371,158.852
mp-1025238,96.793
mp-979176,71.509
mp-865281,96.269
mp-865282,96.69
mp-12005,90.245
mp-979258,65.115
mp-865284,101.396
mp-4324,64.903
mp-1025181,166.232
mp-979044,86.553
mp-9211,139.272
mp-865340,106.578
mp-865356,58.554
mp-865403,76.381
mp-865361,89.938
mp-865449,77.305
mp-971705,51.653
mp-1767,150.148
mp-556253,155.798
mp-3556,127.607
mp-753920,119.03
mp-754475,89.409
mp-866120,66.273
mp-977589,60.245
mp-971979,68.975
mp-972244,68.836
mp-972274,68.285
mp-865237,100.748
mp-865338,93.112
mp-1095591,85.104
mp-1018641,96.02
mp-569871,58.177
mp-20522,66.924
mp-2990,75.464
mp-6917,73.521
mp-12953,47.341
mp-1078600,42.537
mp-858,83.144
mp-16517,100.232
mp-768,77.938
mp-1191390,181.007
mp-865402,85.691
mp-571506,92.341
mp-1101,79.857
mp-1017507,86.722
mp-560,105.164
mp-800,175.007
mp-5620,225.91
mp-571352,174.157
mp-5438,186.37
mp-23234,54.948
mp-546350,69.604
mp-552738,68.302
mp-865301,3.109
mp-754969,17.479
mp-30502,57.293
mp-865983,64.458
mp-865982,102.769
mp-865202,123.512
mp-865206,127.101
mp-28044,12.303
mp-632,36.569
mp-5714,210.234
mp-19754,145.684
mp-13502,172.008
mp-1025408,123.961
mp-985,74.896
mp-1025116,109.243
mp-30600,109.138
mp-20663,68.88
mp-36209,65.942
mp-8123,98.396
mp-865194,152.068
mp-1956,76.021
mp-1025504,100.012
mp-11392,100.437
mp-1603,76.098
mp-1025257,97.33
mp-865195,147.294
mp-982739,111.695
mp-865209,182.794
mp-865215,161.823
mp-865353,2.7359999999999998
mp-1024957,109.749
mp-865211,134.846
mp-980669,209.285
mp-972455,57.35
mp-865210,45.134
mp-1505,43.263
mp-2214,44.234
mp-979073,46.104
mp-971920,40.818
mp-865230,116.23
mp-11615,97.514
mp-978995,135.403
mp-1975,172.542
mp-865241,205.913
mp-865248,179.898
mp-6754,154.321
mp-865974,117.1
mp-11526,155.253
mp-568269,83.509
mp-4037,170.384
mp-21157,108.787
mp-4025,91.824
mp-7169,130.268
mp-865788,155.943
mp-19820,49.521
mp-348,97.651
mp-982,132.296
mp-1025409,110.101
mp-571271,169.621
mp-2351,179.331
mp-11564,118.772
mp-30865,-5957.078
mp-10714,203.932
mp-1766,102.797
mp-2520,62.342
mp-16314,103.205
mp-980392,72.216
mp-980206,132.156
mp-2822,84.968
mp-772,89.456
mp-1025393,116.907
mp-1077102,61.628
mp-3942,113.153
mp-11974,111.197
mp-865252,141.544
mp-865249,153.366
mp-865262,188.12
mp-237,66.367
mp-980014,52.713
mp-817,46.269
mp-1008561,30.528
mp-2316,63.975
mp-569406,71.161
mp-865298,108.889
mp-865299,135.447
mp-979011,67.086
mp-567807,79.62
mp-44,147.81
mp-5544,182.023
mp-29005,144.899
mp-21388,97.198
mp-22374,-176.373
mp-1087505,201.105
mp-20924,177.23
mp-5591,187.564
mp-22639,198.349
mp-31256,28.801
mp-20596,186.818
mp-5786,-69.752
mp-4793,141.952
mp-5556,162.197
mp-3388,326.477
mp-27468,81.939
mp-2625,184.425
mp-10247,225.315
mp-20276,78.546
mp-21493,92.095
mp-6940,185.335
mp-30789,179.585
mp-973,198.589
mp-5381,153.594
mp-5739,133.28
mp-5268,99.35
mp-600216,68.88
mp-3048,126.252
mp-5505,85.916
mp-1709,130.716
mp-28838,136.797
mp-606,100.456
mp-308,163.668
mp-392,75.787
mp-20328,64.012
mp-956,141.244
mp-21108,149.256
mp-472,82.958
mp-1723,88.376
mp-4561,116.197
mp-16519,-4680161.276
mp-4206,117.844
mp-4374,78.118
mp-22595,77.206
mp-12072,111.096
mp-22319,243.159
mp-1514,210.847
mp-10132,295.443
mp-1025127,216.199
mp-1163,123.142
mp-23255,25.058
mp-27762,21.314
mp-2489,178.518
mp-2486,173.368
mp-29761,38.531
mp-545598,114.796
mp-23208,31.673000000000002
mp-1383,66312915.443
mp-10056,479.093
mp-21494,24.751
mp-11833,92.884
mp-1852,14.284
mp-2275,4.717
mp-10065,256.215
mp-20214,83.085
mp-4732,105.256
mp-21251,20.367
mp-865421,191.62
mp-22065,124.931
mp-20913,90.78
mp-3579,83.522
mp-3109,70.542
mp-24659,108.814
mp-23244,6.693
mp-20941,61.685
mp-20358,35.525
mp-1655,239.465
mp-1044,303.949
mp-339,-0.0
mp-567695,184.28
mp-3991,255.507
mp-1865,206.53
mp-1776,256.399
mp-1025123,242.745
mp-672374,146.821
mp-2838,183.584
mp-22159,112.758
mp-1597,206.152
mp-375,153.034
mp-1085,491.593
mp-2011,99.646
mp-413,118.372
mp-30841,789818.62
mp-28607,264.934
mp-1102585,276.868
mp-1150,214.274
mp-1263,200.183
mp-2423,126.337
mp-519,94.691
mp-2707,71.721
mp-505019,83.812
mp-10624,134.411
mp-7935,61.912
mp-2143,99.592
mp-20077,69.255
mp-3217,114.334
mp-980,120.789
mp-2800,129.573
mp-9487,105.688
mp-30419,25.037
mp-30848,145.047
mp-504687,60.998
mp-4895,71.159
mp-3402,38.078
mp-7170,69.175
mp-9771,138.601
mp-1025154,42.627
mp-865322,132.86
mp-146,181.232
mp-1025322,76.389
mp-4253,292.334
mp-1025224,92.785
mp-555370,88.535
mp-10046,200.377
mp-9208,279.124
mp-20648,244.406
mp-1008632,218.716
mp-865490,231.816
mp-865485,261.007
mp-865484,253.319
mp-865494,241.192
mp-1025232,76.515
mp-865495,238.066
mp-1025278,53.889
mp-561419,87.476
mp-1025182,64.874
mp-1025378,49.149
mp-20405,113.09
mp-9957,179.763
mp-642644,190.35
mp-642659,191.732
mp-972205,263.582
mp-33090,268.043
mp-4909,96.085
mp-7823,92.708
mp-569662,19.078
mp-20541,206.579
mp-8044,227.261
mp-865497,289.662
mp-981365,268.222
mp-865499,275.44
mp-865501,254.239
mp-292,195.129
mp-27769,190.279
mp-839,186.748
mp-2091,257.602
mp-569270,278.729
mp-1585,208.895
mp-1216493,293.232
mp-22568,168.668
mp-1221,184.157
mp-2006,239.084
mp-972071,203.583
mp-7226,202.988
mp-676058,77.971
mp-866121,246.21
mp-1664,194.62
mp-2211,219.134
mp-865385,233.519
mp-1216475,295.129
mp-1578,216.564
mp-865382,221.654
mp-1081,97.046
mp-1555,171.734
mp-29617,102.88
mp-22700,80.248
mp-2567,192.13
mp-21342,162.896
mp-22211,152.004
mp-1028,49.227
mp-2420227,47.823
mp-30883,125.541
mp-1206441,277.143
mp-8045,209.704
mp-30536,90.199
mp-568671,193.107
mp-570483,187.603
mp-9948,52.954
mp-28731,237.852
mp-976,185.901
mp-542730,249.054
mp-1216445,271.858
mp-6543,10.516
mp-19940,138.579
mp-20395,183.377
mp-30423,125.266
mp-11193,104.417
mp-9973,268.991
mp-1491,283.799
mp-865473,3.46
mp-1282,306.705
mp-22877,10.488
mp-1002109,158.978
mp-865465,197.789
mp-20586,216.418
mp-21469,178.311
mp-1017529,239.242
mp-10057,296.493
mp-4076,141.89
mp-21371,216.773
mp-1216398,279.569
mp-1216375,201.539
mp-3762,43.389
mp-21855,35.323
mp-979910,218.716
mp-1335,195.793
mp-4595,243.627
mp-866134,195.459
mp-980749,232.744
mp-567636,162.865
mp-22790,199.274
mp-21883,222.851
mp-30658,167.969
mp-865586,236.904
mp-865471,229.778
mp-865585,236.881
mp-1002114,198.204
mp-24728,175.664
mp-1018138,9.164
mp-865493,6.8469999999999995
mp-1281,273.207
mp-569250,272.357
mp-982070,270.236
mp-1082,319.895
mp-865496,321.065
mp-1018027,334.002
mp-11531,229.507
mp-171,217.129
mp-12778,284.95
mp-1114,169.325
mp-9923,154.817
mp-11549,192.283
mp-873,190.816
mp-568711,175.556
mp-2678,241.671
mp-1017531,236.927
mp-12108,246.671
mp-372,237.489
mp-2705,247.745
mp-1216295,354.771
mp-1251,232.563
mp-1185,251.212
mp-866161,251.039
mp-1395,230.974
mp-1868,146.997
mp-9561,20.333
mp-557523,9.594
mp-849060,12.703
mp-1013525,26.366
mp-1013526,16.881
mp-2851,99.681
mp-31455,161.485
mp-694,17.979
mp-10711,175.432
mp-11190,174.655
mp-865506,286.547
mp-865507,250.046
mp-865472,258.765
mp-20887,94.914
mp-669918,187.018
mp-2540,254.937
mp-865482,243.003
mp-11687,25.137
mp-1029262,152.958
mp-11578,117.948
mp-865487,203.686
mp-865486,225.829
mp-91,302.264
mp-2034,334.971
mp-33065,334.316
mp-567397,335.85
mp-570568,4.479
mp-1894,380.208
mp-23178,1.108
mp-571518,1.611
mp-999549,352.115
mp-1077232,353.556
mp-2675163,100.955
mp-2679804,121.564
mp-224,28.304
mp-9813,28.713
mp-1025571,19.263
mp-1205307,0.936
mp-2422943,0.203
mp-1821,23.208
mp-1023936,9.224
mp-1028698,16.447
mp-9,39.59
mp-112,41.717
mp-30177,116.53
mp-11029,104.534
mp-4656,123.771
mp-10521,70.326
mp-10435,77.086
mp-571369,27.174
mp-14622,197.034
mp-5984,229.147
mp-3515,153.952
mp-4908,136.227
mp-5129,133.147
mp-4520,103.38
mp-3390,118.289
mp-12077,126.563
mp-21113,129.611
mp-5288,147.103
mp-4889,132.96
mp-10896,30.177
mp-3854,125.819
mp-22260,112.507
mp-5109,102.131
mp-568940,154.034
mp-15053,155.622
mp-9906,238.54
mp-570452,114.468
mp-3896,179.899
mp-4653,173.891
mp-5176,127.098
mp-567749,169.339
mp-4822,130.582
mp-3999,144.639
mp-3441,151.48
mp-568673,153.522
mp-639910,117.643
mp-11445,94.316
mp-11486,106.898
mp-866160,96.832
mp-865561,90.313
mp-11230,54.836
mp-9177,86.1
mp-604516,68.417
mp-10527,84.925
mp-865560,62.953
mp-29896,149.778
mp-1334,59.24
mp-1695,119.54
mp-35785,61.871
mp-27678,15.328
mp-1106140,-47.533
mp-20618,142.289
mp-1025372,155.926
mp-865594,99.876
mp-754364,144.406
mp-865587,88.993
mp-865588,92.142
mp-1025339,124.98
mp-10214,136.722
mp-644278,95.473
mp-561442,169.817
mp-16919,85.427
mp-21294,53.665
mp-569523,77.414
mp-865600,109.327
mp-865603,119.564
mp-865583,41.701
mp-865602,54.789
mp-4901,62.66
mp-865747,72.846
mp-754185,63.25
mp-865433,74.058
mp-15803,51.637
mp-865432,106.626
mp-865641,104.846
mp-2652,138.413
mp-13061,140.624
mp-558573,142.737
mp-754759,135.891
mp-775906,139.432
mp-775907,128.193
mp-752849,139.254
mp-21508,81.155
mp-866166,102.15
mp-1025205,142.796
mp-21003,122.595
mp-866173,111.433
mp-541289,65.707
mp-755609,84.366
mp-5652,140.631
mp-31011,106.197
mp-6353,167.246
mp-2932,156.022
mp-3370,164.271
mp-5373,186.139
mp-17639,80.602
mp-865671,59.596
mp-865659,93.884
mp-865592,87.008
mp-558411,161.026
mp-30338,49.823
mp-16723,59.161
mp-3050,170.395
mp-865990,86.943
mp-4448,79.684
mp-1105598,-7558635.616
mp-1106148,129842681.064
mp-5444,166.366
mp-10601,78.798
mp-19817,78.064
mp-567863,154.502
mp-21017,77.789
mp-7343,55.615
mp-1029652,141.881
mp-10608,81.995
mp-9960,77.491
mp-5409,132.792
mp-560927,120.978
mp-9459,100.83
mp-675009,48.972
mp-21875,96.804
mp-568320,65.708
mp-1029349,67.613
mp-17751,70.05
mp-1988,85139.928
mp-567412,62.369
mp-30921,56.904
mp-11202,60.461
mp-2474,65.962
mp-865502,69.569
mp-21505,63.551
mp-5729,71.171
mp-12903,39.447
mp-11228,53.421
mp-11229,63.427
mp-2322,79.891
mp-16493,93.21
mp-13094,93.804
mp-2451,71.776
mp-11231,75.089
mp-865527,70.402
mp-4054,96.501
mp-5063,110.087
mp-768572,55.637
mp-3602,92.48
mp-865504,82.71
mp-29736,81.107
mp-13095,92.941
mp-3792,190.06
mp-756214,188.656
mp-12961,93.559
mp-31080,87.972
mp-933,75.352
mp-15695,111.197
mp-11261,83.993
mp-30251,113.218
mp-1542,163.074
mp-9880,177.47
mp-12737,201.495
mp-4382,221.788
mp-637,177.419
mp-2203,172.001
mp-1018643,142.867
mp-5971,159.168
mp-1018644,173.83
mp-29725,181.021
mp-23241,53.143
mp-553243,66.252
mp-754815,4.557
mp-313,113.31
mp-643367,9.772
mp-23062,7.501
mp-915,56.99
mp-1331,55.449
mp-2349,55.533
mp-571059,57.047
mp-865503,71.324
mp-865522,87.395
mp-865525,76.015
mp-865520,97.382
mp-865524,116.26
mp-27455,5.717
mp-8053,73.704
mp-865373,53.429
mp-1294,-3172.172
mp-5019,203.252
mp-10463,173.919
mp-2827,170.478
mp-21422,141.273
mp-4248,164.762
mp-712,70.25
mp-2698,84.831
mp-550306,61.482
mp-2797,108.45
mp-10991,96.439
mp-2918,115.21
mp-6972,115.991
mp-1340758,118.951
mp-30208,113.331
mp-20865,66.035
mp-19943,74.523
mp-675902,61.605
mp-8126,93.076
mp-13202,77.995
mp-945184,42.341
mp-972420,68.674
mp-972415,65.872
mp-979934,63.799
mp-979424,57.035
mp-980055,42.167
mp-981548,53.212
mp-979421,61.225
mp-1570,88.23
mp-11385,119.682
mp-1914,73.693
mp-11444,91.18
mp-979423,69.461
mp-1025375,85.957
mp-979422,85.925
mp-866156,138.306
mp-9971,78.14
mp-29772,73.159
mp-24650,81.498
mp-23706,78.381
mp-28797,81.843
mp-2399,65.407
mp-30725,62.527
mp-30726,59.331
mp-979425,68.344
mp-979715,65.616
mp-979429,57.371
mp-979427,60.525
mp-753712,18.076
mp-22704,56.047
mp-22056,84.822
mp-20131,54.648
mp-22493,89.598
mp-19946,84.23
mp-672299,85.206
mp-568880,102.492
mp-19740,100.795
mp-510441,121.073
mp-866163,127.682
mp-30746,130.242
mp-2762,196.294
mp-866158,43.556
mp-979430,55.052
mp-979431,62.844
mp-615,41.771
mp-11499,42.792
mp-979435,44.842
mp-865376,43.03
mp-981252,37.533
mp-30737,54.978
mp-866162,64.686
mp-13090,57.528
mp-866171,83.086
mp-865512,53.873
mp-13171,60.094
mp-13172,90.416
mp-5590,59.971
mp-866164,61.585
mp-21503,54.137
mp-3433,90.883
mp-12696,71.355
mp-866165,109.638
mp-11984,53.855
mp-6908,52.989
mp-865515,59.874
mp-22508,138.221
mp-21249,89.902
mp-2114,159.077
mp-5387,133.321
mp-979931,169.646
mp-1364,76.598
mp-1019,-233403.56
mp-569196,134.026
mp-7559,148.286
mp-2152,147.351
mp-30460,80.316
mp-11520,88.707
mp-22617,88.056
mp-3637,131.718
mp-10219,123.796
mp-38194,141.676
mp-570670,212.391
mp-994,85.85
mp-5132,133.65
mp-16304,126.409
mp-865516,135.535
mp-22712,93.034
mp-559,124.541
mp-1025448,102.153
mp-2674,162.277
mp-2403,169.488
mp-570923,203.067
mp-191,106.896
mp-921,152.291
mp-22120,196.814
mp-11565,178.749
mp-568186,167.183
mp-1534,93.243
mp-10086,104.335
mp-215,57.085
mp-865513,105.817
mp-4964,96.369
mp-768479,152.13
mp-2637,78.292
mp-9972,89.203
mp-2568,85.401
mp-12769,85.55
mp-30028,173.958
mp-10284,120.066
mp-9025,92.683
mp-20557,104.111
mp-28024,126.394
mp-19728,124.598
mp-21069,131.731
mp-13010,59.361
mp-11571,57.293
mp-567197,77.288
mp-1394400,55.059
mp-5538,107.794
mp-22275,108.198
mp-5377,137.531
mp-865519,179.127
mp-1708,61.724
mp-865430,59.171
mp-865530,124.42
mp-5042,86.156
mp-10455,82.596
mp-4355,184.267
mp-1443298,141.445
mp-22179,92.176
mp-2393,46.531
mp-755544,83.732
mp-11547,81.983
mp-980662,66.272
mp-980942,42.606
mp-753306,190.218
mp-989576,163.844
mp-989609,144.802
mp-2516,60.055
mp-30886,79.823
mp-30884,72.174
mp-30885,78.306
mp-546011,74.762
mp-13160,76.81
mp-865517,126.817
mp-20987,63.26
mp-866159,147.893
mp-31438,78.942
mp-10405,62.946
mp-20082,171.742
mp-5326,110.853
mp-5934,98.953
mp-12956,157.162
mp-2866,119.518
mp-21366,113.282
mp-10996,40.911
mp-9592,64.678
mp-13398,101.513
mp-574235,85.789
mp-568095,123.67
mp-5916,106.765
mp-4633,108.371
mp-4936,122.842
mp-3415,133.202
mp-9582,70.369
mp-14344,166.869
mp-865630,46.404
mp-979961,38.785
mp-865662,39.074
mp-979989,47.651
mp-865660,56.533
mp-866212,42.185
mp-13041,64.282
mp-979968,34.65
mp-866175,34.611
mp-865648,33.75
mp-865918,36.108
mp-865845,69.855
mp-865854,54.848
mp-979967,39.597
mp-865909,44.342
mp-865908,37.023
mp-972370,36.324
mp-980663,21.912
mp-864756,30.524
mp-2814,85.657
mp-864800,55.635
mp-977553,63.365
mp-4300,88.802
mp-570050,35.377
mp-864789,39.222
mp-864743,33.659
mp-864741,33.91
mp-977442,37.583
mp-977424,-100838.684
mp-21206,37.775
mp-767,43.833
mp-981207,54.772
mp-19777,38.199
mp-979956,18.16
mp-980034,19.265
mp-864675,74.904
mp-349,52.419
mp-1008617,51.549
mp-9776,60.397
mp-866177,91.195
mp-7962,66.819
mp-969,-524350.983
mp-977428,68.224
mp-12782,63.701
mp-1259,59.791
mp-600,44.634
mp-568823,87.23
mp-1025071,232.651
mp-419,154.194
mp-5364,80.342
mp-3686,161.964
mp-552016,60.024
mp-1100,64.179
mp-1857,31.809
mp-865739,53.798
mp-865742,41.342
mp-865755,-206.574
mp-281,93.676
mp-10058,188.619
mp-1937,38.498
mp-567538,66.135
mp-1607,98.016
mp-980063,33.683
mp-980199,52.438
mp-980064,52.673
mp-865753,79.277
mp-980062,48.824
mp-22072,83.579
mp-13449,46.483
mp-1078497,69.78
mp-20627,66.775
mp-865756,94.214
mp-865757,130.602
mp-634751,48.082
mp-865785,159.762
mp-865759,134.565
mp-570749,39.227
mp-865171,38.477
mp-570418,4.411
mp-2459,35.186
mp-20469,38.382
mp-865789,55.757
mp-570912,60.156
mp-568537,66.646
mp-865790,40.699
mp-568705,98.022
mp-1584,10923001.897
mp-865663,100.492
mp-972352,24.014
mp-972099,28.79
mp-865661,38.38
mp-542172,48.382
mp-865814,42.899
mp-972180,37.737
mp-865813,35.189
mp-865857,163.841
mp-865426,50.84
mp-971702,42.101
mp-865158,49.525
mp-865151,87.977
mp-570899,98.691
mp-2645,131.006
mp-1018647,99.841
mp-568931,71.524
mp-12523,100.063
mp-9828,94.698
mp-21430,39.636
mp-980054,62.462
mp-2547,60.162
mp-865815,104.932
mp-2391,107.848
mp-865896,51.003
mp-865894,68.459
mp-865903,91.912
mp-865920,45.614
mp-980001,28.124
mp-865947,54.172
mp-980053,64.929
mp-980044,41.352
mp-865978,48.488
mp-981397,30.717
mp-981530,64.73
mp-865997,43.874
mp-410,141.375
mp-300,158.564
mp-567089,81.33
mp-2235,-2757.914
mp-10716,186.655
mp-567116,73.949
mp-1820,62.187
mp-1916,35.232
mp-570014,77.685
mp-865994,108.619
mp-10651,55.819
mp-866020,50.682
mp-980068,71.092
mp-865993,90.68
mp-11788,51.516
mp-865991,45.837
mp-865995,70.05
mp-22779,84.825
mp-11973,82.861
mp-865992,126.934
mp-555296,94.996
mp-865172,171.591
mp-1779,39.676
mp-972044,44.763
mp-11576,32.524
mp-865999,82.283
mp-972062,53.312
mp-657,47.078
mp-865536,127.688
mp-79,85.872
mp-1047016,64.706
mp-28786,219.89
mp-4194,77849.346
mp-4697,72.426
mp-1047156,63.223
mp-1047601,105.439
mp-570845,130.309
mp-5794,168.278
mp-5350,41.892
mp-34467,45.54
mp-15776,36.647
mp-15777,29.631
mp-625487,54.605
mp-22052,67.671
mp-22253,32.235
mp-541937,32.329
mp-2352785,12.842
mp-22607,27.992
mp-34169,28.627
mp-20832,23.091
mp-8207,193.672
mp-10326,26.19
mp-5146,168.078
mp-5388,43.305
mp-1722,83.349
mp-13447,88.419
mp-31171,102.933
mp-754262,103.132
mp-1029458,154.566
mp-3648,112.628
mp-12759,112.113
mp-980665,158.591
mp-971827,142.949
mp-675748,41.016
mp-35539,34.738
mp-2458726,148.381
mp-971836,176.569
mp-864654,161.838
mp-551741,119.151
mp-971891,128.444
mp-981368,153.945
mp-864839,156.281
mp-977427,174.554
mp-1029257,132.827
mp-864844,145.683
mp-1029334,129.688
mp-542833,90.488
mp-637614,53.459
mp-981379,65.214
mp-971948,101.878
mp-981215,118.899
mp-972042,92.401
mp-865362,146.356
mp-9460,131.064
mp-1524551,132.434
mp-2071,64.514
mp-865357,111.133
mp-865355,137.109
mp-865342,128.64
mp-980200,125.139
mp-1380,135.455
mp-4812,179.033
mp-972048,91.897
mp-644500,101.103
mp-1368,105.749
mp-1912,89.933
mp-864794,90.519
mp-14099,81.455
mp-7262,51.454
mp-1025356,194.2
mp-1684,114.545
mp-1755,127.051
mp-569960,9.581
mp-29826,70.643
mp-9812,113.947
mp-30493,154.491
mp-971712,60.274
mp-1017534,50.014
mp-971837,38.904
mp-22889,6.193
mp-22909,6.868
mp-567279,6.478
mp-19971,179.248
mp-971744,183.266
mp-987,116.179
mp-6408,68.717
mp-10824,55.144
mp-12854,47.476
mp-30593,143.323
mp-754010,90.85
mp-1025500,63.497
mp-864623,127.282
mp-971738,155.672
mp-864661,150.032
mp-971739,183.726
mp-1873,94.832
mp-7709,97.812
mp-977356,216.901
mp-977362,177.634
mp-4008,59.569
mp-2979,161.837
mp-1029779,148.878
mp-8285,163.128
mp-4524,73.515
mp-706284,27.358
mp-756297,137.377
mp-429,144.695
mp-1486,146.22
mp-16358,150.684
mp-16290,194.302
mp-11621,96.917
mp-1986,129.269
mp-2133,128.167
mp-11025,68.444
mp-14587,66.685
mp-1025258,157.545
mp-1025272,209.307
mp-3342,14.996
mp-13610,20.125
mp-1652,140.545
mp-977383,142.517
mp-865425,151.261
mp-971909,149.877
mp-1025222,136.71
mp-13983,40.303
mp-894,174.196
mp-30856,211.734
mp-8256,33.853
mp-6938,171.239
mp-971779,209.272
mp-15637,35.559
mp-9946,69.008
mp-10281,69.067
mp-10695,69.082
mp-13456,68.983
mp-554405,68.961
mp-555280,69.547
mp-555763,68.882
mp-560588,69.08
mp-561258,68.976
mp-5126,71.11
mp-545756,70.5
mp-753,47.732
mp-380,56.264
mp-1190,56.491
mp-754358,63.922
mp-769365,71.196
mp-3595,66.291
mp-4763,84.953
mp-977384,204.49
mp-5190,53.372
mp-13903,21.356
mp-1029469,131.461
mp-13334,164.367
mp-14628,143.83
mp-4175,64.548
mp-4756,40.984
mp-2176,42.833
mp-8884,42.546
mp-131,93.831
mp-8635,89.974
mp-1077723,88.774
mp-569344,150.78
mp-8219,127.405
mp-569247,186.785
mp-10259,171.208
mp-7707,179.797
mp-1025304,112.537
mp-1025165,131.585
mp-2221,97.936
mp-2557,103.887
mp-12773,97.792
mp-1482,107.69
mp-571419,184.048
mp-3886,125.112
mp-4678,142.503
mp-2348,119.202
mp-5025,165.501
mp-1018104,78.996
mp-628,110.323
mp-972327,15307.532
mp-29152,158.429
mp-4022,167.087
mp-864896,93.62
mp-193,105.707
mp-864897,162.384
mp-16421,95.97
mp-1159,123.018
mp-540809,215.004
mp-21040,158.937
mp-16336,170.614
mp-569833,107.034
mp-30686,110.808
mp-20004,118.251
mp-22150,152.951
mp-19906,128.163
mp-1014265,174.788
mp-328,117.807
mp-20146,134.49
mp-8786,138.277
mp-29153,157.834
mp-753629,153.477
mp-977549,196.255
mp-560358,85.09
mp-266,123.894
mp-571664,126.117
mp-11583,159.854
mp-553875,157.723
mp-31379,106.569
mp-5137,114.043
mp-1029337,148.143
mp-1278,127.293
mp-4613,126.349
mp-977578,159.375
mp-1025524,115.186
mp-15985,133.221
mp-7930,132.377
mp-10244,148.032
mp-1471,100.33
mp-972228,125.408
mp-11263,117.118
mp-30619,103.802
mp-31205,102.072
mp-30684,111.017
mp-27888,198.421
mp-1630,105.27
mp-20695,96.578
mp-866083,195.246
mp-11661,200.814
mp-22174,88.746
mp-1017,132.953
mp-14024,131.559
mp-22447,125.1
mp-12712,144.324
mp-30876,103.006
mp-1793,105.452
mp-977585,96.017
mp-972088,94.083
mp-12752,107.665
mp-581733,120.685
mp-607475,84.627
mp-16724,101.787
mp-2649,106.734
mp-570196,106.781
mp-543001,104.158
mp-350,68.334
mp-12760,105.44
mp-11038,101.192
mp-13092,111.94
mp-30569,173.449
mp-29135,121.804
mp-12962,111.254
mp-9381,114.77
mp-22167,109.449
mp-12972,118.611
mp-11239,105.282
mp-1008601,108.35
mp-11233,108.913
mp-2772,113.59
mp-395,102.705
mp-569775,102.592
mp-30183,119.733
mp-864878,135.096
mp-3909,162.789
mp-3736,127.356
mp-5723,130.593
mp-3944,151.414
mp-541047,148.827
mp-977435,179.07
mp-977436,188.517
mp-1682,117.987
mp-10054,117.397
mp-27606,109.701
mp-8221,186.495
mp-1018103,140.699
mp-1084,233.379
mp-1472,237.763
mp-1252,118.38
mp-11283,126.39
mp-10200,138.583
mp-30933,82.991
mp-752685,105.128
mp-504594,20.885
mp-23247,5.309
mp-570157,22.365
mp-2795,219.051
mp-1017540,79.118
mp-11313,78.411
mp-977462,121.203
mp-11293,113.193
mp-864607,132.25
mp-977537,161.156
mp-27440,18.837
mp-23162,15.281
mp-22871,4.878
mp-2353328,7.86
mp-2283,128.339
mp-929,129885.288
mp-22503,153.951
mp-10059,244.042
mp-31451,118.226
mp-8418,199.308
mp-30563,140.779
mp-2210,105.385
mp-981312,122.147
mp-30019,35.784
mp-30603,136.626
mp-8096,13.999
mp-2619703,37.708
mp-22522,145.249
mp-19953,128.949
mp-9929,121.166
mp-1718,147.055
mp-20892,195.86
mp-961652,119.495
mp-961649,135.818
mp-30682,113.596
mp-30683,99.541
mp-30685,97.364
mp-12951,124.475
mp-22580,152.161
mp-972183,146.226
mp-2430,108.179
mp-8042,202.683
mp-977443,205.066
mp-4997,118.661
mp-9463,98.407
mp-4878,103.022
mp-3208,52.592
mp-13542,13.848
mp-632219,112.984
mp-697179,119.121
mp-24155,132.884
mp-24286,131.134
mp-722270,19.43
mp-2510,101.293
mp-1608,82.284
mp-570506,10.273
mp-571279,10.245
mp-23282,3.862
mp-23052,19.161
mp-580886,22.311
mp-20800,81.529
mp-570578,75.835
mp-961693,106.206
mp-581707,122.347
mp-623134,115.986
mp-20744,140.627
mp-637771,581411.305
mp-571310,160.728
mp-11484,191.238
mp-568992,186.261
mp-715,245.659
mp-1438,267.921
mp-1014,157.977
mp-2116,-20404.314
mp-20059,81.216
mp-20147,174.291
mp-22227,146.187
mp-2049,-11092.411
mp-10300,197.372
mp-1352,247.481
mp-542791,25.629
mp-568592,24.623
mp-1215211,260.513
mp-4500,173.675
mp-977534,203.512
mp-556,139.087
mp-2250,166.427
mp-3469,145.512
mp-19877,146.647
mp-485,173.5
mp-30807,894034.2
mp-2439,-474985.499
mp-31452,99.372
mp-29658,166.689
mp-20697,133.345
mp-924129,115.909
mp-1565,235.389
mp-2574,167.345
mp-2858,183.109
mp-556605,194.099
mp-754403,169.342
mp-755089,154.271
mp-755759,213.895
mp-755769,159.745
mp-775909,194.576
mp-775910,188.21
mp-776404,196.653
mp-11541,208.008
mp-570684,264.389
mp-930,135.366
mp-11345,135.334
mp-1523,126.441
mp-5024,131.49
mp-22268,208.218
mp-20337,118.685
mp-542903,111.123
mp-13495,137.302
mp-13496,138.768
mp-1018102,145.885
mp-30842,170.268
mp-1017543,170.19
mp-9056,7.646
mp-30858,221.479
mp-12109,252.922
mp-2808,164.388
mp-567181,161.195
mp-669917,155.521
mp-229,209.808
mp-214,180.261
mp-10706,258.82
mp-1925,132.151
mp-7859,116.09
mp-1186,19.062
mp-9921,18.634
mp-3519,130.347
mp-8231,170.185
mp-10638,94.274
mp-569671,104.291
mp-979,81.547
mp-22036,129.477
mp-31457,136.523
mp-2931468,225.71
mp-977550,188.108
mp-2076,15.882
mp-1683,15.158
mp-893,141.728
mp-11322,142.355
mp-1515,126.046
mp-4820,202.03
mp-11736,222.449
mp-7544,191.197
mp-3938,126.096
mp-4628,34.808
mp-19917,32.766
mp-755328,87.588
mp-20935,160.406
mp-961687,118.393
mp-977568,142.057
mp-961713,133.908
mp-864947,170.483
mp-9289,81.945
mp-1215209,268.949
mp-977545,238.342
mp-1539,94.136
mp-568865,87.502
mp-569544,93.82
mp-1018107,13.477
mp-2089,19.908
mp-605,11.82
mp-1008568,106.1
mp-30147,137.302
mp-1215178,242.634
mp-16548,84.573
mp-8677,14.309
mp-1215198,232.951
mp-258,138.858
mp-10311,144.113
mp-22302,177.538
mp-5541,156.335
mp-675,213.964
mp-570276,106.664
mp-1401,103.307
mp-864889,101.369
mp-11366,121.262
mp-1014244,177.173
mp-11533,162.623
mp-977582,172.759
