mp-10018,13.226
mp-862690,17.221
mp-861724,14.533
mp-862319,16.536
mp-862786,19.11
mp-861883,18.099
mp-867241,16.817
mp-861872,14.917
mp-865951,17.573
mp-866107,20.378
mp-866103,15.688
mp-862849,20.391
mp-11107,35.758
mp-862698,16.796
mp-983586,16.682
mp-864795,15.850999999999999
mp-866018,21.003
mp-985554,14.982
mp-985302,14.427
mp-972002,11311.01
mp-866199,16.405
mp-862890,10.533
mp-862972,280.555
mp-862873,0.917
mp-862617,34.916
mp-867838,22.77
mp-27972,12.791
mp-867338,4.795
mp-861880,27.025
mp-27971,14.801
mp-30273,30.419
mp-864606,81.723
mp-985300,20.758
mp-985278,34.219
mp-867815,37.601
mp-24147,31.721
mp-861605,31.322
mp-862289,12.999
mp-861966,-10.602
mp-861867,1.677
mp-862860,-5.434
mp-985059,12.805
mp-866286,19.546
mp-984785,17.525
mp-865979,14.378
mp-866225,13.617
mp-861735,10.424
mp-866056,18.975
mp-36526,46.716
mp-867422,17.124
mp-865957,14.645
mp-865927,77.02
mp-865952,10.319
mp-984551,7.739
mp-865028,19.533
mp-979962,18.723
mp-866203,17.216
mp-979950,16.494
mp-124,13.21
mp-8566,32.087
mp-10597,33.559
mp-1103642,12.815
mp-23558,20.823
mp-4691,14.143
mp-1391,18.365
mp-555477,22.067
mp-23485,5.389
mp-570256,5.58
mp-29816,12.451
mp-9635,12.745
mp-353,-0.015
mp-5495,16.27
mp-36216,8.545
mp-1537871,8.147
mp-2025704,6.9190000000000005
mp-5625,11.243
mp-568936,12.175
mp-2022604,12.062
mp-16913,8.633
mp-1592,14.653
mp-32811,12.209
mp-4431,6.11
mp-34460,1.937
mp-985282,17.741
mp-17862,35.962
mp-985443,22.963
mp-27821,32.91
mp-4198,14.472
mp-985296,33.362
mp-12065,34.758
mp-2273,20.968
mp-5710,10.424
mp-22286,19.145
mp-559847,10.303
mp-37153,5.244
mp-984714,14.032
mp-4483,22.406
mp-863750,25.136
mp-985287,15.796
mp-996980,45.731
mp-996983,17.878
mp-776165,56.909
mp-35909,-4.26
mp-996965,19.323
mp-29678,14.291
mp-556094,14.436
mp-27916,16.44
mp-33618,21.01
mp-29656,15.999
mp-23231,8.539
mp-866291,4.678
mp-753176,-19.919
mp-22922,6.466
mp-775761,7.739
mp-22993,9.049
mp-7592,-14.623
mp-2284,11.136
mp-643431,6.91
mp-861501,0.11800000000000001
mp-22894,6.592
mp-22919,10.345
mp-22925,6.593
mp-567809,1.812
mp-996960,8.52
mp-552185,7.759
mp-2803876,11.556000000000001
mp-8200,25.878
mp-34418,4.15
mp-1025385,52.542
mp-30353,62.854
mp-997006,34.632
mp-1018033,37.018
mp-545999,0.01
mp-33683,-19.395
mp-12359,18.779
mp-12360,16.926
mp-134,-13.986
mp-10010,97.117
mp-7692,178.062
mp-3805,133.097
mp-17017,75.362
mp-550,58.772
mp-1648,77.342
mp-16719,75.356
mp-11227,58.228
mp-505572,68.175
mp-567929,78.001
mp-1498,31557.682
mp-1982,63.079
mp-530274,107.776
mp-2647,39.149
mp-29674,103.58
mp-5928,22.514
mp-3159,19.435
mp-3807,26.285
mp-7909,15.84
mp-867319,93.491
mp-984352,111.008
mp-862695,112.686
mp-998,47.617
mp-985806,59.777
mp-27719,33.92
mp-29111,105.494
mp-862691,118.533
mp-866031,110.178
mp-867330,89.022
mp-7906,22.148
mp-3038,19.26
mp-7910,15.86
mp-866284,130.885
mp-862694,97.627
mp-865989,127.182
mp-18093,81.165
mp-867775,83.722
mp-1143,128.563
mp-1938,146.396
mp-2254,104.324
mp-7048,102.826
mp-32570,111.213
mp-752826,81.144
mp-754401,45.373
mp-754624,110.963
mp-754812,53.564
mp-755066,84.014
mp-755175,125.957
mp-759943,111.116
mp-776475,127.515
mp-776490,145.301
mp-7188,142.279
mp-16522,31.202
mp-862715,80.631
mp-1502,38.584
mp-10910,103.353
mp-1009834,122.506
mp-867125,97.729
mp-867326,119.809
mp-2654,21.529
mp-4753,88.811
mp-4934,183.311
mp-5065,119.72
mp-29502,1.662
mp-9254,4.37
mp-12524,171.783
mp-4842,45.424
mp-7907,24.465
mp-7908,19.161
mp-867780,84.189
mp-985825,67.864
mp-10886,49.461
mp-983594,6.133
mp-2294,34.51
mp-571247,98.633
mp-622209,62.713
mp-1057,87.345
mp-16514,75.145
mp-16521,117.084
mp-10901,63.127
mp-16523,48.459
mp-10905,77.09
mp-1501,63.445
mp-867347,80.316
mp-2554,98.236
mp-983585,33.527
mp-23426,70.056
mp-1591,112.747
mp-30180,74.751
mp-30336,76.786
mp-3281,78.213
mp-196,83.776
mp-568607,97.442
mp-571053,82.612
mp-1791,77.568
mp-30337,102.302
mp-5798,104.243
mp-570001,57.151
mp-16528,72.365
mp-16529,73.629
mp-16718,69.162
mp-17856,65.271
mp-2733,104.805
mp-16488,72.22
mp-985805,33.298
mp-9631,59.765
mp-5782,21.746
mp-7885,35.872
mp-14091,18.993
mp-14092,16.77
mp-2172,39.773
mp-8881,39.618
mp-7849,18.753
mp-1025306,65.207
mp-1399,26.205
mp-569558,30.562
mp-1018179,25.387
mp-1490,15.302
mp-16613,71.746
mp-944,144.826
mp-7574,134.6
mp-8110,121.355
mp-558137,45.16
mp-559276,45.124
mp-1018132,21.569
mp-551918,63.244
mp-23288,0.38
mp-25469,6.716
mp-284,123.627
mp-10037,114.737
mp-9956,140.846
mp-637575,182.763
mp-10883,96.223
mp-16495,92.876
mp-862781,111.317
mp-2500,68.61
mp-1022721,22.993
mp-12777,47.92
mp-12802,46.444
mp-1008555,41.554
mp-867306,18.751
mp-28020,6.127
mp-3098,80.28
mp-3748,81.731
mp-866296,15.865
mp-12550,83.607
mp-4979,35.549
mp-8016,28.475
mp-8017,24.581
mp-468,49.835
mp-8039,76.51
mp-2658,96.914
mp-672259,52.491
mp-867878,123.796
mp-862288,45.537
mp-2018,83.814
mp-22793,88.775
mp-10884,103.489
mp-861953,40.729
mp-1019508,106.97
mp-1008556,110.883
mp-867904,94.027
mp-23933,35.304
mp-23807,134.235
mp-625054,79.123
mp-625055,27.238
mp-625152,113.213
mp-30930,0.713
mp-754157,88.934
mp-1885,119.385
mp-259,120.006
mp-661,122.306
mp-1700,120.714
mp-1487,70.652
mp-1025044,37.02
mp-672232,11.728
mp-875,124.889
mp-1550,47.415
mp-8880,47.048
mp-3955,36.63
mp-4051,30.589
mp-5724,29.63
mp-5859,22.432
mp-7848,24.692
mp-545974,39.099
mp-1025271,74.715
mp-27462,4.068
mp-829,52.682
mp-7189,67.929
mp-669546,62.629
mp-2824,52.588
mp-605663,52.169
mp-27393,12.33
mp-10904,74.581
mp-16526,60.327
mp-16960,83.974
mp-188,86.928
mp-607111,77.711
mp-10909,139.655
mp-364,98.81
mp-542569,107.621
mp-2624,28.771
mp-1018100,28.721
mp-676861,120.349
mp-862778,113.371
mp-31220,8.574
mp-1018166,119.613
mp-3751,23.515
mp-5606,24.286
mp-557233,24.485
mp-14105,34.159
mp-9579,13.611
mp-1025497,134.256
mp-1387,0.675
mp-569458,169.943
mp-4955,101.019
mp-5778,137.797
mp-1008530,82.704
mp-10899,55.002
mp-862700,140.544
mp-866001,125.212
mp-862705,108.285
mp-866033,92.448
mp-11,20.3
mp-15649,96.953
mp-1581,8.605
mp-555434,51.804
mp-2455,119.207
mp-505368,21.852
mp-20465,51.467
mp-6915,74.07
mp-2513,84.294
mp-15954,78.547
mp-766,105.88
mp-641,3.185
mp-909,4.43
mp-540912,83.893
mp-8182,71.782
mp-11696,76.425
mp-23280,0.311
mp-703470,4.705
mp-23218,2.604
mp-8073,28.671
mp-20257,28.112
mp-2512,44.754
mp-10848,37.791
mp-10849,35.985
mp-22079,60.566
mp-2302,71.205
mp-542570,0.987
mp-81,-5.735
mp-1008634,12.694
mp-27253,38.407
mp-947,5.8
mp-570140,1.239
mp-32780,2.471
mp-27725,2.17
mp-2793,6.012
mp-160,172.392
mp-161,2957435.607
mp-23791,6.744
mp-576,155.259
mp-1008528,141.361
mp-2331,211.409
mp-306,36.019
mp-717,157.964
mp-2850,167.398
mp-1077,170.538
mp-1019509,30.371
mp-569803,209.293
mp-1079348,195.212
mp-13854,172.829
mp-530074,186.743
mp-696746,176.541
mp-1238815,184.835
mp-1228634,187.638
mp-1228631,232.779
mp-31064,3.607
mp-1346,207.712
mp-28395,173.797
mp-758933,179.969
mp-1228652,186.929
mp-1228685,64.025
mp-10044,124.769
mp-984718,126.051
mp-3277,42.303
mp-23225,-0.122
mp-23184,0.10200000000000001
mp-558149,3.883
mp-35082,4.31
mp-23189,0.637
mp-28897,73.014
mp-1890,205.308
mp-999198,192.421
mp-2501,147.601
mp-4472,172.69
mp-984,73.485
mp-1639,379.418
mp-2653,383.44
mp-7991,68.078
mp-13150,71.023
mp-604884,73.415
mp-629015,70.992
mp-4674,7.666
mp-997617,212.354
mp-1479,161.948
mp-1008559,162.369
mp-3589,60.977
mp-7424,46.36
mp-567164,107.112
mp-7832,196.608
mp-1008487,188.232
mp-1113,157.907
mp-56,4.782
mp-122,5.667
mp-13910,30.515
mp-8579,20.189
mp-7882,4.63
mp-31059,19.745
mp-12863,13.543
mp-38394,13.061
mp-6962,33.454
mp-8237,29.71
mp-571350,31.358
mp-568113,34.329
mp-4109,39.593
mp-12073,64.05
mp-5730,18.109
mp-7349,49.618
mp-12927,62.055
mp-571599,20.217
mp-8281,26.805
mp-8279,32.604
mp-8150,16.34
mp-20563,35.045
mp-1029457,35.797
mp-571339,33.133
mp-16052,13.558
mp-505215,24.781
mp-9247,26.516
mp-7374,21.409
mp-4255,28.683
mp-10437,21.124
mp-4883,56.871
mp-27660,18.92
mp-10698,39.426
mp-37741,26.418
mp-8280,33.213
mp-29209,21.056
mp-7876,32.923
mp-8278,38.104
mp-20452,20.078
mp-9567,24.844
mp-7875,39.07
mp-15608,2.873
mp-22412,34.428
mp-19857,48.364
mp-3835,14.911
mp-27897,12.511
mp-4396,9.771
mp-568280,30.44
mp-9473,36.39
mp-28927,96.35
mp-571420,49.484
mp-28895,34.758
mp-11169,48.721
mp-559939,24.574
mp-8236,32.265
mp-8583,40.46
mp-4484,48.795
mp-759541,24.505
mp-9127,41.371
mp-6963,26.896
mp-567771,105.514
mp-27388,37.793
mp-7427,28.814
mp-570198,24.024
mp-7426,28.964
mp-13920,20.036
mp-2768,14.75
mp-861937,20.318
mp-1018098,16.787
mp-6879,34.342
mp-20841,57.48
mp-6739,14.336
mp-8093,9.934
mp-21879,62.307
mp-23085,22.391
mp-552934,14.478
mp-554352,21.226
mp-1022726,23.505
mp-6562,24.898
mp-8790,39.302
mp-752730,31.103
mp-697044,20.0
mp-697038,21.525
mp-754363,59.646
mp-9321,30.354
mp-8094,9.961
mp-6205,39.752
mp-550081,38.399
mp-557713,48.516
mp-605860,6.4030000000000005
mp-10584,43.765
mp-6270,43.501
mp-643370,30.856
mp-22441,68.97
mp-13811,57.23
mp-18513,19.958
mp-19796,103.306
mp-22719,55.03
mp-6167,48.803
mp-6122,45.988
mp-20098,43.424
mp-984876,37.382
mp-29352,44.286
mp-6779,40.374
mp-1025237,52.327
mp-28978,13.188
mp-862631,17.679
mp-863021,50.033
mp-9711,99.809
mp-17612,30.552
mp-3359,51.646
mp-1079630,78.541
mp-6081,35.951
mp-3397,30.35
mp-9238,-2106678.948
mp-23137,68.485
mp-20674,55.659
mp-7251,75.75
mp-6430,18.856
mp-6492,78.167
mp-6613,79.834
mp-12385,80.852
mp-7739,23.869
mp-9307,23.848
mp-549970,53.073
mp-5900,23.193
mp-8335,56.479
mp-3813,28.767
mp-10669,21.056
mp-9578,21.934
mp-7377,20.566
mp-3857,29.566
mp-1013734,27.293
mp-567666,10.225
mp-1013549,25.706
mp-8306,19.247
mp-1029573,19.922
mp-754128,71.974
mp-556004,25.265
mp-21445,35.548
mp-20352,35.899
mp-22352,33.35
mp-13288,0.547
mp-6474,78.056
mp-9324,20.268
mp-10736,5.365
mp-8868,2.319
mp-8846,90.19
mp-1029640,26.01
mp-1029537,24.266
mp-12814,7.698
mp-754940,26.756
mp-29243,25.902
mp-756235,6.651
mp-6345,44.573
mp-770118,47.62
mp-755895,67.526
mp-9179,30.289
mp-8300,21.736
mp-30892,11.495
mp-1023127,44.106
mp-640551,34.907
mp-643409,50.961
mp-20897,48.754
mp-568809,18.694
mp-570677,18.994
mp-29621,14.483
mp-989542,11.356
mp-557862,17.366
mp-555166,13.867
mp-569114,11.553
mp-1814,8.453
mp-7359,28.524
mp-996979,27.745
mp-996990,44.442
mp-551,31.802
mp-9844,30.704
mp-4202,41.224
mp-1903,29.625
mp-16483,44.138
mp-12549,43.997
mp-13272,34.095
mp-13149,37.374
mp-9744,26.11
mp-8458,23.705
mp-570775,13.125
mp-30363,16.757
mp-30364,16.568
mp-997009,25.176
mp-954,129.899
mp-23201,17.54
mp-23438,56.631
mp-559051,49.331
mp-27456,7.82
mp-1029375,4.322
mp-4559,21.432
mp-5504,21.914
mp-674478,15.063
mp-2506699,21.994
mp-2626703,19.045
mp-556856,11.927
mp-16253,18.718
mp-527,12.119
mp-11266,7.8100000000000005
mp-30426,18.744
mp-11816,23.72
mp-7899,36.031
mp-30040,21.701
mp-4887,41.631
mp-4900,27.466
mp-5663,52.386
mp-23199,9.183
mp-568662,11.85
mp-6127,31.781
mp-3988,32.974
mp-9898,33.441
mp-31145,24.08
mp-12268,15.813
mp-752398,54.904
mp-997034,34.529
mp-16254,37.446
mp-11700,29.179
mp-9503,14.922
mp-12803,36.511
mp-1029,25.35
mp-22739,27.532
mp-1219,24.771
mp-335,29.226
mp-1008506,37.37
mp-1730,18.207
mp-2611,22.184
mp-22346,40.321
mp-14006,21.423
mp-22151,23.001
mp-23715,17.353
mp-10322,44.085
mp-998552,102.329
mp-11267,5.763
mp-864618,8.736
mp-23260,5.955
mp-568536,7.604
mp-22687,16.521
mp-13545,10.041
mp-40251,37.417
mp-569396,27.584
mp-570771,29.927
mp-27454,16.167
mp-10616,22.719
mp-10250,42.339
mp-23818,38.849
mp-40189,-112.455
mp-10615,24.535
mp-13277,29.534
mp-41219,-793280.082
mp-10485,23.278
mp-6504,30.686
mp-1935,13.481
mp-643264,40.431
mp-14568,29.668
mp-754515,22.349
mp-643718,28.352
mp-756018,40.188
mp-9934,24.366
mp-11820,5.631
mp-1019551,46.497
mp-31235,16.323
mp-542264,34.761
mp-867147,2.7
mp-866298,48.571
mp-28150,35.739
mp-505517,108.317
mp-3020,89.357
mp-35143,10.702
mp-2892,48.593
mp-6468,61.928
mp-7486,27.769
mp-11879,31.724
mp-1342,37.058
mp-1008500,28.172
mp-1105,35.973
mp-985439,33.396
mp-21236,31.085
mp-8557,41.577
mp-20136,13.484
mp-19799,17.411
mp-1687,24.388
mp-2606,39.724
mp-12623,15.044
mp-4009,12.375
mp-31498,19.133
mp-747,39.324
mp-811,62.266
mp-7143,56.229
mp-568430,30.235
mp-1016850,54.001
mp-3597,191192.497
mp-5773,37.097
mp-1500,24.774
mp-239,19.508
mp-3164,20.306
mp-624668,15.19
mp-9768,21.62
mp-6950,16.98
mp-568895,26.141
mp-8606,21.965
mp-1253,21.416
mp-7547,12.256
mp-2499,20.384
mp-1477,18.639
mp-7275,33.929
mp-7655,36.821
mp-7701,11.65
mp-6764,-2174.223
mp-3031,34.2
mp-7339,30.968
mp-872,16.162
mp-567510,17.29
mp-11269,23.411
mp-30433,26.771
mp-571353,14.998
mp-8290,19.878
mp-11819,19.584
mp-3163,89.091
mp-984699,5.229
mp-984729,49.114
mp-753619,44.502
mp-754678,94.012
mp-4001,10.165
mp-1000,16.564
mp-2150,14.972
mp-5431,20.15
mp-8037,50.624
mp-6661,57.615
mp-3943,64.43
mp-8291,22.261
mp-2998,106.373
mp-5020,40.831
mp-5777,51.278
mp-5933,73.886
mp-5986,49.773
mp-558125,53.631
mp-7073,-0.129
mp-30434,17.206
mp-865984,8.57
mp-5611,40.544
mp-3451,8.829
mp-4227,2.098
mp-768240,31.896
mp-3952,59.353
mp-902,14.528
mp-30435,7.882
mp-303,27.225
mp-30427,17.133
mp-3881,23.691
mp-11818,29.175
mp-4236,33.339
mp-510311,20.614
mp-548469,35.008
mp-31147,31.194
mp-31148,25.518
mp-560620,41.188
mp-3104,40.749
mp-3834,91.419
mp-1019544,90.422
mp-540771,33.616
mp-20,111.454
mp-87,133.872
mp-569299,153.362
mp-697136,45.414
mp-1590,70.648
mp-568912,144.017
mp-12666,-11.301
mp-571438,147.448
mp-568827,154.988
mp-30441,150.117
mp-30443,117.848
mp-569364,150.5
mp-30444,149.843
mp-603,84.594
mp-1432,92.441
mp-1569,228.81
mp-867274,113.398
mp-867271,125.949
mp-867270,111.666
mp-30438,162.402
mp-2031,126.036
mp-867273,67.75
mp-865869,70.542
mp-865308,52.236
mp-865147,96.573
mp-2225,145.09
mp-865003,111.931
mp-867280,125.302
mp-1677,148.915
mp-2028,103.427
mp-11272,74.026
mp-865229,114.747
mp-866224,63.503
mp-864895,107.76
mp-864961,42.134
mp-866115,99.772
mp-862600,113.636
mp-11275,173.672
mp-866024,27.888
mp-867307,99.781
mp-865021,107.454
mp-11281,137.179
mp-11282,168.39
mp-6030,72.955
mp-983590,99.945
mp-862714,188.109
mp-18337,185.759
mp-11273,115.023
mp-865168,267.579
mp-567841,71.729
mp-865562,123.56
mp-977552,-87.597
mp-27757,144.093
mp-27608,112.527
mp-1220,114.779
mp-1025010,119.851
mp-650,131.95
mp-3081,147.365
mp-4262,133.528
mp-865966,124.518
mp-862287,102.765
mp-30365,42.582
mp-12761,27.364
mp-30139,1.835
mp-15703,292.034
mp-1189451,292.421
mp-23267,-8.602
mp-2773,120.555
mp-862706,80.844
mp-865901,132.598
mp-867837,103.767
mp-2323,30.953
mp-15951,27.825
mp-561543,14.198
mp-862669,127.552
mp-867840,87.815
mp-984721,99.193
mp-867116,107.436
mp-862291,91.436
mp-1009088,52.074
mp-1019550,145.289
mp-1013527,64.905
mp-862713,99.655
mp-23996,14.245
mp-570886,1.478
mp-867828,69.434
mp-1033,9.535
mp-1778,153.975
mp-2542,156.717
mp-7599,131.584
mp-27148,72.774
mp-760410,25.169
mp-11274,2608.016
mp-13452,67.77
mp-13453,35.489
mp-11276,99.333
mp-862622,117.74
mp-422,66.879
mp-5046,34.279
mp-1541,53.631
mp-1009087,57.845
mp-865904,105.257
mp-7913,174.122
mp-865792,75.961
mp-867107,149.646
mp-867835,122.52
mp-252,40.518
mp-3733,8.47
mp-866288,57.185
mp-867304,107.484
mp-867275,123.705
mp-867874,90.582
mp-550433,82.37
mp-23152,8.365
mp-23157,11.548
mp-567597,16.698
mp-23349,25.333
mp-556548,50.69
mp-618309,53.326
mp-760411,43.642
mp-23195,25.082
mp-23262,30.036
mp-1017552,31.132
mp-1105780,27.707
mp-570930,11.654
mp-568746,19.911
mp-570197,15.119
mp-1103697,11.3
mp-29259,16.451
mp-559264,24.815
mp-22864,26.028
mp-569581,11.831
mp-23341,76.076
mp-23217,36.378
mp-23445,94.649
mp-22856,-15.742
mp-27891,25.849
mp-23164,21.246
mp-541837,7.588
mp-552098,26.569
mp-29666,9.841
mp-34202,11.629
mp-866311,28.1
mp-570113,23.96
mp-997082,20.275
mp-2913080,1.748
mp-23072,11.592
mp-22908,3.6950000000000003
mp-22939,18.304
mp-23237,31.812
mp-27743,10.508
mp-568388,2.127
mp-22849,1.9500000000000002
mp-569157,2.172
mp-22987,11.049
mp-557993,28.904
mp-2019999,358391.561
mp-753360,27.419
mp-753594,39.898
mp-1524357,40.169
mp-23084,17.959
mp-1008488,25.074
mp-30461,23.445
mp-1064554,38.731
mp-573119,-79.512
mp-971673,11.797
mp-23514,20.538
mp-23224,14.843
mp-29011,26.776
mp-29638,32.854
mp-23154,2.895
mp-28460,2.591
mp-864928,2.04
mp-23297,3.7640000000000002
mp-48,89.734
mp-169,80.084
mp-568286,88.909
mp-568806,71.286
mp-569416,62.899
mp-937760,91.861
mp-2516584,87.786
mp-1167,2.075
mp-20066,2.479
mp-556034,2.383
mp-644607,2.184
mp-21,-6.284
mp-45,7.495
mp-132,10.874
mp-166,3.229
mp-7878,26.011
mp-10877,60.736
mp-9690,11.435
mp-3862,37.748
mp-7704,42.058
mp-30175,40.313
mp-5166,26.838
mp-10289,95.251
mp-1181812,10.493
mp-1190619,4.36
mp-8431,52.405
mp-31209,48.951
mp-11918,62.379
mp-7067,29.511
mp-9570,34.608
mp-7430,20.206
mp-768870,13.661
mp-569298,47.963
mp-4259,61.567
mp-3210,81.218
mp-28006,15.31
mp-4441,42.085
mp-7422,53.158
mp-5486,55.112
mp-568974,28.942
mp-1068300,25.387
mp-5597,79.373
mp-16259,64.491
mp-16260,27.195
mp-19791,48.899
mp-23879,21.012
mp-675701,28.249
mp-1029479,37.724
mp-677072,3.435
mp-9564,36.09
mp-29208,22.208
mp-9565,26.42
mp-10878,62.995
mp-5498,34.526
mp-19824,54.912
mp-6953,49.979
mp-4150,19.476
mp-3142,8.029
mp-4744,39.082
mp-2949,40.148
mp-4064,73.682
mp-6926,46.871
mp-5157,78.667
mp-9125,50.345
mp-7364,36.257
mp-5292,57.367
mp-567769,40.154
mp-9571,35.241
mp-13911,15.908
mp-1029258,79.606
mp-9569,45.563
mp-7429,14.186
mp-12137,-10.187
mp-983566,8.029
mp-864991,5.626
mp-867751,2.711
mp-559691,53.471
mp-23915,64.867
mp-10106,29.961
mp-29175,26.965
mp-8895,81.829
mp-569535,22.911
mp-867799,24.891
mp-865167,21.831
mp-569267,19.747
mp-861940,24.541
mp-1029532,47.916
mp-1400520,37.282
mp-12614,12.724
mp-5869,61.191
mp-28770,42.257
mp-30472,25.146
mp-1009755,23.956
mp-29809,54.318
mp-1018656,25.652
mp-1079896,41.307
mp-28553,31.593
mp-510086,30.063
mp-1129406,53.835
mp-867350,20.709
mp-6094,35.75
mp-861645,18.831
mp-2686,15.634
mp-22936,35.853
mp-33588,48.769
mp-1029832,41.117
mp-2923,79.679
mp-1009756,19.418
mp-863744,22.324
mp-9925,25.74
mp-2517,22.286
mp-1009733,24.717
mp-541431,36.758
mp-30312,40.151
mp-4180,48.988
mp-4481,49.717
mp-2379939,43.197
mp-2719342,45.967
mp-22735,16.906
mp-1386610,46.162
mp-866229,28.384
mp-866818,26.896
mp-867849,19.163
mp-17892,50.422
mp-8818,44.53
mp-867854,21.138
mp-10670,34.119
mp-9577,35.571
mp-11285,34.84
mp-11176,53.407
mp-646824,17.366
mp-6008,97.534
mp-1029921,59.404
mp-11430,35.969
mp-10876,42.193
mp-29596,48.55
mp-18300,23.128
mp-27294,22.458
mp-28069,25.136
mp-4192,45.452
mp-7223,51.711
mp-12699,16.615
mp-30315,22.835
mp-1013558,27.051
mp-18167,15.413
mp-755287,63.525
mp-1029610,45.005
mp-8670,51.84
mp-1029659,46.556
mp-1029943,52.24
mp-11822,36.988
mp-9721,48.427
mp-11288,10.343
mp-20581,12.365
mp-14763,50.938
mp-844,33.75
mp-1047,33.499
mp-568172,30.316
mp-568293,39.943
mp-8308,50.245
mp-29342,26.861
mp-11824,53.243
mp-3258,60.41
mp-1013548,49.131
mp-1013550,27.881
mp-541025,7.629
mp-11649,46.042
mp-37657,52.632
mp-1374018,63.424
mp-29241,45.672
mp-4163,65.502
mp-30482,10.484
mp-984744,8.383
mp-9029,50.486
mp-1029782,49.934
mp-30485,9.782
mp-697126,40.914
mp-8789,40.92
mp-551873,29.289
mp-5251,33.929
mp-1029730,42.246
mp-644264,44.04
mp-5380,43.882
mp-13660,32.933
mp-568469,44.997
mp-1029737,45.204
mp-1029660,41.251
mp-8439,22.791
mp-569383,33.994
mp-649479,19.61
mp-866314,75.063
mp-571264,15.392
mp-27145,20.742
mp-1039385,7.009
mp-6473,46.252
mp-12467,25.807
mp-793,26.846
mp-2786,11.457
mp-542496,24.717
mp-989399,17.548000000000002
mp-16916,34.172
mp-17875,28.855
mp-1019564,37.095
mp-989404,13.77
mp-17577,38.848
mp-989590,37.923
mp-1029474,54.329
mp-983567,13.541
mp-985450,17.546
mp-864962,23.217
mp-538,13.005
mp-13270,15.092
mp-5615,36.572
mp-997004,51.187
mp-997005,39.248
mp-997030,49.532
mp-12277,41.18
mp-2404,35.322
mp-758658,42.222
mp-2963,43.029
mp-14600,44.59
mp-558636,89.116
mp-559390,42.587
mp-707746,34.407
mp-1019573,71.871
mp-1019584,71.471
mp-1749,6.588
mp-4867,47.283
mp-11350,56.558
mp-568424,29.879
mp-571039,28.522
mp-3173,39.745
mp-567191,38.055
mp-570150,39.274
mp-568177,39.121
mp-888,28.543
mp-3927,27.657
mp-12723,18.66
mp-443,15.106
mp-568920,25.385
mp-865,84.87
mp-6772,51.832
mp-866006,13.126
mp-1041411,38.622
mp-568398,22.466
mp-1018657,21.614
mp-22888,10.337
mp-571166,10.446
mp-917,24.134
mp-1575,23.224
mp-2482,15.017
mp-642822,20.203
mp-2382752,22.771
mp-4124,20.23
mp-3953,33.182
mp-4626,33.183
mp-553939,29.508
mp-2717324,30.213
mp-1073,17.651
mp-1078,23.145
mp-1444,15.863
mp-760403,49.517
mp-569628,22.156
mp-866104,11.995
mp-866279,15.863
mp-568695,25.536
mp-22904,12.661
mp-23214,11.051
mp-7466,29.185
mp-1882,36.849
mp-4120,42.103
mp-22941,26.718
mp-12266,34.337
mp-4826,63.044
mp-8432,50.755
mp-5910,33.921
mp-866228,26.726
mp-2741,37.856
mp-6914,27.264
mp-992,27.803
mp-11284,41.853
mp-11431,38.686
mp-1976,6.594
mp-7263,53.688
mp-31152,24.132
mp-2360,33.926
mp-1024,9.098
mp-567456,36.036
mp-3707,25.3
mp-554678,60.045
mp-7801,48.326
mp-31153,35.644
mp-23713,32.48
mp-24422,8.906
mp-1029359,121.918
mp-11286,19.466
mp-11287,17.551
mp-7041,18.564
mp-30031,2.5140000000000002
mp-20263,15.815
mp-19968,32.042
mp-22717,25.46
mp-21027,26.547
mp-570769,39.309
mp-620571,22.758
mp-570689,28.849
mp-570436,432496.257
mp-4243,70.601
mp-862795,19.952
mp-866000,20.861
mp-862846,22.0
mp-861643,18.121
mp-862962,25.998
mp-6459,41.324
mp-6766,65.007
mp-562517,49.081
mp-2432,22.012
mp-5795,73.927
mp-1039383,9.348
mp-1023329,20.459
mp-15641,37.809
mp-867144,17.74
mp-13434,263388.905
mp-861738,25.863
mp-5473,40.749
mp-6493,54.985
mp-4864,28.662
mp-867266,10.983
mp-20235,33.947
mp-21096,35.285
mp-989635,46.526
mp-1009657,39.226
mp-676,23.676
mp-867224,21.903
mp-866227,27.763
mp-866220,26.537
mp-8307,61.205
mp-774,63.525
mp-13512,35.772
mp-28645,55.197
mp-2605,74.209
mp-634859,123.9
mp-1345,33.528
mp-10677,34.179
mp-24390,39.173
mp-28339,39.105
mp-20034,18.789
mp-20549,18.658
mp-20463,19.973
mp-213,18.707
mp-833,38.03
mp-3315,54.739
mp-11826,50.004
mp-8161,30.762
mp-7922,12.227
mp-672254,27.4
mp-862882,27.483
mp-862881,22.358
mp-862883,24.664
mp-862884,24.337
mp-862886,34.909
mp-862885,28.891
mp-862888,26.906
mp-867257,21.552
mp-867217,22.66
mp-866015,26.267
mp-842,58.912
mp-30481,79.033
mp-8255,11.715
mp-4784,68.474
mp-571262,50.018
mp-1672,39.145
mp-4406,31.298
mp-7493,17.996
mp-16245,22.259
mp-1445082,11.184
mp-8487,35.587
mp-4056,82.699
mp-1415,32.174
mp-1563,38.383
mp-862,28.878
mp-2699,43.161
mp-2700,41.833
mp-8372,34.761
mp-12892,61.724
mp-1069604,47.82
mp-1029506,-0.803
mp-10797,41.191
mp-4428,39.815
mp-4429,47.623
mp-5733,47.273
mp-8842,32.776
mp-4478,21.792
mp-8982,33.737
mp-8983,40.756
mp-864620,22.585
mp-866014,25.27
mp-866061,27.213
mp-2450,22.571
mp-14398,53.909
mp-11957,38.941
mp-2654140,44.726
mp-11958,22.729
mp-11959,32.392
mp-11290,23.071
mp-8224,22.76
mp-1019087,15.505
mp-1029633,36.268
mp-4438,77.611
mp-30437,24.277
mp-861935,38.677
mp-38843,107.446
mp-1519,23.516
mp-569170,23.429
mp-29015,5.456
mp-1345518,86.945
mp-22592,107.341
mp-27315,25.205
mp-3442,106.112
mp-4019,102.365
mp-5827,103.379
mp-754701,52.0
mp-6109,68.582
mp-984791,24.297
mp-3960,54.77
mp-866223,27.182
mp-1023319,13.092
mp-1023366,18.212
mp-865002,34.602
mp-30483,14.606
mp-1039147,19.961
mp-6693,52.483
mp-672227,40.353
mp-1725,23.828
mp-13364,29.598
mp-1039262,5.239
mp-1734,35.088
mp-5104,23.473
mp-16263,37.699
mp-7204,33.123
mp-16266,41.666
mp-31160,37.248
mp-1025456,22.566
mp-1029267,113.863
mp-4571,85.19
mp-861662,34.247
mp-7781,36.572
mp-7079,61.97
mp-94,13.413
mp-1025377,5.05
mp-555064,22.782
mp-772099,48.069
mp-4452,22.088
mp-3772,18.984
mp-13949,15.703
mp-2051619,21.765
mp-559200,22.102
mp-22304,14.371
mp-568032,15.224
mp-568661,14.694
mp-21374,12.794
mp-27198,12.29
mp-8212,71.033
mp-8922,47.314
mp-31170,13.904
mp-861878,15.442
mp-27577,18.64
mp-3917,33.82
mp-11299,13.28
mp-865926,48.221
mp-865929,44.683
mp-12661,15.689
mp-5151,17.369
mp-18163,15.493
mp-30371,11.916
mp-2642,27.634
mp-983602,-20.126
mp-996964,32.744
mp-867260,10.784
mp-542065,6.418
mp-471,18.611
mp-1025311,58.167
mp-1404,15.441
mp-2757,31.869
mp-16886,26.46
mp-1264,21.558
mp-997037,28.905
mp-755478,28.386
mp-561079,16.051
mp-27934,3.7
mp-10969,26.788
mp-4385,29.309
mp-22881,5.888
mp-695850,5.381
mp-16775,30.995
mp-13982,27.986
mp-10967,22.751
mp-754978,27.57
mp-16565,20.463
mp-9075,32.065
mp-241,27.592
mp-861909,52.518
mp-4953,27.331
mp-8275,45.555
mp-3668,35.648
mp-30488,10.68
mp-2695851,16.08
mp-567259,1.967
mp-568233,4.29
mp-570437,3.143
mp-675464,41.566
mp-862374,16.611
mp-977367,59.398
mp-1017554,69.531
mp-1132,44.447
mp-13119,19.754
mp-2310,37.359
mp-402,28.366
mp-7904,28.159
mp-1025187,60.385
mp-9330,6.8469999999999995
mp-1696,45.078
mp-865985,42.281
mp-1194,49.526
mp-866022,50.231
mp-672,17.29
mp-2469,17.126
mp-8459,26.036
mp-1321,18.412
mp-16246,14.861
mp-1070,15.155
mp-2691,14.743
mp-761036,20.744
mp-3078,31.08
mp-4666,39.677
mp-3829,23.183
mp-13907,11.044
mp-5213,29.276
mp-10063,18.173
mp-406,13.013
mp-12779,13.496
mp-28,33.95
mp-64,32.576
mp-20372,23.828
mp-3286,50.611
mp-20908,126.426
mp-20933,58.575
mp-5820,95.364
mp-3437,87.99
mp-5452,75.241
mp-6957,90.105
mp-16272,133.263
mp-3035,77.717
mp-20400,15.575
mp-5577,65.086
mp-2965,70.832
mp-3325,-30.923000000000002
mp-569697,70.203
mp-10069,-77977.487
mp-27861,97.153
mp-5605,51.335
mp-5173,46.687
mp-569496,27.788
mp-4433,109.844
mp-4767,82.371
mp-3826,56.202
mp-4090,87.696
mp-20181,71.811
mp-985438,16.069
mp-11964,32.529
mp-541196,112.719
mp-5662,78.895
mp-20959,39.629
mp-22810,23.306
mp-22511,47.276
mp-505296,51.581
mp-13263,81.553
mp-2721,47.005
mp-21443,29.445
mp-1025285,59.756
mp-20356,22.121
mp-36699,12.022
mp-542458,52.03
mp-977439,16.368
mp-867221,85.541
mp-2413,30.324
mp-10036,43.092
mp-19920,28.756
mp-570018,28.668
mp-20735,33.177
mp-22422,27.802
mp-984772,19.568
mp-31017,89.672
mp-542327,-3005821.615
mp-570175,11.205
mp-11841,26.525
mp-20384,45.902
mp-20439,34.493
mp-2088,49.823
mp-567305,44.645
mp-20338,72.193
mp-4785,61.657
mp-1025102,65.017
mp-13504,64.222
mp-30750,64.291
mp-4817,61.918
mp-865968,13.835
mp-11351,38.825
mp-3408,59.449
mp-4096,42.507
mp-5323,48.718
mp-21158,60.666
mp-9400,44.343
mp-2748,44.203
mp-5908,42.321
mp-11593,122.516
mp-5757,99.395
mp-1974,60061.749
mp-21343,117.511
mp-22435,62.475
mp-510376,56.573
mp-457,-15532.357
mp-23285,25.983
mp-1025437,30.437
mp-861888,-7.19
mp-2839,34.764
mp-20288,15.484
mp-866189,27.939
mp-31173,17.503
mp-2863,27.145
mp-10316,27.351
mp-866185,2.402
mp-12006,53.332
mp-4454,472.294
mp-20753,77.456
mp-20766,43.907
mp-5766,11.751
mp-22740,51.325
mp-22683,43.234
mp-984702,30.59
mp-204,13.894
mp-20245,33.359
mp-3494,53.223
mp-711,20374681.542
mp-1071448,41.614
mp-1025144,-7.658
mp-13121,40.715
mp-505282,29.558
mp-505569,40.09
mp-1008376,62.301
mp-24011,91.54
mp-30506,30.596
mp-582,73.319
mp-30507,101.532
mp-1798,28.847
mp-13435,41278961304.943
mp-19934,30.741
mp-13254,33.459
mp-21399,36.44
mp-5951,998.472
mp-505331,22.855
mp-2493,76.604
mp-21188,15.258
mp-1654,14.102
mp-580354,386904.471
mp-1910,65.083
mp-19741,71.17
mp-10688,80.747
mp-20194,73.939
mp-2098,31.442
mp-2154,50.428
mp-7003,48.649
mp-21372,66.587
mp-20225,18.878
mp-1025415,45.333
mp-542777,116.723
mp-951,49.52
mp-1518,73.359
mp-607,-8.473
mp-1096,52.574
mp-4973,46.483
mp-387,-60.014
mp-777413,87.319
mp-2563,23.207
mp-21115,39.155
mp-1898,47.956
mp-13475,103.095
mp-571044,93.348
mp-30043,90.753
mp-604496,65.472
mp-10523,56.926
mp-505005,37.956
mp-754040,73.418
mp-1911,28.745
mp-21490,32.062
mp-753823,82.439
mp-867361,20.109
mp-985551,20.343
mp-986,21.92
mp-1385,24.161
mp-867186,25.752
mp-7247,47.803
mp-13118,34.678
mp-22620,9.095
mp-54,88.882
mp-102,120.256
mp-7573,208.11
mp-27768,203.68
mp-1025318,34.882
mp-1079254,108.614
mp-10055,184.439
mp-19955,75.992
mp-1667,54.043
mp-542316,-7116.162
mp-1025190,41.32
mp-13446,133.101
mp-22204,75.138
mp-19905,107.785
mp-19807,54.94
mp-20373,96.294
mp-1025425,117.284
mp-22166,118.524
mp-1008349,102.21
mp-865193,94.266
mp-943,11.459
mp-11800,41.97
mp-20456,38.025
mp-20679,86.71
mp-1192636,-1724237.717
mp-567747,121.476
mp-1513,174809.96
mp-583,-410.562
mp-15679,76.351
mp-2715,90.498
mp-1018672,87.289
mp-452,83.076
mp-22546,63.555
mp-4627,105.649
mp-16363,106.06
mp-553946,99.452
mp-20857,149.359
mp-21347,177.92
mp-22759,195.015
mp-30033,-45.445
mp-23240,-57.121
mp-696114,-109.374
mp-6498,32.065
mp-11770,27.976
mp-11771,-168698.095
mp-10692,32533.522
mp-21237,83.056
mp-30045,66.091
mp-569610,-11.963
mp-22262,123.348
mp-1025557,119.819
mp-22270,43839.952
mp-14285,122.955
mp-1944,115.879
mp-949,108.106
mp-922,87.071
mp-865960,163.317
mp-21464,122.896
mp-2070,72.8
mp-2644,69.404
mp-755,63.743
mp-9835,63.715
mp-1317,57.702
mp-4962,77.053
mp-5881,79.673
mp-20862,55.11
mp-22309,63.944
mp-1390196,14.349
mp-7577,115.85
mp-2379,55.782
mp-20536,73.734
mp-20155,55.693
mp-1018085,68.25
mp-865733,154.37
mp-788,50.317
mp-9945,44.805
mp-90,76.972
mp-568349,31.014
mp-723,-1167296.783
mp-20552,75.452
mp-15809,188.047
mp-12054,185.951
mp-21299,-1539214.365
mp-22803,39.715
mp-21019,50770.337
mp-5749,33.226
mp-20197,120.232
mp-10371,79.152
mp-19821,80.367
mp-5602,24.062
mp-1226352,187.727
mp-27512,61.657
mp-1025151,36.52
mp-2832,30.395
mp-2750,25.838
mp-889,205.66
mp-20937,168.003
mp-570112,144.082
mp-3000,110.737
mp-20685,133.08
mp-1014303,139.586
mp-10373,93.487
mp-1272,105.327
mp-27840,34.015
mp-729,154.873
mp-570122,16.95
mp-15617,196.282
mp-7506,131.374
mp-4182,26.272
mp-3532,22.96
mp-568565,68.271
mp-260,222.072
mp-1080664,230.98
mp-374,185.971
mp-1226242,201.556
mp-27710,257.596
mp-1078278,261.781
mp-27734,4.002
mp-1018050,249.439
mp-27630,7.434
mp-567504,5.642
mp-1008224,94.391
mp-10394,74.08
mp-5862,39.336
mp-568587,30.456
mp-1018068,-57.475
mp-1018067,77.935
mp-1012640,97.13
mp-21495,144.123
mp-567981,78.329
mp-30570,105.307
mp-20861,86.842
mp-541449,8.261
mp-12083,214.386
mp-2132,97.244
mp-1018157,80.193
mp-1007923,105.884
mp-1007974,102.844
mp-4989,61.789
mp-21048,139.444
mp-768680,3.779
mp-7302,101.107
mp-865786,66.576
mp-2515,95.103
mp-12585,154.192
mp-755263,19.441
mp-1413688,13.302
mp-1641,48.058
mp-2666,35.331
mp-22498,33.759
mp-15236,19.498
mp-7576,118.732
mp-1222,156.409
mp-8937,171.077
mp-11191,156.37
mp-865791,138.001
mp-3779,4.726
mp-1018066,69.419
mp-685055,16.759
mp-1,0.604
mp-3,1.609
mp-11832,0.854
mp-639727,0.8290000000000001
mp-570837,25.056
mp-557018,34.445
mp-571343,25.52
mp-28884,26.483
mp-11181,30.749
mp-559998,83.735
mp-13649,10.708
mp-989535,15.191
mp-989575,15.28
mp-754976,8.606
mp-1029699,3.776
mp-616458,8.493
mp-1025267,6.614
mp-1025185,8.639
mp-15157,14.702
mp-697133,10.568
mp-989570,11.223
mp-561830,5.807
mp-28497,7.552
mp-1025265,10.938
mp-28692,-8.839
mp-27882,4.521
mp-1190751,0.28800000000000003
mp-643243,5.377
mp-13948,9.084
mp-29398,4.16
mp-8963,10.514
mp-7232,8.569
mp-989538,10.349
mp-6968,16.596
mp-989580,17.281
mp-989585,13.579
mp-571124,7.8629999999999995
mp-6178,-23.193
mp-40143,16.081
mp-6884,8.334
mp-6654,9.426
mp-989405,8.914
mp-570379,9.195
mp-989562,8.613
mp-567652,9.676
mp-23752,9.216
mp-2884,11.784
mp-1025252,7.682
mp-989642,15.331
mp-989608,10.352
mp-989644,4.943
mp-13816,17.633
mp-989568,12.854
mp-989527,18.173
mp-989514,9.454
mp-6204,17.639
mp-571467,8.079
mp-13925,16.618
mp-8995,9.447
mp-14336,4.317
mp-1025274,21.565
mp-7988,3.041
mp-23425,4.508
mp-21521,13.531
mp-543024,5.269
mp-510268,6.469
mp-11694,5.749
mp-505824,12.019
mp-504729,6.937
mp-29806,4.015
mp-569066,3.865
mp-13548,4.817
mp-13992,6.76
mp-14338,6.519
mp-30062,4.908
mp-505825,14.59
mp-23406,4.775
mp-8191,7.681
mp-9262,7.232
mp-23060,3.998
mp-1025208,19.028
mp-996941,-0.23
mp-989605,9.87
mp-42022,13.975999999999999
mp-17546,7.793
mp-505782,10.568
mp-1011695,5.71
mp-27830,5.067
mp-989544,0.447
mp-4047,6.5760000000000005
mp-8932,8.595
mp-641923,4.313
mp-608555,4.029
mp-7297,8.75
mp-27636,3.906
mp-540957,3.894
mp-27828,4.099
mp-996944,4.623
mp-989537,11.015
mp-989560,10.145
mp-2991,22.715
mp-638729,5.257
mp-7903,9.167
mp-505212,1.091
mp-573658,5.717
mp-27544,4.661
mp-1105622,6.079
mp-1226195,7.136
mp-568137,10.643
mp-23029,0.965
mp-541014,4.516
mp-569484,5.017
mp-561827,-54.89
mp-7618,-28.397
mp-863760,16.227
mp-1946459,10.716
mp-567558,4.449
mp-28610,370.484
mp-8666,8.448
mp-18105,5.594
mp-14069,47.586
mp-2667,6.1370000000000005
mp-9386,2.961
mp-569548,4.436
mp-23026,13.125
mp-23484,4.998
mp-9986,8.773
mp-997024,10.8
mp-574599,4.7620000000000005
mp-510535,16.982
mp-1225884,5.362
mp-23163,-24791.702
mp-22906,6.573
mp-571222,5.148
mp-614311,4.588
mp-7104,26.842
mp-6628,12.769
mp-541899,0.275
mp-568544,13.901
mp-8399,24.043
mp-22865,7.445
mp-573697,6.1
mp-30206,5.747
mp-546711,5.142
mp-504708,3.144
mp-1029491,11.342
mp-23431,3.14
mp-553303,7.237
mp-7786,7.343
mp-7785,20.578
mp-505198,15.102
mp-561033,13.442
mp-675287,30.852
mp-2456411,4.371
mp-541037,6.941
mp-553310,12.092
mp-1199244,0.753
mp-17095,7.433
mp-754138,40.984
mp-754055,42.918
mp-561751,26.154
mp-1784,9.864
mp-29400,-1.641
mp-5038,6.173
mp-755651,37.118
mp-570223,12.431
mp-632319,7.858
mp-1057286,6.816
mp-24668,8.117
mp-625136,9.372
mp-24141,6.873
mp-27718,8.363
mp-570591,10.092
mp-561947,16.764
mp-754154,41.192
mp-614603,4.02
mp-1056920,5.449
mp-22876,2.046
mp-2649045,8.403
mp-863759,6.6370000000000005
mp-581024,7.769
mp-553248,36.293
mp-5990,17.192
mp-606604,18.167
mp-6726,15.01
mp-29750,3.787
mp-23004,4.715
mp-8401,36.041
mp-29751,0.299
mp-540609,2.656
mp-510557,7.301
mp-561851,1.087
mp-8871,21.559
mp-640321,24.137
mp-6973,10.436
mp-5339,7.749
mp-562854,31.983
mp-8978,29.703
mp-553308,33.706
mp-22950,6.799
mp-1441,4.644
mp-1188121,10.388
mp-567681,5.511
mp-600089,7.962
mp-1014168,7.34
mp-23037,9.296
mp-540839,4.607
mp-998307,17.108
mp-573316,10.872
mp-554822,27.719
mp-9636,4.926
mp-754826,14.836
mp-7977,36.15
mp-27214,8.647
mp-27381,4.784
mp-614013,7.428
mp-616378,6.978
mp-1542038,6.148
mp-8397,20.108
mp-34293,36.943
mp-9085,25.399
mp-573755,3.5869999999999997
mp-867568,52.941
mp-22962,7.225
mp-28283,9.192
mp-567698,3.45
mp-2695837,22.971
mp-753799,43.86
mp-865424,70.632
mp-23038,4.405
mp-22977,4.463
mp-22991,2.6790000000000003
mp-1029293,43.204
mp-30,49.843
mp-989695,65.761
mp-998890,19.372
mp-1010136,92.026
mp-22271,11.732
mp-505042,26.984
mp-756132,0.923
mp-647164,73.669
mp-4362,9110.059
mp-7474,26.428
mp-15252,33.867
mp-4728,26.243
mp-677105,26.47
mp-12806,21.715
mp-674953,21.681
mp-2932665,2.623
mp-10952,28.359
mp-12855,22.713
mp-23353,8.411
mp-568598,9.009
mp-361,7.888
mp-760432,44.243
mp-771359,53.715
mp-754084,10.449
mp-759897,7.397
mp-3638,40.718
mp-8090,40.766
mp-29396,17.547
mp-862256,-15.622
mp-12087,21.175
mp-618991,29.117
mp-2831205,20.647
mp-1825,34.066
mp-9248,36.107
mp-15895,35.964
mp-15896,28.611
mp-675120,24.981
mp-16566,20.154
mp-10519,27.459
mp-11658,22.247
mp-1389664,8.09
mp-13089,19.796
mp-675880,19.187
mp-8976,8.382
mp-557373,13.13
mp-1025340,-114159.321
mp-3345,33.161
mp-20545,26.458
mp-675626,22.196
mp-2258,44.872
mp-607291,10.463
mp-19724,44.057
mp-23733,20.925
mp-7463,41.154
mp-7540,14.744
mp-3934,35.591
mp-5756,27.883
mp-580357,48.551
mp-672265,65.218
mp-12086,55.578
mp-20900,25.292
mp-5702,25.749
mp-29476,17.901
mp-9814,20.692
mp-20683,16.086
mp-867317,60.128
mp-972828,53.369
mp-838,18.618
mp-13138,47.503
mp-581786,35.944
mp-21861,62.89
mp-30594,47.364
mp-28995,54.3
mp-1233,14.854
mp-984351,20.565
mp-998414,21.339
mp-7237,4.118
mp-996975,14.729
mp-5014,16.322
mp-8911,15.031
mp-2977,10.103
mp-12070,24.932
mp-21859,23.8
mp-776320,6.569
mp-5305,30.222
mp-522,31.3
mp-2103,23.973
mp-28376,13.085
mp-754126,31.825
mp-30151,19.356
mp-28896,67.035
mp-12954,63.314
mp-983565,49.34
mp-997054,19.29
mp-997055,21.79
mp-22982,22.669
mp-554238,18.654
mp-23116,30.493
mp-22913,11.405
mp-22917,5.924
mp-23227,9.765
mp-2360071,5.1
mp-22914,10.104
mp-30999,4.404
mp-32829,1.6440000000000001
mp-1229,26.442
mp-867917,66.761
mp-1196039,13.415
mp-996973,14.739
mp-22863,11.412
mp-22895,15.17
mp-569346,15.146
mp-570081,4.377
mp-570136,6.081
mp-30069,26.623
mp-30592,27.073
mp-11834,38.407
mp-1692,23.585
mp-927,51.586
mp-25886,44.354
mp-540284,29.816
mp-1018029,45.499
mp-996971,28.501
mp-997012,35.461
mp-644311,68.019
mp-12608,67.266
mp-996954,33.467
mp-997098,21.439
mp-755115,30.382
mp-14116,42.539
mp-504,27.234
mp-555599,20.592
mp-760381,16.632
mp-1068,32.823
mp-20525,28.551
mp-867753,192.924
mp-4468,26.263
mp-488,18.079
mp-580226,6.978
mp-2000,23.155
mp-2280,24.776
mp-22414,28.384
mp-16053,19.986
mp-10598,40.891
mp-30595,63.304
mp-20826,9.402
mp-2224869,37.194
mp-88,26.543
mp-10658,27.353
mp-10750,26.058
mp-7121,43.513
mp-2958,122.595
mp-5135,107.738
mp-5976,94.317
mp-2917,75.813
mp-568725,81.322
mp-4939,82.764
mp-21000,63.746
mp-4985,75.386
mp-21415,46.8
mp-569089,99.379
mp-4065,105.149
mp-4692,73.379
mp-3301,53.071
mp-3148,12.014
mp-2893,88.803
mp-4177,79.345
mp-1025364,59.557
mp-864981,32.495
mp-864977,41.391
mp-3513,65.851
mp-13431,30.594
mp-21382,46.845
mp-865159,39.898
mp-568541,132.338
mp-12574,26.988
mp-16267,22.866
mp-31093,61.658
mp-1025323,68.541
mp-864959,44.291
mp-11705,81.477
mp-768241,48.501
mp-984104,34.691
mp-865219,53.425
mp-865006,35.437
mp-977559,55.444
mp-865007,27.596
mp-867349,21.635
mp-2345,63.498
mp-865216,37.091
mp-12669,65.3
mp-7368,35.068
mp-769253,26.274
mp-30625,22.798000000000002
mp-866008,25.22
mp-866005,25.723
mp-865156,39.796
mp-984627,27.597
mp-984544,36.14
mp-20844,17.296
mp-979419,25.48
mp-1105737,51.133
mp-4189,34.383
mp-2167,18.225
mp-2618,32.809
mp-567574,52.137
mp-10965,36.442
mp-21198,41.882
mp-433,42.112
mp-803,-1227107.91
mp-569385,55.971
mp-567589,59.228
mp-864995,39.137
mp-3053,0.17200000000000001
mp-756630,113.32
mp-1018674,47.339
mp-2627,52.475
mp-5632,54.647
mp-1007918,17.544
mp-2057,152.964
mp-1024993,123.13
mp-571041,50.0
mp-3092,105.243
mp-568319,85.681
mp-3183,86.089
mp-22907,29.768
mp-552992,34.704
mp-552008,33.28
mp-546266,36.507
mp-30453,40.218
mp-30307,40.652
mp-864982,2.081
mp-541840,41.047
mp-11294,32.037
mp-864884,20.259
mp-28448,3.729
mp-20193,122.306
mp-2551,71.871
mp-20350,63.79
mp-8742,61.207
mp-2334,31.884
mp-30578,23.276
mp-20010,54.767
mp-601257,23.788
mp-675349,28.215
mp-9304,38.336
mp-1757,30.837
mp-568006,70.637
mp-22698,56.128
mp-30604,42.601
mp-20064,51.788
mp-568354,47.371
mp-862666,47.905
mp-20122,54.729
mp-22149,45.427
mp-24151,54.075
mp-755252,38.21
mp-777422,56.792
mp-11367,28.091
mp-984767,21.948
mp-862692,18.839
mp-20898,18.398
mp-30374,22.045
mp-22384,26.984
mp-1025113,59.703
mp-567588,31.23
mp-1358,87.843
mp-866295,22.533
mp-2077,19.61
mp-1546,24.698
mp-862680,12.356
mp-867762,20.809
mp-867773,26.236
mp-867826,26.307
mp-867348,37.406
mp-866007,10.569
mp-2876153,34.868
mp-1410,123.389
mp-2738,23.865
mp-421,-180715117223.169
mp-6223,70.588
mp-1102078,52.85
mp-1179,73.223
mp-30452,50.161
mp-4510,56.439
mp-510152,5.475
mp-2014,60.67
mp-9850,42.871
mp-5767,62.37
mp-16326,45.952
mp-867279,-96.494
mp-867278,-28.842
mp-2226,34.497
mp-797,48.329
mp-2465,72.237
mp-232,41.33
mp-1388,61.485
mp-15856,79.683
mp-30620,75.831
mp-2470,42.673
mp-28929,5.307
mp-1007,34.856
mp-16327,48.071
mp-31120,82.262
mp-814,29.474
mp-1018683,40.405
mp-2620,65.591
mp-993,23.018
mp-12770,18.126
mp-4171,66.451
mp-30621,101.516
mp-20281,72.446
mp-866287,15.162
mp-865364,68.958
mp-2159,21.366
mp-1018679,22.777
mp-11374,14.909
mp-1007908,17.633
mp-971924,33.808
mp-971922,36.907
mp-979417,24.488
mp-971799,27.672
mp-979434,16.268
mp-979712,29.032
mp-2303,25.072
mp-570093,38.077
mp-865257,45.355
mp-5068,39.479
mp-99,31.02
mp-10752,26.865
mp-1025358,84.07
mp-10856,122.567
mp-568509,113.309
mp-5497,69.45
mp-3239,94.295
mp-4305,76.33
mp-2717767,29.57
mp-3501,58.284
mp-3190,83.296
mp-5451,48.299
mp-5688,79.147
mp-4865,47.358
mp-3455,83.931
mp-12058,99.704
mp-4881,71.098
mp-3958,86.668
mp-3218,52.4
mp-5386,88.318
mp-5022,77.629
mp-11435,61.377
mp-11436,76.361
mp-4071,139.105
mp-977416,34.938
mp-12004,66.418
mp-1025246,137.312
mp-862981,27.973
mp-1025354,83.433
mp-877,27.494
mp-866004,30.299
mp-867214,58.373
mp-1018684,31.234
mp-861946,36.576
mp-862697,56.657
mp-863702,28.117
mp-983556,19.866
mp-679,65.426
mp-2460,69.138
mp-867213,47.096
mp-983555,33.306
mp-30610,25.794
mp-2234,33.204
mp-7064,64.453
mp-16993,54.525
mp-5889,102.343
mp-863667,27.903
mp-861628,24.637
mp-983908,35.198
mp-983583,33.579
mp-862788,31.697
mp-862895,33.2
mp-12388,61.119
mp-3384,105.755
mp-1711,51.693
mp-11854,55.383
mp-775,43.758
mp-568446,41.354
mp-23039,33.704
mp-754673,29.664
mp-2621,16.924
mp-30339,34.07
mp-16745,32.98
mp-36029,20.563
mp-569724,41.622
mp-1208,59.812
mp-31182,57.442
mp-2134,59.683
mp-862656,56.514
mp-1688,53.691
mp-11243,16.141
mp-2466,43.716
mp-1774,164.724
mp-5197,122.299
mp-6982,48.692
mp-3093,105.691
mp-2847,137.339
mp-1296,75.967
mp-23245,30.393
mp-546621,36.579
mp-549709,34.205
mp-551250,37.804
mp-30454,40.701
mp-1579,44.098
mp-867,29.491
mp-7303,29.141
mp-12008,52.422
mp-863738,28.245
mp-863739,51.651
mp-863029,2.495
mp-5353,125.896
mp-2740,50.054
mp-13501,98.793
mp-3128,59.572
mp-1955,28.142
mp-1024991,24.491
mp-30579,14.638
mp-16751,46.03
mp-675180,28.853
mp-8122,63.774
mp-1018685,45.507
mp-9371,44.528
mp-474,38.227
mp-2422,49.575
mp-398,44.73
mp-1025225,52.911
mp-863711,52.644
mp-2264,54.614
mp-20043,56.481
mp-24192,56.307
mp-1018063,10.755
mp-11369,27.641
mp-866003,1.721
mp-1291,29.738
mp-30340,25.82
mp-3950,47.675
mp-4552,42.728
mp-1024983,-1330112.803
mp-4508,31.411
mp-2713,56.862
mp-1495,90.008
mp-2228,19.228
mp-863672,25.799
mp-863674,25.837
mp-862993,37.695
mp-11855,-12797.737
mp-19830,132.589
mp-5370,57.979
mp-867919,70.762
mp-567314,24.157
mp-1939,47.466
mp-6098,72.989
mp-12965,79.509
mp-853,74.924
mp-21272,58.842
mp-4006,66.446
mp-867918,-88.01
mp-863734,-25.032
mp-851,37.403
mp-2825,49.925
mp-480,74.793
mp-1913,75.459
mp-1025030,76.477
mp-2381,44.03
mp-1762,62.27
mp-863735,158.517
mp-569220,48.395
mp-1623,43.445
mp-10932,58.212
mp-2191,35.969
mp-11836,44.187
mp-16329,49.226
mp-2491,28.368
mp-9978,40.498
mp-378,66.701
mp-2145,22.573
mp-12382,65.384
mp-8535,93.249
mp-569601,101.152
mp-20733,78.089
mp-30613,37.354
mp-13303,42.379
mp-30611,48.795
mp-866285,66.736
mp-3444,67.66
mp-5503,73.121
mp-866299,95.013
mp-863679,78.278
mp-1280,20.06
mp-1018692,21.657
mp-4743,52.162
mp-217,21.314
mp-2431,19.207
mp-754823,36.283
mp-1007907,17.841
mp-552802,35.678
mp-1025096,42.435
mp-569927,46.353
mp-983603,34.846
mp-1018690,53.824
mp-1018694,59.377
mp-1018689,40.822
mp-5848,38.697
mp-20151,38.376
mp-20595,42.25
mp-22609,35.029
mp-19774,18.867
mp-672294,77.888
mp-3412,60.857
mp-1006146,22.291
mp-582736,26.016
mp-20128,33.49
mp-3758,74.64
mp-581754,50.704
mp-8582,72.154
mp-2929310,-67.643
mp-4768,58.471
mp-20115,44.183
mp-19808,35.695
mp-1025200,71.88
mp-542568,20.975
mp-22707,27.11
mp-20111,-382047.651
mp-1025136,56.864
mp-19729,28.196
mp-20874,107.737
mp-550566,30.184
mp-580236,14.968
mp-864796,11.896
mp-22887,11.102
mp-504731,29.302
mp-19908,14.903
mp-21168,32.199
mp-22317,31.209
mp-865181,101.809
mp-644246,38.11
mp-753781,95.032
mp-11375,17.948
mp-995,65.4
mp-21253,12.637
mp-20340,53.655
mp-1854,35.417
mp-19862,17.315
mp-542583,22.782
mp-1261,21.06
mp-9873,36.396
mp-1009504,37.354
mp-1018699,37.428
mp-771055,83.545
mp-561203,3.475
mp-561367,3.033
mp-760482,1.552
mp-13,67.563
mp-136,180.477
mp-613327,177.956
mp-9198,90.786
mp-601848,98.488
mp-19800,109.921
mp-641526,82.143
mp-18695,84.311
mp-20426,27.967
mp-1915,140.537
mp-15722,169.103
mp-1871,102.436
mp-21141,-20.908
mp-1095682,121.212
mp-248,92.438
mp-21476,88.269
mp-2650313,32.205
mp-778,94.973
mp-639789,507732.754
mp-22787,122.609
mp-20868,135.348
mp-13154,90.624
mp-510623,68.482
mp-601820,94.289
mp-20344,71.192
mp-20711,34.23
mp-21078,69.592
mp-510619,48.139
mp-1804,180.178
mp-673635,93.123
mp-999189,0.719
mp-1007853,72.293
mp-567703,86.951
mp-1649,31.661
mp-579496,98.815
mp-865212,215.462
mp-580234,82.097
mp-2780,32.298
mp-2199,99.533
mp-20883,48.902
mp-22461,60.607
mp-27505,53.526
mp-21850,143.27
mp-535,56.748
mp-2794,87.878
mp-449,104.859
mp-624243,-84122.955
mp-18257,93.407
mp-569594,109.706
mp-1473,85.018
mp-555,89.567
mp-673174,93.26
mp-601842,218897.653
mp-427,85.376
mp-2008,111.737
mp-561511,117.383
mp-20787,142.25
mp-1007881,159.067
mp-1079437,188.133
mp-22880,5.828
mp-23229,6.402
mp-571096,5.459
mp-23204,9.15
mp-676241,2.166
mp-2090,91.403
mp-22300,58.409
mp-5436,87.106
mp-1007852,114.871
mp-22053,31.294
mp-22648,26.429
mp-3702,71.301
mp-22478,77.414
mp-22510,76.238
mp-21117,74.651
mp-640708,67.937
mp-865191,101.794
mp-1009077,87.064
mp-571122,5.833
mp-10596,194.68
mp-6988,79.289
mp-2213,87.323
mp-1418,99.899
mp-1007855,95.457
mp-13463,92.083
mp-1005,133.593
mp-20027,154.075
mp-27164,112.471
mp-568328,118.841
mp-570553,114.39
mp-2831,77.686
mp-21845,69.408
mp-2260,92.583
mp-649,110.344
mp-1918,74.969
mp-505531,17.295
mp-226,135.327
mp-1522,125.99
mp-2619,60.628
mp-20714,56.905
mp-971669,47.232
mp-27904,95.505
mp-20311,13.304
mp-760,92.204
mp-871,142.052
mp-1714,128.034
mp-20738,124.055
mp-3464,118.341
mp-862790,108.248
mp-961653,121.257
mp-21260,53.266
mp-22752,60.881
mp-1018062,68.595
mp-636599,88.857
mp-21273,12.678
mp-19880,73.813
mp-29076,128.086
mp-142,30.01
mp-10021,46.698
mp-567540,2.943
mp-569007,12.714
mp-2885,-130.998
mp-2776,11.065
mp-865779,88.172
mp-4152,28.303
mp-11359,30.62
mp-20793,12.987
mp-4809,22.015
mp-4730,18.665
mp-16337,15.716
mp-865743,48.354
mp-6959,10.65
mp-886,70.553
mp-22095,20.333
mp-867292,92.754
mp-539,22.912
mp-1340,19.013
mp-38970,14.943
mp-2371,13.907
mp-27255,18.386
mp-983237,3.493999999999999
mp-636368,66.476
mp-973875,19.565
mp-11397,64.945
mp-3107,60.464
mp-2408,37.74
mp-31467,50.274
mp-21400,34.54
mp-29455,72.5
mp-30655,66.1
mp-11478,7.734
mp-578,21.947
mp-5342,22.5
mp-5518,18.696
mp-4899,16.928
mp-2534,40.715
mp-8883,41.228
mp-1025346,58.097
mp-11021,54.287
mp-1018126,20.084
mp-755568,36.043
mp-30953,1.064
mp-568848,2.31
mp-30952,0.772
mp-1121,47.411
mp-1007821,53.674
mp-1018060,60.729
mp-865798,45.438
mp-29362,5.407
mp-29403,4.898
mp-4280,55.03
mp-11019,58.853
mp-644280,69.795
mp-862791,298.985
mp-5238,36.055
mp-4840,28.705
mp-3839,24.967
mp-19870,55.803
mp-672661,41.414
mp-30551,88.288
mp-1018074,27.984
mp-865170,-22.079
mp-865895,74.202
mp-8211,10.596
mp-23803,86.963
mp-30954,0.757
mp-11388,42.667
mp-804,104.855
mp-830,103.147
mp-1941,42.594
mp-570904,56.355
mp-866037,64.205
mp-2490,51.463
mp-8882,51.856
mp-553932,25.908
mp-677335,19.522
mp-1025301,59.659
mp-1025270,67.858
mp-1078526,9.952
mp-1869,46.087
mp-1025551,51.944
mp-11407,77.72
mp-2444,58.842
mp-22320,89.664
mp-2507,12.041
mp-9889,9.646
mp-556742,12.982
mp-1156,28.856
mp-1018059,29.749
mp-1572,9.134
mp-1943,8.947
mp-11342,10.32
mp-865615,88.656
mp-10009,8.821
mp-542812,7.349
mp-29541,2.9619999999999997
mp-21240,86.63
mp-864748,21.207
mp-865316,20.482
mp-504886,55.657
mp-643084,60.907
mp-15922,59.655
mp-669509,39.303
mp-4805,60.067
mp-16035,35.465
mp-5302,95.771
mp-757233,1589074.976
mp-2921,-2281533237499.651
mp-5223,108.981
mp-20058,21.176
mp-510374,46.696
mp-753911,59.557
mp-425,127.484
mp-22266,96.068
mp-562809,36.117
mp-27182,87.205
mp-12765,40.245
mp-1031,24.157
mp-20965,147.543
mp-23265,15.213
mp-23050,31.328
mp-972965,-1.491
mp-19773,51.145
mp-19918,46.12
mp-24092,47.226
mp-21005,18.822
mp-2636,21.921
mp-20534,12.136
mp-569197,8.705
mp-753721,53.616
mp-754149,-93.937
mp-754349,51.007
mp-510401,54.5
mp-16340,20.028
mp-510402,47.722
mp-3799,50.55
mp-510403,31.19
mp-11839,10.946
mp-5690,80.921
mp-510404,35.871
mp-20125,15.334
mp-21192,22.205
mp-4875,65.535
mp-574283,26.856
mp-20070,43.448
mp-19966,14.765
mp-754480,48.284
mp-32,45.07
mp-1007760,45.231
mp-23352,29.547
mp-14790,15.343
mp-10201,138.022
mp-1543,51.923
mp-3534,15.452
mp-14791,21.48
mp-23560,41.051
mp-569600,29.44
mp-13852,82.389
mp-672289,90.833
mp-489,58.027
mp-505780,85.13
mp-9548,15.662
mp-17524,10.712
mp-7595,6.065
mp-28369,0.967
mp-223,27.681
mp-470,130.151
mp-733,28.881
mp-7812,25.441
mp-10913,123.464
mp-7542,32.336
mp-1424,42.129
mp-423,42.417
mp-541785,5.086
mp-542640,53.162
mp-20061,32.814
mp-20817,66.408
mp-20866,47.092
mp-22585,70.269
mp-1025397,78.948
mp-2242,16.528
mp-12910,19.766
mp-7582,13.525
mp-9935,22.852
mp-29641,14.027
mp-700,13.905
mp-10759,44.393
mp-10074,10.677
mp-938,20.165
mp-2612,41.317
mp-24504,0.247
mp-850274,0.07200000000000001
mp-985782,-0.758
mp-697111,8.999
mp-690733,6.367
mp-23866,7.261
mp-1078233,18.317
mp-2802611,4.34
mp-29145,3.613
mp-36248,9.681000000000001
mp-1021328,0.6990000000000001
mp-643062,5.553
mp-23794,6.912
mp-555229,6.13
mp-31043,11.003
mp-1536913,-24.614
mp-2929431,1.164
mp-23963,11.542
mp-643727,8.568
mp-24289,38.553
mp-24722,70.702
mp-103,56.604
mp-8640,45.446
mp-571367,106.783
mp-15986,67.701
mp-504741,91.29
mp-571147,76.808
mp-1025167,85.459
mp-13155,49.936
mp-12772,53.8
mp-846,68.632
mp-570784,156.611
mp-568991,129.36
mp-30383,58.098
mp-13137,126.437
mp-1190841,48.153
mp-864835,26.08
mp-29154,86.955
mp-864877,87.341
mp-866088,84.695
mp-30581,54.412
mp-864939,49.295
mp-864974,56.988
mp-19928,49.807
mp-864890,67.035
mp-865179,95.692
mp-30572,63.266
mp-11441,64.955
mp-1018709,62.432
mp-9939,91.279
mp-1018154,44.974
mp-22050,46.706
mp-981539,16889380351.058
mp-865178,11.426
mp-973434,376.325
mp-865138,88.412
mp-977572,73.696
mp-864684,80.044
mp-865130,75.907
mp-864647,146.294
mp-861,19.409
mp-646507,67.477
mp-5918,94.851
mp-976265,51.58
mp-865131,55.152
mp-504659,78.671
mp-11454,56.325
mp-861978,103.795
mp-864927,103.317
mp-977407,92.43
mp-973443,79.557
mp-10000,77.674
mp-567220,69.177
mp-1029330,81.861
mp-9938,100.146
mp-4893,80.746
mp-977541,92.747
mp-864916,87.375
mp-867327,91.598
mp-1009238,5.866
mp-1014231,58.908
mp-866012,60.682
mp-10379,73.151
mp-15987,80.979
mp-10245,84.106
mp-10076,87.552
mp-8462,68.275
mp-976419,29.873
mp-976273,84.987
mp-754434,66.114
mp-17045,66.741
mp-15964,49.685
mp-2105,95.21
mp-761842,77.664
mp-28919,23.847
mp-976106,55.501
mp-722913,84.456
mp-1014252,92.143
mp-1025223,87.932
mp-32994,97.549
mp-2361,23.687
mp-31469,63.711
mp-15965,88.346
mp-21104,48.717
mp-510691,64.424
mp-12884,36.907
mp-31383,59.853
mp-15297,72.06
mp-13156,45.823
mp-249,70.131
mp-12657,89.118
mp-2614,83.451
mp-568718,83.347
mp-1007730,57.804
mp-1025457,84.924
mp-10872,22.112
mp-5221,89.886
mp-10887,56.709
mp-983358,92.953
mp-982870,81.996
mp-5748,37.535
mp-16501,7.228
mp-571619,69.364
mp-864671,270.528
mp-864909,81.051
mp-9954,65.141
mp-29646,75.643
mp-1018153,13.529
mp-1994,244.359
mp-1017578,101.826
mp-1018057,67.239
mp-1878,129.905
mp-2553,108.178
mp-2025,120.416
mp-865163,67.567
mp-12571,117.352
mp-756683,61.088
mp-864915,2.429
mp-568346,18.845
mp-21075,177.337
mp-865174,60.425
mp-2027,60.459
mp-2337,71.054
mp-20730,81.16
mp-7804,156.93
mp-9801,92.377
mp-22315,72.418
mp-819,66.783
mp-3650,23.641
mp-865176,16.975
mp-22489,87.244
mp-20401,88.21
mp-333,83.525
mp-956096,76.603
mp-866051,107.986
mp-22191,148.403
mp-22434,126.335
mp-11387,71.102
mp-1025193,52.044
mp-1025176,32.425
mp-12952,63.9
mp-3576,77.795
mp-1018714,70.481
mp-865998,67.428
mp-3498,22.94
mp-865019,118.314
mp-865010,78.797
mp-13683,67.117
mp-9755,93.452
mp-21340,79.095
mp-7918,82.007
mp-7917,73.615
mp-13964,60.152
mp-567817,10.704
mp-27731,37.678
mp-977573,84.832
mp-568002,2.043
mp-567441,11.256
mp-574025,28.838
mp-864715,107.967
mp-600125,52.466
mp-640024,57.313
mp-864734,35.064
mp-865066,244.174
mp-1002122,56.564
mp-2126,150.309
mp-983123,33.178
mp-865020,99.508
mp-1029834,75.632
mp-865049,39.982
mp-865050,68.281
mp-11449,12.124
mp-865091,62.602
mp-20192,85.586
mp-2363,125320591256.951
mp-7032,119.755
mp-2828,164.261
mp-541911,11.245
mp-38818,221.748
mp-1224328,225.412
mp-22637,100.086
mp-865094,90.767
mp-4828,48.08
mp-7285,75.969
mp-924128,77.933
mp-352,100.522
mp-550893,116.166
mp-685097,109.345
mp-775757,103.555
mp-776097,96.744
mp-776532,106.112
mp-1018721,49.71
mp-11452,114.202
mp-9953,83.603
mp-15963,95.48
mp-864926,46.246
mp-22535,87.185
mp-11453,84.487
mp-1007656,81.621
mp-865166,68.884
mp-1007691,55.584
mp-11456,105.973
mp-1018054,112.224
mp-1689,79.393
mp-11457,52.643
mp-1027,111.279
mp-2802,98.917
mp-985829,12.581
mp-9922,12.408
mp-7787,58.701
mp-13450,59.904
mp-2180,49.015
mp-1018717,34.866
mp-31456,47.25
mp-865165,69.939
mp-865000,90.315
mp-865001,93.516
mp-865041,949.623
mp-865030,80.426
mp-985831,12.019
mp-15622,10.616
mp-1042,95.833
mp-1069,95.031
mp-22258,103.44
mp-10457,93.146
mp-10456,100.864
mp-13472,98.602
mp-866062,106.888
mp-7916,93.63
mp-13962,53.913
mp-13963,28.667
mp-21328,9.431
mp-776083,14.412
mp-11869,58.332
mp-2960,64.218
mp-866221,-3.802
mp-866219,107.6
mp-1224283,229.143
mp-865025,109.351
mp-865038,99.455
mp-11460,83.13
mp-865023,95.257
mp-865039,73.235
mp-866114,118.179
mp-32887,10.089
mp-1168,7.3
mp-989651,8.671
mp-1224263,250.862
mp-1224257,169.356
mp-753197,74.28
mp-1043,-1.116
mp-10312,74.585
mp-1018726,76.649
mp-1018720,60.257
mp-1400,94.6
mp-1014219,47.206
mp-514,59.457
mp-866108,15.766
mp-866117,16.877
mp-866094,43.166
mp-864798,86.11
mp-1014251,85.889
mp-864807,43.706
mp-983430,6.555
mp-983459,45.497
mp-1224184,237.314
mp-754134,98.598
mp-754478,98.032
mp-974943,71.432
mp-974973,49.601
mp-10861,1.6800000000000002
mp-753304,3.2560000000000002
mp-1017981,2.877
mp-1184554,3.948
mp-1184569,2.516
mp-1546032,3.265
mp-2629196,3.832
mp-754065,30.952
mp-540925,5.849
mp-11470,25.105
mp-755465,53338.594
mp-11870,38.861
mp-936,30.648
mp-30721,10.762
mp-23177,5.809
mp-22897,5.628
mp-22855,-2.198
mp-706,11.783
mp-8177,12.599
mp-22859,4.529
mp-23173,2.519
mp-23192,2.493
mp-1224,10.902
mp-1025302,45.948
mp-1025386,52.206
mp-2685,38.262
mp-8675,-17.951
mp-863720,29.205
mp-754538,14.826
mp-15639,8.073
mp-1123,15.799
mp-9252,7.541
mp-820,13.947
mp-2730,13.132
mp-144,28.414
mp-10659,27.815
mp-973986,28.439
mp-573995,110.53
mp-4415,69.868
mp-5835,94.372
mp-4105,76.348
mp-571500,81.927
mp-3065,26.204
mp-5260,57.245
mp-36662,45.48
mp-4291,46.459
mp-2906,83.385
mp-567458,99.097
mp-567513,103.451
mp-2924,71.958
mp-5219,87.971
mp-4148,52.879
mp-571665,3.08
mp-3895,87.871
mp-5720,78.475
mp-1025172,60.465
mp-977358,33.565
mp-10528,54.353
mp-864674,41.214
mp-1025183,135.007
mp-1640,28.625
mp-9006,65.305
mp-863651,28.777
mp-863652,33.714
mp-3706,106.337
mp-8499,70.234
mp-754327,58.736
mp-753693,49.518
mp-20686,26.456
mp-865297,29.025
mp-864625,34.581
mp-867277,36.114
mp-863723,14.344
mp-977392,28.17
mp-3398,28.014
mp-863736,42.631
mp-973270,35.688
mp-861993,26.76
mp-861994,25.452
mp-861600,31.772
mp-1101850,121.332
mp-863737,30.054
mp-973465,27.113
mp-973689,30.304
mp-974322,25.844
mp-13236,50.53
mp-2759,-1607.604
mp-23047,32.156
mp-1079239,32.789
mp-2778,18.274
mp-2120,33.252
mp-864775,16.174
mp-16503,57.089
mp-898,56.689
mp-1877,59.484
mp-2909,39.228
mp-295,53.503
mp-1007666,17.384
mp-990,40.982
mp-2267,159.19
mp-571491,80.601
mp-3710,87.48
mp-22866,29.989
mp-551101,37.166
mp-30455,40.665
mp-977375,2.449
mp-1423,42.118
mp-11301,33.057
mp-11302,27.83
mp-864904,16.491
mp-977415,22.834
mp-12007,51.211
mp-864662,-3.273
mp-2396,29.35
mp-5313,125.023
mp-1018723,60.344
mp-2435,59.059
mp-20906,58.45
mp-1971,32.372
mp-1024987,14.049
mp-1024994,33.425
mp-1025134,48.519
mp-30585,53.682
mp-580364,14.966
mp-9389,56.64
mp-16750,45.797
mp-1018724,46.616
mp-1024954,53.287
mp-972945,35.826
mp-972984,36.47
mp-976343,26.844
mp-974221,13.122
mp-974253,30.971
mp-561877,42.75
mp-1926,34.701
mp-2812,72.045
mp-1018725,58.103
mp-1256,50.758
mp-982511,48.755
mp-2688,43.833
mp-982557,41.108
mp-4856,53.558
mp-865696,49.846
mp-16342,54.586
mp-5519,45.301
mp-13308,31.821
mp-22670,55.178
mp-24152,55.883
mp-755543,59.121
mp-24012,65.614
mp-973890,71.534
mp-11461,27.217
mp-864657,1.97
mp-21431,30.395
mp-30342,26.089
mp-3015,45.737
mp-30586,41.739
mp-13525,36.26
mp-21290,38.221
mp-1025022,57.77
mp-11104,30.802
mp-11476,51.619
mp-973276,28.768
mp-864799,22.812
mp-1199,19.049
mp-866172,26.726
mp-977369,26.252
mp-864744,50.305
mp-864747,10.455
mp-883,126.817
mp-3144,58.084
mp-866112,66.781
mp-673,47.113
mp-6646,64.68
mp-10398,79.36
mp-1553,73.617
mp-1018139,50.118
mp-5154,98.467
mp-4174,57.242
mp-744,61.321
mp-4104,63.957
mp-832,35.725
mp-1979,49.519
mp-195,74.077
mp-2163,41.48
mp-546,61.943
mp-1240,42.662
mp-10931,56.989
mp-2050,35.415
mp-16376,47.964
mp-974063,51.077
mp-464,29.485
mp-1018728,40.426
mp-12899,66.189
mp-12900,67.711
mp-1752,19.987
mp-5150,66.265
mp-571071,101.432
mp-570102,76.705
mp-1072865,15.772
mp-30731,20.177
mp-11971,45.248
mp-977354,91.004
mp-866116,73.942
mp-919,20.766
mp-1018732,22.227
mp-976588,33.704
mp-1540,19.277
mp-1007663,17.83
mp-982388,20.63
mp-982724,14.109
mp-983126,32.116
mp-864624,47.959
mp-3346,39.455
mp-23153,3.174
mp-23261,14.793
mp-27639,1.135
mp-85,11.555
mp-973111,-5.415
mp-22061,9.685
mp-19974,15.587
mp-1025331,6.531
mp-22154,13.931000000000001
mp-23188,-6.373
mp-571172,7.8870000000000005
mp-20731,13.929
mp-19765,12.565
mp-20708,27.627
mp-22323,52.286
mp-22598,57.394
mp-1105681,65.355
mp-22682,27.293
mp-22375,20.656
mp-2874,62.028
mp-504908,60.251
mp-21385,55.446
mp-510437,35.851
mp-1021668,-0.12
mp-23180,8.227
mp-510347,16.474
mp-30343,14.93
mp-20329,31.048
mp-22660,28.665
mp-19833,16.323
mp-20554,14.658
mp-22386,13.697
mp-20305,25.68
mp-1025293,53.252
mp-1025212,59.621
mp-569683,16.267
mp-7027,61.546
mp-23313,13.341
mp-1001833,14.188
mp-22870,7.042
mp-570219,3.834
mp-571555,6.673
mp-862983,3.058
mp-1018053,19.561
mp-20930,33.594
mp-549158,35.461
mp-867308,3.839
mp-639659,60.566
mp-22736,26.014
mp-22811,21.531
mp-8098,74.36
mp-20408,13.508
mp-23202,7.457
mp-20411,51.744
mp-22205,53.983
mp-19876,52.845
mp-20997,40.305
mp-27175,57.034
mp-20351,31.656
mp-966800,32.374
mp-20050,22.314
mp-1025161,53.791
mp-1025213,57.276
mp-20790,11.744
mp-23520,22.207
mp-21215,29.49
mp-22646,35.51
mp-863724,10.065
mp-31337,37.467
mp-1007664,47.548
mp-899,-54.98
mp-19795,15.524000000000001
mp-20012,19.944
mp-20485,8.123
mp-22691,7.042
mp-1025370,66.434
mp-23507,6.001
mp-2597,13.03
mp-20320,12.459
mp-101,208.901
mp-861979,71.569
mp-1184761,239.938
mp-863709,203.512
mp-1184771,198.555
mp-974358,226.427
mp-9888,55.304
mp-30745,194.892
mp-1223677,214.796
mp-27666,6.513
mp-560553,2.833
mp-2723,106.561
mp-1223655,195.756
mp-974421,156.327
mp-1223860,201.523
mp-862620,185.926
mp-1361,54.983
mp-30744,184.951
mp-58,19980.015
mp-10157,1.235
mp-604318,1.596
mp-1184755,1.623
mp-569408,28.456
mp-12079,30.734
mp-4668,24.198
mp-8608,20.635
mp-567657,13.033
mp-35276,24.423
mp-558518,22.279
mp-568747,17.982
mp-4788,80.552
mp-12098,32.9
mp-12414,22.025
mp-541638,19.961
mp-9778,11.106
mp-7643,9.354
mp-9486,13.57
mp-8700,14.542
mp-10408,14.596
mp-3963,12.321
mp-10662,-7.663
mp-6494,21.788
mp-6598,20.176
mp-15684,9.944
mp-571440,7.497
mp-5699,18.902
mp-8446,10.978
mp-10381,8.653
mp-14168,11.68
mp-643257,8.069
mp-643279,9.309
mp-8414,6.037
mp-8415,25.252
mp-9839,25.226
mp-27207,10.672
mp-31212,26.717
mp-23956,17.351
mp-27304,6.094
mp-9069,14.515
mp-6586,27.366
mp-9068,16.531
mp-13797,24.134
mp-6686,20.537
mp-14039,22.615
mp-6058,23.479
mp-13798,18.04
mp-13799,19.851
mp-9672,13.474
mp-971,12.49
mp-2672,16.455
mp-27835,5.247
mp-8262,9.501
mp-569857,9.422
mp-9687,9.22
mp-22756,17.293
mp-504935,19.096
mp-27138,5.644
mp-22956,6.796
mp-23067,6.418
mp-28163,9.85
mp-7979,9.335
mp-540584,17.436
mp-27243,5.618
mp-27691,5.95
mp-22934,6.6690000000000005
mp-23513,6.625
mp-3821,10.53
mp-7928,17.968
mp-8621,14.58
mp-1025158,28.851
mp-23021,5.229
mp-22947,6.545
mp-7824,10.888
mp-867920,47.77
mp-23471,14986.449
mp-1022,9.782
mp-4264,10.521
mp-7667,9.043
mp-4529,16.186
mp-863757,8.023
mp-8426,8.676
mp-23036,5.006
mp-3042,10.152
mp-7502,16.772
mp-8624,15.91
mp-568333,4.995
mp-23499,5.661
mp-31363,4.805
mp-27632,5.731
mp-1747,7.26
mp-8623,10.459
mp-23505,4.976
mp-569149,5.438
mp-8724,14.44
mp-27839,5.72
mp-3970,12.002
mp-4731,21.626
mp-3808,29.379
mp-568914,5.031
mp-9583,20.696
mp-24366,12.739
mp-695998,11.148
mp-8187,9.082
mp-8891,34.028
mp-571594,7.569
mp-23697,-53.67
mp-14018,5.999
mp-9200,11.654
mp-9665,7.368
mp-1029756,12.232
mp-9664,8.013
mp-568516,5.881
mp-28980,7.072
mp-29379,4.756
mp-28166,12.792
mp-982780,2.625
mp-14205,10.21
mp-7439,10.614
mp-28273,13.205
mp-28171,12.762
mp-7897,6.039
mp-557753,19.669
mp-10159,6.582
mp-974627,2.908
mp-974641,0.352
mp-29584,8.037
mp-9872,8.524000000000001
mp-29585,7.057
mp-23392,8.358
mp-28302,7.963
mp-29484,7.232
mp-8753,8.277
mp-768368,7.139
mp-571461,7.556
mp-11719,8.485
mp-863710,18.514
mp-12015,19.499
mp-12532,13.319
mp-9490,10.721
mp-2464440,11.58
mp-7387,10.958
mp-16236,13.172
mp-2910,19.31
mp-5347,14.059
mp-5525,40.349
mp-697670,31.661
mp-10165,10.999
mp-7569,6.563
mp-5309,10.288
mp-27418,18.352
mp-7077,6.053
mp-9881,5.715
mp-29138,8.939
mp-1076,97.556
mp-6812,26.743
mp-6870,34.42
mp-23279,20183.189
mp-982040,65.445
mp-23251,7.473
mp-570891,7.04
mp-22958,10.994
mp-6511,8.426
mp-773137,8.723
mp-6867,29.357
mp-4950,25.296
mp-397,24.319
mp-10175,21.121
mp-1018652,8.899000000000001
mp-23193,9.177
mp-23289,8.644
mp-23022,7.956
mp-556084,8.247
mp-23526,8.709
mp-546633,7.16
mp-1029444,33.031
mp-4026,34.149
mp-27677,18.881
mp-10092,14.519
mp-1023129,17.3
mp-5566,30.35
mp-669347,33.832
mp-7911,14.741
mp-3982,17.182
mp-28270,5.768
mp-7435,21.711
mp-7436,17.875
mp-7959,49.484
mp-463,16.899
mp-3827,9.027
mp-9884,7.483
mp-29374,13.849
mp-1029404,78.625
mp-24084,10.516
mp-24428,10.617
mp-643989,10.788
mp-634431,11.61
mp-23846,13.538
mp-626785,17.006
mp-634676,8.001
mp-30717,4.929
mp-7420,14.645
mp-7483,12.972
mp-754883,47.939
mp-22898,5.635
mp-22901,5.209
mp-23487,14.11
mp-23562,10.494
mp-571263,29.539
mp-569886,20.557
mp-1018031,43.643
mp-19851,9.325
mp-15781,20.828
mp-559612,20.733
mp-6179,20.883
mp-8756,15.306
mp-4495,11.932
mp-551092,29.535
mp-1019089,18.243
mp-1019105,12.079
mp-27865,15.706
mp-3448,43.567
mp-23737,31.061
mp-7089,14.48
mp-21847,10.135
mp-20422,9.709
mp-827,11.746
mp-34857,8.844
mp-5158,8.418
mp-568428,8.573
mp-570786,1.421
mp-863707,10.679
mp-15724,12.629
mp-1007637,13.115
mp-555576,12.267
mp-560767,27.905
mp-549490,85.723
mp-4342,60.647
mp-5246,50.363
mp-7375,30.726
mp-935811,109.553
mp-7938,46.405
mp-7940,37.527
mp-754158,38.368
mp-768864,37.8
mp-1866,9.593
mp-21325,9.297
mp-998913,5.756
mp-23959,16.417
mp-696752,10.626
mp-4608,7.181
mp-24214,10.781
mp-8267,4.41
mp-9061,19.737
mp-4519,36.621
mp-11132,14.025
mp-30533,13.097
mp-14796,11.179
mp-1029347,33.563
mp-13190,15.358
mp-989529,-18.145
mp-9349,13.221
mp-6074,22.332
mp-755480,5.392
mp-973471,119.458
mp-4757,11.252
mp-8013,4.906
mp-6560,8.399000000000001
mp-556609,6.848
mp-10417,16.167
mp-16293,73.035
mp-8188,57.465
mp-15783,25.094
mp-23534,4.925
mp-3486,13.626
mp-974738,4.848
mp-3614,122.495
mp-973267,111.434
mp-7621,10.609
mp-3553,13.392
mp-976271,38.463
mp-882700,13.954
mp-760376,24.293
mp-1018051,33.931
mp-1018072,33.145
mp-866169,5.834
mp-8175,27.414
mp-753774,50.551
mp-4126,67.688
mp-6847,31.84
mp-8409,46.437
mp-755010,18.755
mp-7421,21.894
mp-15687,20.548000000000002
mp-5878,33.286
mp-7437,26.245
mp-7438,17.165
mp-10161,15.515
mp-9318,18.801
mp-40204,7.198
mp-26,16.922
mp-156,14.36
mp-569674,49.656
mp-2967,83.203
mp-5526,76.385
mp-4088,72.994
mp-22760,59.464
mp-37784,34.084
mp-5982,49.769
mp-8250,75.844
mp-3585,99.569
mp-567203,80.697
mp-4954,54.617
mp-867798,8.445
mp-867801,17.588
mp-1184,11.549
mp-755450,60.716
mp-569054,14.097
mp-1189382,37.755
mp-19735,50.382
mp-36480,51.158
mp-1077929,58.378
mp-12533,89.983
mp-20760,15.239
mp-972960,12.239
mp-754808,78.047
mp-1412249,73.976
mp-977187,16.716
mp-3471,65.972
mp-1968,39.07
mp-2292,39.632
mp-560340,49.329
mp-8672,51.1
mp-7475,32.899
mp-759,28.914
mp-866650,83.776
mp-5152,44.933
mp-753156,58.428
mp-973572,17.844
mp-973564,16.18
mp-973957,16.435
mp-973847,25.569
mp-6152,41.096
mp-867847,3.618
mp-29964,85.631
mp-10889,20.182
mp-10600,34.474
mp-4505,43.537
mp-640095,12.416
mp-972908,15.277
mp-972912,16.724
mp-20487,15.802
mp-30207,22.985
mp-754150,44.069
mp-20999,41.796
mp-10611,39.774
mp-491,-2965589.882
mp-10162,26.178
mp-1681,24.189
mp-879,25.245
mp-7159,36.156
mp-31031,50.422
mp-997590,99.276
mp-1948,14.165
mp-867245,11.582
mp-753260,23.117
mp-6625,34.38
mp-12684,34.891
mp-2694,45.077
mp-16766,27.456
mp-959,41.255
mp-30815,56.516
mp-21109,25.994
mp-11511,47.27
mp-2920,101.264
mp-5304,129.69
mp-708,39.976
mp-1002136,14.169
mp-864901,20.513
mp-976113,7.408
mp-6794,59.085
mp-7283,155.057
mp-2680,134.517
mp-3088,62.911
mp-867248,15.364
mp-867908,12.425
mp-768310,15.033
mp-1018136,33.23
mp-27679,4.615
mp-23263,13.286
mp-2367,38.059
mp-776,17.494
mp-12055,26.186
mp-867225,-0.091
mp-862743,-13.323
mp-862262,14.129
mp-22896,16.294
mp-23025,33.92
mp-1731,3.9699999999999998
mp-570460,23.948
mp-20761,33.99
mp-19973,54.869
mp-13005,67.377
mp-2051,20.287
mp-6088,40.612
mp-11790,29.194
mp-4835,45.769
mp-546790,-5.159
mp-982015,22.827
mp-334,39.28
mp-905,39.391
mp-8354,26.885
mp-505332,39.227
mp-21201,48.952
mp-644739,45.523
mp-3336,69.839
mp-21345,39.804
mp-19761,17.74
mp-1018144,27.554
mp-861617,3.22
mp-23194,8.796
mp-27979,3.843
mp-20582,20.995
mp-20729,29.861
mp-21479,36.531
mp-568917,17.957
mp-20491,26.891
mp-867979,11.561
mp-1463,65.07
mp-22220,71.956
mp-1104,21.385
mp-1909,20.642
mp-2306,25.636
mp-867914,-6.574
mp-21509,34.362
mp-3289,-382.116
mp-973256,15.15
mp-862662,28.284
mp-989554,49.111
mp-256,67.25
mp-567290,22.739
mp-973894,27.055
mp-1064719,14.716
mp-2708,28.692
mp-568083,68.222
mp-1018743,51.436
mp-4634,67.343
mp-2317,59.861
mp-23671,30.953
mp-1018048,77.026
mp-12613,31.135
mp-1768,122.559
mp-989564,92.446
mp-2384,44.222
mp-3962,48.615
mp-21432,15.239
mp-862663,19.936
mp-674,45.919
mp-30753,47.043
mp-973887,17.531
mp-1006057,22.228
mp-912,60.396
mp-1832,71.862
mp-1702,42.873
mp-5163,58.779
mp-2019,3.61
mp-2350,40.885
mp-1018751,41.711
mp-5394,42.488
mp-1065,28.091
mp-1018745,30.133
mp-31116,79.013
mp-1860,42.891
mp-7083,45.062
mp-2062,37.317
mp-1025390,55.061
mp-4283,61.786
mp-29726,91.599
mp-28795,59.136
mp-569482,66.041
mp-2914,67.694
mp-972949,26.851
mp-633,23.894
mp-867118,21.755
mp-3998,67.187
mp-4421,28.246
mp-972257,19.382
mp-1560,21.792
mp-1329,26.802
mp-8020,66.054
mp-11488,15.837
mp-2001,17.852
mp-753898,83.776
mp-753581,32.967
mp-989524,55.095
mp-865811,16.211
mp-865859,20.338
mp-8215,19.623
mp-2615,26.359
mp-2424,33.134
mp-51,3.618
mp-135,3.745
mp-10173,7.956
mp-976411,6.849
mp-1018134,4.151
mp-1063005,5.187
mp-941221,10.386
mp-8864,100.91
mp-753848,41.778
mp-25385,-180381.586
mp-7298,37.221
mp-624492,59.397
mp-758594,39.309
mp-758741,66.399
mp-8310,44.076
mp-755570,20.112
mp-975044,68.685
mp-569331,17.812
mp-8132,17.774
mp-7350,42.707
mp-510430,17.785
mp-672287,28.036
mp-30769,24.659
mp-1020011,68.471
mp-567395,13.292
mp-1777,19.528
mp-569849,20.993
mp-865897,19.316
mp-976333,14.653
mp-865879,17.539
mp-865874,9.484
mp-30349,13.522
mp-865987,10.22
mp-16238,20.639
mp-567347,20.768
mp-31168,25.281
mp-30816,29.042
mp-30818,37.313
mp-30820,39.204
mp-4779,40.743
mp-9610,19.417
mp-3054,28.12
mp-556777,40.321
mp-11644,8.546
mp-570466,11.708
mp-865986,26.755
mp-865965,29.73
mp-865964,27.664
mp-865577,12.122
mp-10686,20.058
mp-976114,12.342
mp-11304,11.955
mp-865582,7.9510000000000005
mp-16271,0.834
mp-12580,23.104
mp-8181,65.413
mp-754534,38.795
mp-9912,35.063
mp-865932,33.556
mp-22980,1.69
mp-15686,37.96
mp-752843,15.213
mp-35841,40.226
mp-4711,43.976
mp-12029,47.499
mp-752881,16.474
mp-884085,10.234
mp-15988,33.809
mp-30591,30.448
mp-865067,23.508
mp-22967,16.303
mp-29210,27.31
mp-30381,25.706
mp-31441,41.728
mp-3201,26.29
mp-3726,28.95
mp-2988,35.873
mp-631316,32.36
mp-2935,28.556
mp-1029776,43.636
mp-19896,19.979
mp-644389,29.177
mp-2661453,26.895
mp-755352,66.947
mp-756597,52.736
mp-2724101,45.772
mp-865714,7.09
mp-16341,4.176
mp-865731,13.98
mp-31324,23.649
mp-30344,15.372
mp-30392,16.653
mp-31443,28.256
mp-21029,17.086
mp-21026,18.408
mp-31442,25.237
mp-865737,14.569
mp-866193,26.277
mp-15901,69.73
mp-976843,15.238
mp-976982,-1.706
mp-977207,3.332
mp-977218,7.239
mp-29009,12.262
mp-866194,20.86
mp-973325,25.839
mp-973343,18.917
mp-12128,20.946
mp-30758,14.747
mp-1018009,36.356
mp-865935,21.546
mp-2987,14.225
mp-28250,11.927
mp-2356674,128.338
mp-2492941,32.578
mp-866178,29.333
mp-866181,29.888
mp-866179,28.708
mp-1960,68.452
mp-755894,44.318
mp-841,50.633
mp-1020019,60.241
mp-30403,11.552
mp-728,21.97
mp-866176,23.405
mp-7608,43.646
mp-760483,56.718
mp-861651,20.181
mp-983425,26.433
mp-862930,30.714
mp-862948,24.17
mp-862934,30.085
mp-866196,27.925
mp-22446,21.813
mp-2170,30.516
mp-4630,-50.211
mp-1125,20.471
mp-1153,33.875
mp-4556,21.273
mp-1545896,23.465
mp-30404,21.767
mp-10180,27.178
mp-3158,28.96
mp-2286,26.985
mp-27705,23.382
mp-4117,49.052
mp-5012,51.443
mp-31496,21.387
mp-7924,18.289
mp-30405,21.316
mp-975578,-26.63
mp-1029385,85.985
mp-2530,18.389
mp-760539,61.957
mp-7603,30.935
mp-2931,71.679
mp-36864,87.311
mp-865666,17.026
mp-30406,8.488
mp-865713,22.827
mp-975609,2.173
mp-865863,13.18
mp-975608,17.316
mp-15885,25.019
mp-753195,4.129
mp-861184,2.584
mp-865867,32.362
mp-866192,29.306
mp-865871,4.542
mp-22961,15.897
mp-12411,38.377
mp-1185209,42.979
mp-11490,27.734
mp-754213,58.508
mp-4002,35.314
mp-3216,113.262
mp-4156,55.316
mp-753081,23.563
mp-25317,33.635
mp-545467,32.011
mp-865875,2626291758.897
mp-976408,12.498
mp-977126,7.681
mp-975868,18.203
mp-6097,39.258
mp-16506,32.272
mp-15254,29.604
mp-31096,24.109
mp-13944,99.981
mp-757,30.48
mp-11247,9.25
mp-15999,20.397
mp-16828,39.327
mp-27275,42.251
mp-23222,21.021
mp-976075,7.417
mp-867343,5.553
mp-975904,8.36
mp-753982,5.266
mp-975882,12.521
mp-19970,35.049
mp-861228,19.728
mp-976023,19.231
mp-9568,28.594
mp-3887,87.141
mp-867342,22.258
mp-1646,5.618
mp-976047,15.939
mp-1018764,33.579
mp-867226,16.087
mp-976055,16.433
mp-1029562,58.145
mp-8407,45.426
mp-976139,11.268
mp-976254,4.952
mp-976256,4.316
mp-2251,33.607
mp-2341,44.749
mp-36086,90.318
mp-755309,7.241
mp-736,34.45
mp-28336,11.791
mp-2878,42.146
mp-13725,43.757
mp-985583,11.673
mp-30760,15.278
mp-11489,15.968
mp-1018770,27.09
mp-867227,15.779
mp-2074,25.62
mp-7955,24.195
mp-752426,25.974
mp-760415,13.461
mp-850275,5.909
mp-542435,60.664
mp-1018780,28.031
mp-35417,91.621
mp-7396,14.643
mp-551675,64.714
mp-760375,5.774
mp-1029592,44.751
mp-976412,5.487999999999999
mp-976414,63.284
mp-1201205,12.493
mp-759877,15.96
mp-29149,28.342
mp-755298,37.488
mp-11737,53.188
mp-685194,60.558
mp-9172,43.617
mp-861182,14.592
mp-7714,52.804
mp-7080,46.935
mp-15960,54.227
mp-865604,9.799
mp-981935,8.46
mp-29151,26.953
mp-770649,64.543
mp-1029448,38.982
mp-3838,46.271
mp-29364,64.692
mp-767409,29.197
mp-768197,24.406
mp-685991,27.044
mp-30766,21.604
mp-755013,68.963
mp-12283,16.195
mp-1029498,72.584
mp-867701,11.558
mp-1029739,69.192
mp-1029726,58.897
mp-756490,26.741
mp-8804,67.066
mp-1029826,64.411
mp-985591,-11.852
mp-985592,-20.486
mp-950995,13.335
mp-767525,12.923
mp-3503,68.603
mp-2468835,91.595
mp-5515,-142028.877
mp-14827,63.726
mp-1029522,62.895
mp-27930,28.995
mp-30767,22.949
mp-30768,23.766
mp-14753,64.79
mp-4604,71.832
mp-28549,56.475
mp-755225,55.213
mp-568404,23.614
mp-2362521,29.535
mp-862613,19.764
mp-862667,20.637
mp-861876,22.936
mp-864755,-4.408
mp-862549,6.17
mp-2426,18.419
mp-1018026,14.296
mp-753326,17.197
mp-9472,17.417
mp-974642,8.871
mp-2927,23.975
mp-862716,24.289
mp-27227,19.457
mp-752927,14.637
mp-758302,112.431
mp-758604,1.6960000000000002
mp-996988,6.182
mp-996992,27.457
mp-1067,32.432
mp-6442,44.628
mp-6340,77.257
mp-11512,52.607
mp-862318,69.544
mp-982667,67.515
mp-30817,56.274
mp-30819,59.706
mp-30821,55.198
mp-982666,61.853
mp-10890,40.501
mp-975906,39.623
mp-530399,120.442
mp-11947,32.565
mp-862717,36.27
mp-8204,188.166
mp-867272,53.421
mp-5920,50.642
mp-976291,16.29
mp-867812,4.832
mp-3427,52.968
mp-8001,96.813
mp-867820,-37.156
mp-862296,104.435
mp-862297,66.739
mp-3161,55.349
mp-6326,45.755
mp-4586,13.523
mp-556562,9.562
mp-862321,35.687
mp-862335,59.369
mp-11248,10.927
mp-975909,31.714
mp-29520,3.8
mp-996961,17.227
mp-1001835,45.849
mp-1205309,32.433
mp-23662,27.904
mp-3660,47.464
mp-569450,184.076
mp-9244,133.263
mp-12403,7.539
mp-30209,7.936
mp-2659898,10.774000000000001
mp-3348,69.518
mp-3635,31.277
mp-862377,64.707
mp-9562,35.547
mp-982974,34.74
mp-1018783,802.383
mp-29463,65.035
mp-862312,56.945
mp-862316,79.648
mp-9575,47.692
mp-28567,26.886
mp-861905,15.71
mp-33526,32.521
mp-753506,36.004
mp-23259,16.321
mp-976280,8.428
mp-1378,30.156
mp-1021323,106.231
mp-1232339,101.322
mp-1001581,115.671
mp-862632,20.041
mp-867803,11.67
mp-867805,20.928
mp-867210,12.698
mp-867211,18.813
mp-867222,26.111
mp-975368,9.154
mp-867167,14.441
mp-976272,-6.125
mp-6134,37.152
mp-961684,17.972
mp-31468,40.787
mp-20998,24.614
mp-13916,36.127
mp-2479693,26.704
mp-632402,14.907
mp-1437,11.921
mp-867160,16.546
mp-867196,22.13
mp-867206,23.689
mp-973940,5.772
mp-867872,8.994
mp-1018135,29.67
mp-867877,-11.833
mp-867924,30.879
mp-24149,67.366
mp-20754,27.191
mp-22905,20.781
mp-30301,18.037
mp-13914,97.165
mp-867293,117.437
mp-20698,30.049
mp-753946,47.947
mp-757100,19.302
mp-2468815,31.703
mp-4226,40.013
mp-567097,36.738
mp-22716,32.433
mp-7473,55.803
mp-569834,44.076
mp-862658,43.619
mp-753098,24.837
mp-758052,4.969
mp-753257,19.272
mp-753541,12.424
mp-5127,32.616
mp-755646,17.231
mp-9158,41.021
mp-25372,59.679
mp-773044,22.461
mp-996987,43.139
mp-862657,37.593
mp-753371,8.094
mp-753508,15.988
mp-753605,16.527
mp-774712,17.871
mp-853967,15.398
mp-2468774,30.22
mp-2724538,20.946
mp-753722,16.147
mp-766486,21.639
mp-861913,31.25
mp-862588,31.932
mp-15789,27.451
mp-33667,36.047
mp-15795,24.176
mp-35717,30.614
mp-976793,36.081
mp-976744,28.817
mp-13474,47.51
mp-862619,20.144
mp-15791,28.514
mp-35591,37.776
mp-862492,21.383
mp-541365,49.922
mp-1138,50.018
mp-21471,39.305
mp-20049,51.439
mp-973979,34.793
mp-862290,65.499
mp-1307,20.189
mp-6241,60.422
mp-6745,60.904
mp-5419,40.935
mp-867223,42.228
mp-5159,20.021
mp-20363,34.754
mp-4913,33.902
mp-20567,46.408
mp-863257,19.567
mp-865963,27.563
mp-861900,26.976
mp-861901,36.374
mp-867197,-16.545
mp-8002,71.709
mp-867198,-39.18
mp-867170,153.628
mp-862730,59.775
mp-11582,17.624
mp-11390,46.327
mp-5048,13.673
mp-9918,21.135
mp-1020059,86.576
mp-861881,17.072
mp-8873,60.304
mp-861882,107.147
mp-29633,37.662
mp-13322,90.626
mp-23703,42.538
mp-23702,21.892
mp-23797,13.733
mp-23906,10.563
mp-23856,10.119
mp-1018133,38.705
mp-644271,7.822
mp-644419,6.659
mp-976598,57.973
mp-862684,59.172
mp-861875,44.212
mp-976600,38.137
mp-862610,62.733
mp-867119,19.867
mp-867834,23.595
mp-867148,55.025
mp-2012,13.906
mp-861896,11.597
mp-973824,18.474
mp-862737,22.7
mp-973841,33.455
mp-867145,34.678
mp-867267,31.91
mp-15820,48.427
mp-15796,24.071
mp-33322,31.404
mp-862677,19.632
mp-22899,12.473
mp-568273,10.762
mp-570935,6.203
mp-22460,7.674
mp-973966,21.039
mp-31208,40.176
mp-20801,18.833
mp-20265,28.966
mp-13396,37.101
mp-672340,41.998
mp-567787,20.019
mp-867287,20.793
mp-16343,33.386
mp-867926,-2.593
mp-862774,129.985
mp-862775,36.12
mp-20310,13.618
mp-568466,19.365
mp-20782,11.157
mp-279,68.118
mp-30738,112.944
mp-973874,21.112
mp-24148,72.439
mp-861624,9.091
mp-6521,53.816
mp-973058,35.495
mp-976596,37.55
mp-976426,16.026
mp-754537,46.12
mp-754605,69.919
mp-977374,0.971
mp-861652,41.098
mp-976262,18.66
mp-2362485,12.984
mp-865939,19.141
mp-973374,13.561
mp-973455,23.398
mp-864598,22.76
mp-30648,26.698
mp-864630,22.643
mp-977380,25.898
mp-864614,34.393
mp-864601,29.172
mp-30759,13.48
mp-864762,26.795
mp-12558,36.802
mp-977418,18.185
mp-570213,21.657
mp-23736,28.674
mp-30156,79.534
mp-37906,82.964
mp-36111,43.198
mp-977399,40.498
mp-7554,16.802
mp-7555,33.072
mp-11806,37.269
mp-864597,13.128
mp-861629,43.455
mp-861658,50.068
mp-2659,18.796
mp-8180,22.996
mp-977563,85.649
mp-1029903,59.002
mp-3924,100.566
mp-3731,49.129
mp-552588,76.732
mp-864631,56.338
mp-7936,57.167
mp-865578,24.558
mp-24150,86.992
mp-865808,-10122524553.472
mp-977391,30.528
mp-15821,38.814
mp-861660,9.543
mp-36791,29.894
mp-16349,46.128
mp-13915,29.525
mp-754516,32.248
mp-2365577,34.235
mp-9588,26.861
mp-3524,100.508
mp-865029,9.708
mp-2743,24.82
mp-2744,34.789
mp-30763,9.173
mp-861936,37.805
mp-861930,11.699
mp-861947,25.461
mp-861955,26.487
mp-861956,28.359
mp-862841,31.331
mp-862842,20.936
mp-863673,22.513
mp-863675,24.444
mp-863697,30.263
mp-862926,67.79
mp-862927,11.196
mp-862928,15.462
mp-977570,28.583
mp-861661,22.364
mp-8481,37.085
mp-865738,9.986
mp-11807,51.982
mp-30764,64.55
mp-861931,85.615
mp-30765,77.09
mp-600561,41.679
mp-861663,52.058
mp-14115,43.813
mp-14476,39.318
mp-861666,82.095
mp-1029251,58.104
mp-12564,8.279
mp-861736,33.967
mp-861667,13.887
mp-756784,35.827
mp-6099,59.882
mp-6553,64.604
mp-864772,36.814
mp-861616,38.644
mp-862887,40.992
mp-865444,37.52
mp-865793,30.034
mp-865795,34.245
mp-865936,32.676
mp-552663,46.083
mp-862815,15.743
mp-559598,31.055
mp-863659,15.302
mp-28835,10.994
mp-5840,81.291
mp-865184,-47.071
mp-865228,61.788
mp-1001786,32.783
mp-6224,64.49
mp-865231,22.125
mp-795,36.261
mp-5853,121.468
mp-8874,73.016
mp-865933,127.917
mp-10181,65.605
mp-864997,50.183
mp-867902,102.23
mp-866146,30.036
mp-866150,31.695
mp-865708,25.565
mp-865812,10.941
mp-34477,32.154
mp-35388,27.524
mp-865116,15.962
mp-13444,17.536
mp-569073,19.881
mp-1029294,48.959
mp-31301,20.244
mp-21894,46.562
mp-16648,40.822
mp-21297,45.755
mp-11977,14.507
mp-865710,-6.937
mp-7243,25.46
mp-864784,67.926
mp-1001783,26.474
mp-977561,100.908
mp-3666,72.113
mp-861951,67.999
mp-861954,66.077
mp-867285,33.159
mp-864804,4.747
mp-15793,23.333
mp-38695,29.91
mp-977542,17.115
mp-862870,79.846
mp-861733,19.117
mp-865940,9.884
mp-1029424,71.603
mp-5670,-2893.555
mp-867744,81.153
mp-864930,77.224
mp-25417,77.858
mp-38280,122.647
mp-755000,57.795
mp-764648,93.619
mp-6668,58.853
mp-977440,47.643
mp-863727,60.474
mp-9615,48.553
mp-1001784,39.777
mp-10189,27.015
mp-934,-2.521
mp-989512,10.42
mp-989551,13.628
mp-973191,7.189
mp-12716,36.325
mp-867873,35.568
mp-976260,35.495
mp-861933,15.603
mp-861665,18.108
mp-777047,40.168
mp-867364,-4.548
mp-867313,37.47
mp-976259,38.993
mp-1029338,66.596
mp-867927,108.216
mp-1029932,46.341
mp-867829,80.647
mp-7543,189.536
mp-754542,32.603
mp-862555,33.33
mp-867235,32.546
mp-862719,34.286
mp-867121,30.073
mp-862672,38528967319.515
mp-862673,29.28
mp-867822,-9004.23
mp-3700,31.762
mp-14209,46.996
mp-867810,12.474
mp-15788,27.464
mp-33363,36.134
mp-755552,43.12
mp-37879,30.214
mp-14208,48.636
mp-867807,16.305
mp-864771,15.65
mp-864763,20.811
mp-864769,16.634
mp-21242,25.544
mp-1934,22.505
mp-867255,20.303
mp-867253,40.679
mp-867252,35.747
mp-867250,26.455
mp-867251,31.667
mp-865912,37.415
mp-865907,2.197
mp-861625,15.67
mp-9124,40.964
mp-861932,0.923
mp-569788,35.794
mp-7575,83.729
mp-754344,45.232
mp-760408,49.385
mp-10182,51.137
mp-11175,15.461
mp-867258,50.885
mp-9919,25.849
mp-976330,40.126
mp-865870,47.3
mp-865872,37.587
mp-865893,26.476
mp-865924,5.343
mp-865925,53.838
mp-755253,100.522
mp-865866,27.199
mp-865868,45.895
mp-973571,28.755
mp-571552,66.56
mp-5346,74.808
mp-12061,76.06
mp-3400,96.788
mp-13399,44.0
mp-12100,67.54
mp-12101,83.799
mp-3507,48.004
mp-3108,83.91
mp-10453,75.506
mp-1025335,62.927
mp-8771,141.073
mp-865446,29.755
mp-973442,35.918
mp-865459,39.928
mp-973538,40.238
mp-973956,28.195
mp-866211,20.582
mp-865325,56.419
mp-865847,42.41
mp-4214,73.037
mp-981393,32.929
mp-1250,31.582
mp-865505,32.13
mp-973734,24.399
mp-865321,66.037
mp-973771,25.804
mp-865240,32.495
mp-865329,27.045
mp-973756,89.256
mp-31136,38.649
mp-1427,73.089
mp-13068,47.365
mp-865320,46.14
mp-2826,26.429
mp-866131,29.72
mp-866133,21.558
mp-973893,21.382
mp-973653,32.871
mp-865406,38.614
mp-973636,40.108
mp-973646,32.936
mp-973266,33.866
mp-1017627,75.583
mp-11733,72.27
mp-568631,53.078
mp-15178,76.958
mp-542170,66.176
mp-11755,37.541
mp-11752,35.549
mp-11584,35.782
mp-1018025,32.479
mp-12505,39.843
mp-1234,113731.953
mp-8631,153.632
mp-973540,150.52
mp-1025105,58.396
mp-567229,65.957
mp-7644,63.025
mp-11249,19.139
mp-1025526,35.878
mp-1104289,195.974
mp-1024990,120.981
mp-2880,125.147
mp-5578,105.804
mp-571495,127.875
mp-3717,90.644
mp-866214,2.266
mp-865796,53.675
mp-865324,2.7
mp-2206,52.371
mp-865797,69.17
mp-1210846,174.986
mp-16753,45.561
mp-8125,65.529
mp-13200,54.432
mp-2463,46.961
mp-1025552,57.495
mp-495,43.84
mp-1025155,50.001
mp-865806,31.195
mp-755342,80.173
mp-865607,18.845
mp-865609,60.379
mp-9351,42.974
mp-865846,74.76
mp-865521,2.379
mp-977,25.507
mp-4972,42.279
mp-569848,53.401
mp-865884,43.403
mp-1529,70.328
mp-1761,800469189874.404
mp-973684,18.141
mp-19967,55.573
mp-1102,146.135
mp-865255,79.038
mp-2130,50.812
mp-11492,40.276
mp-30457,50.28
mp-13074,47.251
mp-20185,62.894
mp-567590,75.807
mp-10192,65.526
mp-9853,46.754
mp-865608,-1.2690000000000001
mp-865801,-18.716
mp-2205,40.255
mp-1158,51.613
mp-790,79.492
mp-377,52.59
mp-865443,168.188
mp-10699,85.576
mp-568630,48.129
mp-656,42.384
mp-27246,5.042
mp-516,36.872
mp-10194,50.093
mp-866138,88.091
mp-973432,46.272
mp-1001612,67.15
mp-973633,63.787
mp-22440,84.508
mp-22801,70.8
mp-13302,40.523
mp-865378,236.351
mp-865379,71.105
mp-5489,58.177
mp-12862,73.874
mp-866127,102.576
mp-866125,87.342
mp-973750,19.562
mp-973556,34.157
mp-1017508,18.299
mp-11496,40.231
mp-865563,18.066
mp-865566,56.941
mp-865434,72.197
mp-110,9.504
mp-153,24.389
mp-973364,24.167
mp-531611,174.61
mp-9514,91.296
mp-23709,7.326
mp-16755,14.885
mp-9479,10.156
mp-3833,32.953
mp-16043,53.11
mp-568803,213.484
mp-3582,104.546
mp-1079629,118.054
mp-1190680,4.908
mp-865185,45.528
mp-11917,166.544
mp-10924,97.656
mp-1047145,26.547
mp-4590,75.837
mp-30247,40.488
mp-35777,12.398
mp-10440,51.875
mp-8208,69.992
mp-1541458,11.846
mp-27219,20.282
mp-13570,43.42
mp-1001019,20.211
mp-12766,22.218
mp-16860,27.013
mp-2151,19.098
mp-864978,33.934
mp-864976,31.582
mp-864932,30.478
mp-864933,20.608
mp-29624,10.996
mp-6174,50.367
mp-30178,58.206
mp-5618,48.223
mp-568556,195.607
mp-1029520,51.678
mp-2481,30.526
mp-1052023,25.405
mp-10746,54.613
mp-23804,61.863
mp-30650,25.13
mp-27668,24.366
mp-408,42.782
mp-30244,34.799
mp-643002,56.035
mp-697030,53.259
mp-30719,15.581
mp-31326,347.437
mp-1402707,62.484
mp-7589,73.225
mp-1029408,50.692
mp-2137,33.4
mp-8969,69.791
mp-697331,36.277
mp-5427,61.45
mp-3933,87.587
mp-20724,21.217
mp-18316,27.547
mp-864972,26.291
mp-864975,6.267
mp-864969,58.013
mp-13208,36.113
mp-864940,58.45
mp-12693,43.121
mp-864965,-81.634
mp-1029378,58.969
mp-1367,46.085
mp-15779,74.315
mp-2895,74.609
mp-5391,102.589
mp-5639,116.187
mp-14793,57.571
mp-2343,28.207
mp-1029442,53.646
mp-757031,71.912
mp-567244,17.201
mp-978256,4.9350000000000005
mp-1029368,54.099
mp-30784,39.903
mp-978265,25.948
mp-978267,29.257
mp-684031,51.059
mp-864952,33.169
mp-978271,-0.105
mp-6073,84.574
mp-1990,27.37
mp-7891,24.175
mp-1557,34.45
mp-17783,34.638
mp-23087,94.309
mp-1039073,12.544
mp-1039075,4.819
mp-569018,14.436
mp-30490,19.676
mp-978273,13.932
mp-1039055,13.855
mp-1039293,12.876
mp-2479851,22.319
mp-978280,19.659
mp-978281,12.543
mp-30245,34.467
mp-731,17.515
mp-569103,6.856
mp-978282,13.677
mp-569125,9.347
mp-978283,20.553
mp-30739,27.796
mp-568419,31.014
mp-1559,77.845
mp-7604,81.341
mp-978293,18.965
mp-18712,25.948
mp-18707,23.933
mp-569265,27.622
mp-542429,26.555
mp-625,52.226
mp-2646,17.743
mp-864937,24.542
mp-23764,35.137
mp-696497,30.348
mp-978294,20.038
mp-864938,13.139
mp-753315,99.01
mp-30242,69.588
mp-17481,76.439
mp-1039434,17.452
mp-11465,19.557
mp-2406,43.682
mp-30778,68.756
mp-644281,30.422
mp-542854,38.545
mp-2696,36.044
mp-30351,17.218
mp-864934,19.291
mp-998418,60.572
mp-1008903,16.306
mp-1038934,-16.528
mp-1039019,7.203
mp-3034,48.745
mp-3536,98.235
mp-1038916,27.355
mp-1039119,-3.025
mp-865919,21.024
mp-865921,106.717
mp-865152,40.012
mp-865155,85.611
mp-4499,39.357
mp-7623,25.406
mp-865146,70.948
mp-437,25.035
mp-30408,29.873
mp-864935,21.208
mp-763,114.34
mp-365,113.996
mp-978275,183.073
mp-30091,152.913
mp-855,104.389
mp-1039305,-1888.877
mp-1383723,16.557
mp-30034,2.537
mp-9166,31.757
mp-5348,56.315
mp-11307,21.298
mp-978274,13.131
mp-1038767,20.186
mp-1038814,10.818
mp-1038972,14.201
mp-1039124,12.967
mp-972954,4.888
mp-30491,-5.096
mp-30727,25.347
mp-865150,21.743
mp-23210,6.263
mp-570259,6.587
mp-570922,3.946
mp-864931,52.91
mp-2672345,43.487
mp-1038,42.44
mp-27226,54.6
mp-3676,58.121
mp-4083,31.327
mp-30449,29.042
mp-997031,63.634
mp-1023125,71.609
mp-7352,48.485
mp-3522,36.515
mp-11361,38.37
mp-1249,51.311
mp-1746,56.418
mp-865187,73.504
mp-30651,17.471
mp-865183,15.528
mp-865186,96.083
mp-865092,40.522
mp-865123,31.091
mp-865125,80.766
mp-1016200,25.811
mp-865160,79.79
mp-7798,84.791
mp-3759,81.692
mp-4819,65.203
mp-34903,32.097
mp-865162,58.759
mp-23710,36.195
mp-23711,33.062
mp-23712,25.012
mp-1198750,11.1
mp-1408,19.452
mp-11464,14.936
mp-972892,19.34
mp-23205,4.314
mp-2313,14.062
mp-20566,0.611
mp-973088,19.238
mp-30587,31.24
mp-865044,79.164
mp-19929,41.076
mp-865043,28.094
mp-977438,68.715
mp-11883,57.181
mp-20354,49.889
mp-976406,1649.05
mp-977463,56.653
mp-864954,183.147
mp-2665147,44.811
mp-977555,-12.875
mp-977430,81.355
mp-1010953,22.136
mp-1018140,39.279
mp-2675,194.497
mp-30773,41.733
mp-30774,51.674
mp-571428,87.084
mp-10700,55.797
mp-29733,35.796
mp-1008881,50.585
mp-1017509,54.062
mp-1017629,26.812
mp-15778,46.001
mp-1265,118.82
mp-2589,86.082
mp-384,37.098
mp-1025261,57.259
mp-15780,75.061
mp-30943,6.5120000000000005
mp-19734,19.324
mp-506,8.07
mp-12741,37.951
mp-7753,41.213
mp-12742,40.626
mp-976976,37.371
mp-977059,44.646
mp-977113,-5.241
mp-7921,22.643
mp-12651,-31.924
mp-30777,78.069
mp-1172,59.938
mp-977571,-19.141
mp-865611,85.898
mp-977273,87.191
mp-9927,21.445
mp-1315,51.763
mp-13032,19.977
mp-7572,48.378
mp-10183,29.553
mp-10184,35.31
mp-1174,28.271
mp-864941,25.681
mp-977580,43.212
mp-866077,33.262
mp-866081,25.439
mp-866082,22.204
mp-866080,23.613
mp-977554,28.927
mp-977566,30.299
mp-866069,60.221
mp-10760,41.4
mp-13031,16.372
mp-1018040,16.917
mp-12630,39.538
mp-1016197,28.695
mp-866086,97.486
mp-3677,105.134
mp-15701,99.161
mp-3470,67.421
mp-4321,71.846
mp-603930,63.039
mp-2961,34.75
mp-866087,75.943
mp-20202,49.19
mp-5549,28.043
mp-864906,529.42
mp-1029791,61.364
mp-1009083,27.179
mp-864883,33.55
mp-866073,26.257
mp-39105,202.375
mp-866075,183.204
mp-36800,173.986
mp-866071,100.834
mp-866072,-32.898
mp-864903,91.46
mp-1039,12.887
mp-13033,12.698
mp-1008786,30.655
mp-21309,61.486
mp-2604,22.167
mp-27872,-256.127
mp-28232,72.047
mp-864908,107.865
mp-1029702,77.978
mp-3771,74.471
mp-864919,76.667
mp-11498,4.18
mp-864902,56.136
mp-583266,16.418
mp-978268,4.313
mp-2415538,21.384
mp-1124,43.383
mp-978269,-6661.016
mp-580931,11.369
mp-11236,24.529
mp-864922,25.037
mp-864923,-11.996
mp-977547,62.854
mp-978270,37.943
mp-864920,36.177
mp-864921,83.49
mp-1029536,69.353
mp-864907,41.79
mp-864910,63.086
mp-542909,81.197
mp-1025315,15.38
mp-19789,188.623
mp-15974,34.024
mp-1025180,29.443
mp-34328,-23.104
mp-20025,22.73
mp-20261,19.199
mp-3669,20.553
mp-758104,56.025
mp-7892,155.272
mp-13079,102.599
mp-864988,102.349
mp-864989,128.084
mp-10895,96.779
mp-864990,126.511
mp-610522,1328.535
mp-30410,32.116
mp-20318,168.637
mp-22289,66.995
mp-13082,98.352
mp-864955,93.542
mp-20473,39.98
mp-9981,98.928
mp-12659,77.447
mp-865011,100.021
mp-1849,101.56
mp-865032,77.815
mp-20664,29.216
mp-999558,89.79
mp-999576,121.126
mp-5056,26.202
mp-21139,29.863
mp-21235,81.286
mp-865554,110.157
mp-865026,131.761
mp-973149,91.053
mp-15819,64.797
mp-4593,130.58
mp-2668,44.278
mp-10118,170.637
mp-999550,54.829
mp-627439,132.732
mp-865027,84.368
mp-864735,155.689
mp-12857,71.803
mp-7070,75.462
mp-20211,100.274
mp-20860,120.102
mp-2930,65.249
mp-2856,86.605
mp-22749,-296.987
mp-1111,101.503
mp-18468,116.345
mp-22290,21789.623
mp-771,80.027
mp-12067,-70.762
mp-173,69.344
mp-5491,15.261
mp-3623,102.715
mp-3574,47.176
mp-31185,131.417
mp-20757,63.4
mp-864950,102.886
mp-4922,52.165
mp-10891,43.389
mp-10892,43.816
mp-10893,-25.764
mp-10894,94.704
mp-864980,130.613
mp-610,55.488
mp-22240,78.122
mp-12559,8.795
mp-567856,53.657
mp-10049,65.328
mp-12674,35.386
mp-11252,28.325
mp-12565,30.71
mp-585,171.71
mp-1010,239.35
mp-1078253,242.51
mp-1106184,239.029
mp-11270,194.459
mp-978261,95.017
mp-864943,108.004
mp-864944,27.168
mp-864945,98.352
mp-28306,6.232
mp-12335,33.227
mp-28233,4.202
mp-1009133,103.431
mp-19850,93.978
mp-5396,76.297
mp-4492,111.468
mp-20840,81.836
mp-20565,63.031
mp-21286,63.269
mp-20249,108.089
mp-5318,56.542
mp-1018803,36.492
mp-19809,85.796
mp-1008874,49.122
mp-20474,27.746
mp-22221,30.817
mp-19722,23.957
mp-22400,19.337
mp-864946,48.766
mp-1009134,143.204
mp-1018071,17.647
mp-5529,23.421
mp-999542,93.423
mp-4238,74.317
mp-505803,40.972
mp-1018024,88.054
mp-21171,85.891
mp-20228,37.296
mp-601285,62.601
mp-569151,38.589
mp-864948,-48.971
mp-864949,86.0
mp-1078464,76.408
mp-610972,98.723
mp-505781,22.932
mp-4664,15.755
mp-864936,109.437
mp-28013,4.455
mp-22673,24.622
mp-22731,89.09
mp-31328,-2.536
mp-864968,66.691
mp-2728,186.427
mp-865022,136.361
mp-6933,132.223
mp-1009130,47.747
mp-9951,81.575
mp-20335,277.419
mp-864992,89.826
mp-7829,100.31
mp-11500,38.385
mp-22029,29.281
mp-5124,18.952
mp-20440,41.266
mp-20007,60.689
mp-21090,56.472
mp-975423,86.583
mp-600124,50.092
mp-2662,127.428
mp-487,114.123
mp-569522,115.49
mp-571193,116.03
mp-755453,97.194
mp-769096,89.323
mp-238,42.263
mp-1902,-50.153
mp-31138,53.987
mp-1670,69.08
mp-417,85.073
mp-4652,28.127
mp-1783,15.494
mp-2065,34.361
mp-2562,16.136
mp-1018804,110.749
mp-1422029,3.564
mp-786,41.61
mp-10154,42.613
mp-3499,13.5
mp-5676,29.228
mp-4846,31.097
mp-864957,93.704
mp-972,33.162
mp-2293,13.311
mp-10204,26.089
mp-604910,13.087
mp-999540,13.695
mp-21321,30.223
mp-1431,142.935
mp-21851,77.404
mp-20949,86.459
mp-999508,22.904
mp-22565,70.41
mp-865015,21.435
mp-864966,124.181
mp-864970,102.98
mp-20086,50.437
mp-22027,21.172
mp-20481,28.853
mp-21418,15.121
mp-4990,39.345
mp-864971,80.201
mp-404,23.548000000000002
mp-1406,29.189
mp-1009222,10.861
mp-21893,24.456
mp-30528,12.796
mp-570290,15.324
mp-316,120.425
mp-864953,93.042
mp-865462,115.151
mp-864984,50.037
mp-864983,98.864
mp-11503,-31.463
mp-11504,48.083
mp-864985,78.633
mp-864987,55.119
mp-129,117.048
mp-1025575,11.068
mp-1552,151.829
mp-1221519,222.816
mp-27953,182.174
mp-1627,62.627
mp-1027890,8.256
mp-1120,107.926
mp-801,122.068
mp-1232,83.581
mp-2164,45.381
mp-1743,85.16
mp-23312,2.4939999999999998
mp-2305,241.645
mp-22853,8.227
mp-11481,182.715
mp-11482,189.314
mp-2811,196.526
mp-13036,164.499
mp-1065394,216.621
mp-1078389,217.459
mp-219,133.065
mp-11508,96.673
mp-999502,137.971
mp-952,138.285
mp-12595,132.684
mp-30787,132.343
mp-975834,165.564
mp-1434,16.102
mp-2815,18.973
mp-1018809,17.899
mp-1023924,8.675
mp-1023939,10.803
mp-1025874,11.985
mp-554769,31.655
mp-1634,12.625
mp-7581,14.459
mp-1023934,6.3629999999999995
mp-1025799,9.713
mp-1221393,255.342
mp-25,0.309
mp-568584,10.918
mp-570747,0.866
mp-672233,-0.054
mp-2789,3.922
mp-127,2.099
mp-10172,4.588
mp-974558,2.856
mp-982370,3.678
mp-978278,6.038
mp-758835,79.085
mp-29069,22.313
mp-676586,17.426
mp-541895,20.662
mp-554041,33.783
mp-556125,18.023
mp-541989,19.095
mp-3070,4.636
mp-20495,200.977
mp-28810,7.334
mp-973056,7.485
mp-20389,10.909
mp-2831941,9.886
mp-15685,18.43
mp-755974,24.372
mp-7639,20.74
mp-5784,28.066
mp-23954,18.246
mp-643260,11.385
mp-697096,12.865
mp-690785,15.848
mp-865500,37.565
mp-1029309,21.646
mp-4961,23.423
mp-9719,27.656
mp-989504,30.306
mp-6319,40.586
mp-865625,18.808
mp-2352,30.58
mp-1974948,23.696
mp-2340,29.996
mp-27562,34.888
mp-4823,22.117
mp-4366,25.524
mp-22313,27.803
mp-648,19.193
mp-3143,23.265
mp-4770,21.97
mp-1266,15.694
mp-5141,21.775
mp-15113,67.825
mp-4533,35.839
mp-761872,23.861
mp-2784,11.389
mp-4829,26.423
mp-1025360,26.878
mp-6328,29.889
mp-3488,43.32
mp-850251,20.715
mp-6228,43.09
mp-864898,16.745
mp-866132,18.578
mp-23546,1.937
mp-7725,33.502
mp-546142,24.83
mp-13520,15.794
mp-1024067,14.149
mp-6391,34.457
mp-556536,19.957
mp-1029316,24.691
mp-990440,50.952
mp-7219,21.712
mp-6824,1.2610000000000001
mp-754483,21.098
mp-27321,18.701
mp-21199,3228.528
mp-3527,27.831
mp-8543,12.749
mp-3416,28.155
mp-676512,23.772
mp-5122,15.648
mp-1136,13.902
mp-8860,11.722
mp-1186018,6.198
mp-28630,24.856
mp-27838,10.693
mp-977189,9.212
mp-985586,21.887
mp-977062,2.301
mp-983509,6.122
mp-754352,26.427
mp-779545,16.37
mp-23780,19.094
mp-34579,16.325
mp-864765,17.57
mp-29551,5.4
mp-864758,5.917
mp-982637,4.612
mp-1029595,20.467
mp-1598,14.892
mp-558432,14.486
mp-473,6.665
mp-11738,12.971
mp-28782,10.928
mp-985584,6.232
mp-542136,22.051
mp-27478,19.864
mp-7956,12.543
mp-10167,4.399
mp-8703,5.501
mp-29417,6.566
mp-864742,5.7219999999999995
mp-977403,5.181
mp-982773,4.995
mp-982873,3.209
mp-675104,8.16
mp-864745,16.564
mp-542090,28.081
mp-23145,31.02
mp-8752,12.6
mp-28591,12.461
mp-22937,11.964
mp-28698,21.927
mp-27579,24.379
mp-760492,30.888
mp-5327,31.019
mp-6150,47.588
mp-760400,38.102
mp-29308,14.373
mp-11147,18.576
mp-1029574,14.17
mp-20067,37.641
mp-8253,37.483
mp-5929,16.822
mp-5055,13.834
mp-1029542,37.513
mp-778364,25.335
mp-1029656,38.074
mp-8389,14.354
mp-568866,9.403
mp-3138,8.832
mp-28017,43.59
mp-864806,69473798140.241
mp-865090,12.636
mp-30352,20.815
mp-973174,21.232
mp-754326,26.511
mp-3405,69.533
mp-7400,17.053
mp-23704,13.109
mp-7748,87.199
mp-10166,4.292
mp-27335,19.975
mp-10163,-443.088
mp-1052,26.679
mp-20343,13.28
mp-3521,12.385
mp-38725,11.009
mp-976181,11.449
mp-3889,20.982
mp-28614,34.515
mp-9573,33.067
mp-9574,23.924
mp-22924,12.854
mp-972941,11.214
mp-23054,23.569
mp-675531,21.644
mp-22916,11.281
mp-23339,16.231
mp-546500,12.586
mp-6633,8.919
mp-976261,15.823
mp-865051,14.702
mp-961685,21.704
mp-865082,20.408
mp-976236,11.459
mp-976289,7.419
mp-865076,22.098
mp-865077,-3.797
mp-973166,10.71
mp-976220,8.211
mp-754567,28.076
mp-13459,13.704
mp-755581,36.388
mp-22862,14.298
mp-2720358,14.452
mp-38103,11.502
mp-1029407,88.233
mp-5693,34.579
mp-754631,36.587
mp-2408760,19.434
mp-2725306,20.876
mp-7469,22.586
mp-4541,31.25
mp-754718,20.992
mp-997041,22.051
mp-7433,20.221
mp-7434,15.202
mp-999490,27.774
mp-3613,28.121
mp-865117,23.846
mp-682,30.163
mp-22152,33.541
mp-6822,16.845
mp-454,22.906
mp-23918,8.089
mp-14433,77.934
mp-23870,19.487
mp-23850,10.054
mp-643273,34.066
mp-721314,14.764
mp-540554,11.199
mp-23684,12.017
mp-27837,10.903
mp-23891,24.155
mp-634657,10.172
mp-255,6.751
mp-11466,8.158
mp-865097,24.87
mp-675798,32.839
mp-999474,24.123
mp-865096,23.742
mp-23268,8.31
mp-6333,51.456
mp-865100,9.66
mp-5175,50.611
mp-22483,15.869
mp-865098,16.143
mp-754777,32.067
mp-755586,37.902
mp-570998,22.499
mp-975997,13.808
mp-5077,22.606
mp-973316,5.99
mp-755144,39.05
mp-8452,23.768
mp-8754,15.62
mp-9035,30.181
mp-5962,20.602
mp-561536,33.187
mp-2955,41.752
mp-560399,42.484
mp-865107,7.06
mp-7090,16.18
mp-865110,13.0
mp-20612,22.44
mp-27176,9.818
mp-20227,34.395
mp-20970,16.61
mp-22003,10.625
mp-570538,3.498
mp-2964,13.819
mp-4531,12.399000000000001
mp-7017,85.619
mp-3744,99.169
mp-3136,100.088
mp-3671,59.156
mp-4419,99.908
mp-4514,37.235
mp-4681,54.97
mp-4748,-58.617
mp-1105765,84.477
mp-7937,48.843
mp-7939,39.007
mp-865113,17.696
mp-865115,14.872
mp-999470,24.811
mp-1029466,29.1
mp-1901,8.992
mp-22464,12.571
mp-7440,12.804
mp-31086,19.553
mp-10474,10.027
mp-865120,57.938
mp-20555,14.898
mp-981933,14.516
mp-976971,36.663
mp-755378,45.178
mp-862942,18.208
mp-862943,14.658
mp-862949,18.771
mp-865118,17.065
mp-865119,14.842
mp-8470,42.149
mp-865112,17.268
mp-976923,96.474
mp-5558,10.392
mp-8830,59.556
mp-1029313,35.617
mp-7240,16.158
mp-409,13.293
mp-2400,14.479
mp-22212,94.186
mp-5414,14.886
mp-7914,66.176
mp-999460,31.329
mp-15668,11.917
mp-2402,10.842
mp-8973,116.13
mp-4276,46.48
mp-865111,18.192
mp-865108,14.613
mp-754027,48.531
mp-756034,40.862
mp-999455,25.836
mp-999450,21.517
mp-865109,19.687
mp-29529,18.993
mp-977110,24.056
mp-27682,20.865
mp-952566,13.031
mp-5475,88.887
mp-4170,111.744
mp-4675,110.721
mp-4699,47.441
mp-999126,27.446
mp-999127,23.515
mp-977176,92.535
mp-9264,9.325
mp-3269,47.917
mp-39681,32.797
mp-754375,81.135
mp-29356,77.985
mp-7002,63.701
mp-977123,68.649
mp-7942,34.134
mp-752947,36.796
mp-754850,30.741
mp-865145,8.941
mp-865127,7.617
mp-989561,18.37
mp-989533,17.814
mp-865126,-1.208
mp-754825,53.39
mp-9076,28.714
mp-866128,23.164
mp-5788,53.954
mp-1029711,10.582
mp-10224,33.967
mp-10225,19.874
mp-3567,-0.5640000000000001
mp-34081,32.05
mp-4494,11.768
mp-950,47.603
mp-13097,21.583
mp-3795,30.263
mp-1029357,33.023
mp-4824,26.866
mp-4247,3.9530000000000003
mp-75,25.854
mp-32679,133.288
mp-18427,82.863
mp-996162,112.681
mp-9989,116.039
mp-2318,61.973
mp-569989,118.704
mp-9988,100.032
mp-4384,23.578
mp-5745,26.257
mp-560530,7.723
mp-10366,114.307
mp-7443,46.361
mp-4643,54.339
mp-19835,99.016
mp-1188869,153.142
mp-1595,49.941
mp-776896,25.761
mp-9987,130.576
mp-754711,77.006
mp-982725,106.444
mp-2330,42.182
mp-5443,81.589
mp-17177,58.521
mp-796,11.999
mp-996161,134.763
mp-2752,64.46
mp-2123,59.048
mp-20689,170.502
mp-10255,196.187
mp-568014,66.883
mp-29950,8.72
mp-999395,75.731
mp-2670,-147.195
mp-11393,99.899
mp-1373,20.09
mp-1458,102.506
mp-753459,90.785
mp-760401,60.171
mp-1932,84.517
mp-2663,81.716
mp-1545,86.842
mp-977434,88.985
mp-29057,7.9030000000000005
mp-2053,82.544
mp-17848,74.346
mp-1326,-37.31
mp-570751,85.959
mp-28938,8.64
mp-567713,8.516
mp-3103,146.872
mp-1220650,195.691
mp-21447,99.048
mp-10003,100.741
mp-22312,64.075
mp-4139,-370800.738
mp-569167,142.488
mp-7927,161.799
mp-22396,102.86
mp-13967,99.478
mp-570293,59.837
mp-759636,52.642
mp-274,54.863
mp-15837,52.617
mp-13686,56495583854276.67
mp-567871,169.219
mp-567996,107.54
mp-7557,-451794.168
mp-30797,43.695
mp-2760,160.992
mp-7250,89.264
mp-3640,105.841
mp-12725,77.819
mp-2349989,40.927
mp-1842,103.51
mp-5149,94.077
mp-865280,126.798
mp-4813,49.39
mp-27927,74.472
mp-865278,129.33
mp-11537,116.78
mp-2059,85.622
mp-7598,90.659
mp-1606,63.241
mp-2580,198.028
mp-450,201.475
mp-1220383,188.514
mp-8615,141.476
mp-863076,-25.143
mp-568245,0.798
mp-910,180.981
mp-670,-171548.748
mp-570557,38.258
mp-21449,118.544
mp-31460,59.158
mp-21440,93.389
mp-20144,115.435
mp-9916,116.095
mp-5621,25.259
mp-4043,22.259
mp-991676,19.727
mp-31510,37.452
mp-1416,27.791
mp-568901,108.524
mp-999389,78.6
mp-9437,80.125
mp-1973,86.662
mp-4364,82.303
mp-3539,37.235
mp-7601,59.533
mp-977401,106.447
mp-363,108.792
mp-22287,94.126
mp-864669,8.017
mp-24154,70.17
mp-28357,2.2
mp-570722,2.302
mp-9595,59.303
mp-864788,96.619
mp-1359,109.754
mp-1339,205.818
mp-2634,209.5
mp-2701,195.263
mp-7596,110.04
mp-3504,39.414
mp-1451,77.484
mp-11513,90.468
mp-9985,138.977
mp-20932,97.397
mp-2311,147.84
mp-2533,94.33
mp-557057,81.941
mp-754698,48.466
mp-755690,94.335
mp-752415,52.116
mp-752467,57.843
mp-9339,104.288
mp-4888,51.893
mp-27471,72.998
mp-7524,74.558
mp-1018151,76.958
mp-1135,82.517
mp-669692,80.945
mp-999376,109.899
mp-11514,110.128
mp-12700,101.745
mp-1963,76.178
mp-11515,56.006
mp-567345,60.562
mp-2449,148.259
mp-756638,81.083
mp-432,50.729
mp-11516,155.083
mp-11517,135.775
mp-647,100.771
mp-2243,98.782
mp-966,18.841
mp-1802,11.629
mp-1874,6.562
mp-2648,7.5
mp-10033,13.219
mp-555293,3.447
mp-774873,10.683
mp-995122,13.306
mp-562100,12.414
mp-1969,69.318
mp-505297,67.952
mp-2207,14.307
mp-7007,6.251
mp-7597,13.817
mp-10228,14.958
mp-568347,8.66
mp-571133,13.684
mp-571270,17.146
mp-643063,15.092
mp-525,-124.445
mp-2478,142.4
mp-12104,142.771
mp-21907,96.024
mp-21248,121.83
mp-22722,82.78
mp-10469,82.355
mp-10470,113.62
mp-864672,86.818
mp-1046,47.291
mp-9586,28.417
mp-11675,19.583
mp-1018150,15.431
mp-20196,20.449
mp-540924,0.547
mp-1025396,7.445
mp-977408,93.616
mp-1220351,219.876
mp-30798,82.962
mp-1029422,52.641
mp-953,74.397
mp-864857,69.361
mp-864831,-85.511
mp-864840,77.859
mp-123,21.438
mp-159,18.911
mp-4229,42.854
mp-4999,67.306
mp-5622,88.035
mp-4228,85.498
mp-2877,75.0
mp-1106404,121.151
mp-20785,47.545
mp-3489,79.69
mp-4725,38.891
mp-4920,64.855
mp-625397,696.449
mp-3018,73.221
mp-567723,51.797
mp-4302,48.011
mp-569974,81.693
mp-568055,85.444
mp-15051,47.35
mp-3569,52.211
mp-4007,70.97
mp-571586,88.505
mp-4323,57.139
mp-20950,39.837
mp-4013,80.896
mp-11667,51.194
mp-974387,17.033
mp-977404,20.958
mp-864790,25.186
mp-866067,21.146
mp-1198482,10.445
mp-864805,26.005
mp-4158,58.915
mp-864837,29.061
mp-1199650,62.765
mp-4383,80.253
mp-973606,24.25
mp-864622,30.569
mp-864611,22.447
mp-976425,18.853
mp-864610,27.158
mp-864612,22.87
mp-864602,19.556
mp-864659,31.941
mp-1045,50.641
mp-438,36.021
mp-3211,55.72
mp-864633,19.66
mp-5459,34.516
mp-552028,54.774
mp-2816,17.053
mp-976341,21.056
mp-976344,26.014
mp-977445,26.458
mp-5977,86.085
mp-571330,43.503
mp-21483,19.312
mp-20385,44.171
mp-21022,52.058
mp-974066,19.689
mp-2204,16.8
mp-1533,16.713
mp-36592,28.881
mp-567735,28.511
mp-355,33.016
mp-510503,30.308
mp-1236,14.117
mp-567891,17.944
mp-864892,9.329
mp-864893,16.75
mp-400,47.046
mp-16513,39.767
mp-7186,67.155
mp-12734,61.07
mp-1834,21.595
mp-14254,138.548
mp-2602,45.687
mp-3055,90.324
mp-7099,101.199
mp-1929,117.48
mp-11597,60.983
mp-3591,74.997
mp-23300,27.498
mp-545529,27.064
mp-977565,9.338
mp-27975,5.38
mp-23068,15.753
mp-2297,37.086
mp-1059,18.872
mp-977562,0.078
mp-23183,17.807
mp-23058,34.045
mp-445,19.668
mp-3689,64.147
mp-569,43.425
mp-8761,81.561
mp-20531,35.525
mp-14625,53.156
mp-21890,39.38
mp-5170,62.859
mp-13008,-36.332
mp-1140,36.16
mp-3739,30.024
mp-974307,16.667
mp-974325,22.519
mp-866063,22.984
mp-974517,22.854
mp-974523,14.981
mp-974638,27.584
mp-11382,56.671
mp-20690,46.56
mp-4196,81.325
mp-1448,18.258
mp-2524,53.203
mp-1104008,45.953
mp-3196,76.582
mp-663,47.984
mp-2129,18.615
mp-975664,22.539
mp-21194,42.405
mp-24096,40.995
mp-11467,17.642
mp-11468,23.982
mp-975933,21.051
mp-28753,9.017
mp-864617,1.905
mp-21197,31.022
mp-568139,20.018
mp-21887,27.594
mp-31330,44.34
mp-890,78.105
mp-975518,20.488
mp-975515,23.058
mp-975522,17.653
mp-1327,20.725
mp-644504,17.132
mp-1787,26.322
mp-866064,-20.063
mp-11155,39.928
mp-864924,23.305
mp-11194,50.0
mp-11091,26.504
mp-864925,32.136
mp-22256,32.522
mp-9527,74.2
mp-3901,38.657
mp-1343,38.425
mp-6102,66.271
mp-8048,71.451
mp-5383,86.592
mp-5215,47.553
mp-20490,33.482
mp-5634,12.254
mp-35208,58.164
mp-2823,51.947
mp-3584,55.684
mp-20601,8.571
mp-865597,19.233
mp-999336,25.201
mp-2333,50.728
mp-2720,67.611
mp-569120,60.691
mp-16287,67.992
mp-8540,69.882
mp-1748,36.997
mp-5760,49.193
mp-1586,31.963
mp-1018814,24.695
mp-976356,24.132
mp-4854,40.817
mp-1453,28.425
mp-570707,36.511
mp-9967,53.571
mp-884,25.855
mp-29742,98.975
mp-28665,62.129
mp-1025017,74.395
mp-1070857,62.88
mp-5239,48.599
mp-975049,18.171
mp-974583,217.193
mp-974527,28.981
mp-12701,31.099
mp-1977,16.292
mp-864668,18.058
mp-567214,32.566
mp-3203,65.377
mp-570,21.328
mp-571405,17.104
mp-974782,18.307
mp-864667,16.502
mp-30799,28.036
mp-973232,23.677
mp-976008,22.702
mp-974708,16.032
mp-974865,21.65
mp-973109,64.194
mp-1053,28.401
mp-30800,23.092
mp-30801,36.423
mp-12516,23.131
mp-20201,43.259
mp-23,91.592
mp-10257,80.204
mp-9999,179.014
mp-769218,-16.509
mp-4852,31.876
mp-2536,98.426
mp-1594,44.062
mp-17383,43.404
mp-753890,75.077
mp-784630,96.666
mp-4091,141.689
mp-21167,38.833
mp-38006,42.718
mp-3250,21.669
mp-553994,17.879
mp-19747,17.818
mp-5528,26.959
mp-976818,60.99
mp-2058,81.818
mp-7586,58.221
mp-21008,85.736
mp-11506,91.253
mp-2033,73.848
mp-2296,56.587
mp-12798,90.94
mp-362,55.258
mp-1050,45.039
mp-10260,22.979
mp-672371,51.56
mp-976847,57.89
mp-976893,56.636
mp-2056,47.072
mp-573,34.383
mp-11522,76.925
mp-11523,17.165
mp-20112,67.389
mp-20174,50.419
mp-1017632,44.265
mp-11507,92.581
mp-30811,97.776
mp-1018020,19.075
mp-590,43.793
mp-19814,52.095
mp-21873,57.182
mp-505510,61.884
mp-3830,7406.534
mp-10846,415843.534
mp-976784,20.114
mp-976806,26.657
mp-14019,104.142
mp-999318,36.741
mp-23179,10.642
mp-27637,7.055
mp-27396,9.563
mp-1099,52.238
mp-29900,47.537
mp-3274,51.908
mp-29752,57.888
mp-24719,66.268
mp-570835,28.861
mp-27638,6.877
mp-7632,94.385
mp-10208,109.297
mp-486,67.142
mp-22619,98.281
mp-2301,75.904
mp-29618,104.22
mp-505820,15008.384
mp-569446,40.519
mp-973983,20.43
mp-945,93.38
mp-1547,60.39
mp-1180046,26.828
mp-810,50.253
mp-19895,38.66
mp-3679,51.865
mp-10847,48.176
mp-662,24.256
mp-15651,46.377
mp-571033,9.905
mp-20901,38.657
mp-11519,20.057
mp-203,31.57
mp-10264,15.722
mp-2578,22.605
mp-569511,37.576
mp-11534,112.037
mp-982385,44.698
mp-2573,53.34
mp-2186,-40.282
mp-977057,30.199
mp-1025156,88.212
mp-22912,84.218
mp-1544973,-95.458
mp-310,2311.15
mp-20821,46.799
mp-1025325,72.274
mp-977385,58.63
mp-556939,11.809
mp-2596,85.399
mp-2616,81.895
mp-11536,71.946
mp-8137,70.286
mp-20055,31.362
mp-627,34.822
mp-1018828,116.903
mp-881,16.852
mp-12957,1.038
mp-610917,0.46
mp-611836,0.8190000000000001
mp-1009490,-0.437
mp-49,244.666
mp-571035,3.473
mp-22626,3.152
mp-996,103.408
mp-540783,2.284
mp-1220023,219.581
mp-974326,215.629
mp-20905,139.154
mp-157,12.609
mp-1014013,1.662
mp-10155,129.322
mp-368,0.877
mp-2173,33.316
mp-28266,58.503
mp-3006,5.003
mp-730,117.617
mp-15953,106.028
mp-28056,60.797
mp-1413,138.396
mp-541788,-0.042
mp-11328,132.466
mp-11329,116.307
mp-13853,114.248
mp-1954,112.016
mp-567907,88.001
mp-504748,10.688
mp-1357,97.011
mp-27257,1.613
mp-23230,0.302
mp-27689,8.571
mp-23934,10.701
mp-2082,95.703
mp-36066,54.638
mp-36779,53.892
mp-753671,22.372
mp-2732,80.823
mp-62,11.45
mp-10740,50.133
mp-862864,56.445
mp-862862,62.028
mp-862861,59.249
mp-862863,60.794
mp-983497,38.201
mp-977455,44.187
mp-862844,49.122
mp-973865,66.056
mp-973910,27.647
mp-865149,15.527
mp-865148,42.333
mp-15694,54.249
mp-865858,15.063
mp-865856,26.866
mp-567580,76.83
mp-1018130,-25.448
mp-861974,32.81
mp-862824,-242.288
mp-30741,131.2
mp-1009545,88.72
mp-2364,104.185
mp-861975,54.533
mp-862854,52.044
mp-30825,92.757
mp-862820,73.385
mp-862821,15.551
mp-862831,49.108
mp-862832,57.351
mp-862865,6.371
mp-862843,34.878
mp-20483,11.204
mp-20745,11.459
mp-22692,17.212
mp-22747,13.958
mp-20820,10.034
mp-19871,21.597
mp-982246,-9.012
mp-997025,17.253
mp-862868,7.332
mp-2456335,1.297
mp-19727,6.787
mp-19893,21.437
mp-862871,8.309
mp-315,24.288
mp-341,23.519
mp-22883,0.925
mp-540789,1.087
mp-567503,2.078
mp-19921,10.522
mp-20633,39.538
mp-20725,46.309
mp-1101843,35.417
mp-21276,10.789
mp-1018115,7.599
mp-2350391,4.85
mp-3472,20.584
mp-2201,27.177
mp-982261,18.15
mp-20716,7.251
mp-2,48.469
mp-28174,2.36
mp-2422143,2.054
mp-29496,-0.81
mp-21765,27.039
mp-21863,17.584
mp-999298,46.576
mp-20849,42.248
mp-558378,39.33
mp-973834,22.521
mp-997051,-44.775
mp-569008,1.982
mp-1058,6.318
mp-20284,-59.623
mp-13679,18.473
mp-14112,20.591
mp-13868,18.844
mp-569017,3.14
mp-1336,34.529
mp-20599,17.014
mp-13682,16.515
mp-2677258,13.766
mp-545482,11.723
mp-2356866,10.796
mp-867200,22.869
mp-862979,23.361
mp-862977,23.457
mp-862989,22.251
mp-862990,21.122
mp-862994,20.724
mp-862996,23.145
mp-863654,21.073
mp-863655,19.511
mp-863664,24.887
mp-863668,35.405
mp-863669,26.778
mp-863671,31.005
mp-865547,27.721
mp-863676,19.596
mp-863684,22.807
mp-863685,21.327
mp-863686,21.386
mp-982613,19.899
mp-863715,26.464
mp-863716,32.964
mp-863740,38.388
mp-977264,16.61
mp-863698,29.34
mp-863705,26.907
mp-863696,23.108
mp-863703,19.158
mp-863704,20.753
mp-863713,34.119
mp-863717,28.709
mp-547622,42.722
mp-863725,26.998
mp-863741,28.348
mp-982772,24.629
mp-863732,33.757
mp-863733,28.354
mp-863743,25.639
mp-865545,22.913
mp-866204,21.006
mp-865468,23.479
mp-865467,19.943
mp-977372,19.612
mp-864628,14.374
mp-864629,19.813
mp-982393,21.588
mp-977546,28.549
mp-862742,26.438
mp-982387,20.8
mp-983236,28.611
mp-862727,19.066
mp-983154,25.95
mp-983229,24.411
mp-862728,22.938
mp-862733,27.683
mp-862734,21.841
mp-867189,22.668
mp-862878,-46.159
mp-862872,10.746
mp-862874,17.984
mp-862980,41.964
mp-862837,15.124
mp-862838,12.642
mp-862984,110.498
mp-973767,5.094
mp-862879,9.199
mp-862880,10.223
mp-862986,1.7469999999999999
mp-862899,23.661
mp-862891,6.423
mp-862892,16.513
mp-862898,19.041
mp-862897,17.543
mp-862896,38.736
mp-863677,25.855
mp-983427,17.988
mp-983428,21.872
mp-862902,22.558
mp-862901,46.704
mp-862903,11.484
mp-862905,-29.425
mp-862912,6.17
mp-984754,24.832
mp-862918,22.248
mp-863695,1.732
mp-862923,23.111
mp-569593,20.482
mp-862936,5.559
mp-862938,24.499
mp-862954,52.142
mp-983063,17.81
mp-862964,23.357
mp-862956,17.853
mp-862966,18.899
mp-982869,35.164
mp-862969,22.085
mp-862732,15.758
mp-862974,8.779
mp-38,19.899
mp-97,16.891
mp-1059256,13.525
mp-5564,43.123
mp-10853,117.642
mp-4322,89.475
mp-5112,82.295
mp-4924,53.319
mp-4014,73.831
mp-5627,77.796
mp-20542,62.794
mp-5423,71.979
mp-5819,45.239
mp-569931,79.991
mp-4341,100.692
mp-1025309,103.392
mp-4251,49.953
mp-4439,67.988
mp-5852,87.485
mp-4815,83.789
mp-4904,79.764
mp-2933,119.223
mp-975788,17.233
mp-861481,22.525
mp-568066,36.834
mp-982010,17.421
mp-978095,18.011
mp-982009,19.655
mp-861499,24.217
mp-4181,58.074
mp-10498,37.87
mp-16115,50.075
mp-861588,27.35
mp-880,63.032
mp-1190963,79.573
mp-861498,18.268
mp-978100,15.684
mp-978089,21.893
mp-861483,28.342
mp-861505,17.977
mp-975656,28.516
mp-2063,39.845
mp-15179,35.04
mp-3236,54.191
mp-861510,19.059
mp-16032,34.028
mp-12600,16.519
mp-978085,15.917
mp-861594,17.214
mp-978083,20.487
mp-975650,21.09
mp-861508,24.587
mp-975640,48.022
mp-2093,21.141
mp-10039,40.798
mp-975639,19.5
mp-19764,17.99
mp-20990,49.169
mp-21135,41.666
mp-21481,21.821
mp-571188,24.736
mp-693,15.285
mp-17124,20.961
mp-1105764,-66717.161
mp-2525,13.044
mp-568654,17.113
mp-4308,42.754
mp-1189,44.934
mp-10897,59.669
mp-12553,44.296
mp-570409,50.75
mp-30181,64.543
mp-3466,103.755
mp-8218,136.42
mp-571554,40.872
mp-10622,44.49
mp-11594,96.666
mp-5369,169.418
mp-12762,117.539
mp-11596,61.066
mp-5200,73.418
mp-862754,22.607
mp-23171,27.031
mp-551900,28.69
mp-862761,-55007303412.241
mp-976884,11.465
mp-1995,36.052
mp-646,19.44
mp-862755,22.842
mp-867177,18.366
mp-27984,33.187
mp-2085,27.46
mp-12985,65.201
mp-11610,62.966
mp-2837,44.484
mp-567712,37.899
mp-13007,62.104
mp-2462,34.941
mp-976138,23.324
mp-862757,23.289
mp-976142,16.048
mp-976159,20.646
mp-976151,23.028
mp-976129,27.557
mp-1018895,44.381
mp-668,52.941
mp-862756,44.283
mp-976125,152.053
mp-511,9.662
mp-2102,46.687
mp-11722,22.802
mp-24095,39.792
mp-981547,42.938
mp-11469,18.135
mp-975658,23.682
mp-976030,23.12
mp-862800,1.806
mp-20023,20.53
mp-20903,30.543
mp-570683,21.183
mp-570611,18.309
mp-946,75.41
mp-978088,26.103
mp-975932,20.724
mp-975972,23.46
mp-1548,21.807
mp-11234,17.459
mp-428,27.868
mp-867178,23.368
mp-7239,37.828
mp-13436,48.482
mp-16646,27.733
mp-862759,26.176
mp-20333,31.081
mp-343,87.521
mp-975883,18.684
mp-975848,22.948
mp-975896,16.497
mp-975822,27.862
mp-2016,35.656
mp-2370,63.816
mp-9312,84.913
mp-1024955,35.539
mp-1302,903.633
mp-36033,55.446
mp-2498,-74412.396
mp-601,50.128
mp-20939,8.839
mp-1571,42.251
mp-1061,-9321.119
mp-12598,58.109
mp-1037,71.476
mp-570811,-15.965
mp-2529,50.28
mp-10708,66.421
mp-999287,68.759
mp-4789,61.536
mp-2665,15.68
mp-2495,35.905
mp-3992,47.45
mp-1785,31.033
mp-1018902,35.836
mp-1018936,21.419
mp-4738,39.785
mp-1674,27.766
mp-1018940,36.5
mp-9968,50.93
mp-27760,27.008
mp-1025554,56.773
mp-5493,68.41
mp-1025028,25.792
mp-8654,47.266
mp-975797,21.072
mp-975880,23.158
mp-867735,64.272
mp-975920,17.144
mp-1025069,30.622
mp-376,17.281
mp-862805,17.514
mp-21054,40.129
mp-12381,33.42
mp-2532,20.901
mp-7131,35.887
mp-975652,25.001
mp-975801,18.365
mp-975651,24.774
mp-975793,16.163
mp-861479,22.951
mp-982017,17.376
mp-975769,27.633
mp-460,26.844
mp-12602,34.33
mp-12703,30.122
mp-12710,29.073
mp-975646,17.24
mp-126,49.52
mp-28722,2.594
mp-1604,58.894
mp-20828,43.661
mp-974395,78.168
mp-974616,79.874
mp-862798,112.353
mp-567484,-12.744
mp-8943,19.123
mp-505319,2.458
mp-617,30.048
mp-1285,87.687
mp-21318,19.891
mp-21296,4.893
mp-20458,9.287
mp-974370,132.714
mp-288,33.953
mp-762,8.299
mp-1115,11.679
mp-19891,-61239.667
mp-2548,51.563
mp-580,143.495
mp-22879,20.475
mp-1002230,0.486
mp-8033,34.579
mp-21200,49.643
mp-21484,50.621
mp-21468,11.144
mp-1719,69.543
mp-1959,78.729
mp-2566,29.524
mp-10186,49.752
mp-20438,33.153
mp-30861,-41629.368
mp-70,0.8200000000000001
mp-12628,0.899
mp-604321,1.12
mp-867126,0.995
mp-560663,32.201
mp-570091,24.585
mp-975359,24.942
mp-5050,276505.524
mp-9523,19.856
mp-989528,14.191
mp-989539,14.582
mp-15556,6.537
mp-975106,35.292
mp-1029784,11.927
mp-4138,10.78
mp-24517,12.811
mp-29873,7.96
mp-28364,14.225
mp-570910,9.206
mp-1025177,15.978
mp-7949,9.303
mp-8812,7.65
mp-643101,8.42
mp-863749,44.219
mp-13947,11.185
mp-975176,4.825
mp-8962,11.131
mp-5072,11.792
mp-29456,8.101
mp-989566,10.4
mp-989583,10.025
mp-989579,10.376
mp-8861,21.019
mp-27263,7.203
mp-22978,9.004
mp-571648,5.332
mp-989523,19.293
mp-560037,16.405
mp-13815,19.848
mp-15318,17.647
mp-989578,20.572
mp-14038,21.126
mp-989545,9.127
mp-989541,17.354
mp-989563,8.845
mp-989548,17.791
mp-571513,-1.569
mp-8994,9.05
mp-1394,7.73
mp-753746,3.6710000000000003
mp-2079,8.536
mp-567948,4.31
mp-11695,7.235
mp-28084,4.884
mp-10918,13.747
mp-1025201,6.304
mp-28145,6.046
mp-14088,8.333
mp-628606,3.947
mp-4030,8.082
mp-10919,17.029
mp-28110,3.938
mp-8622,13.652
mp-8041,1.873
mp-989518,-2.248
mp-3372,13.378
mp-11327,6.979
mp-6960,9.887
mp-10492,8.245
mp-569028,4.644
mp-753798,18.638
mp-441,5.849
mp-1397,5.003
mp-23383,4.79
mp-22975,5.213
mp-27827,5.044
mp-989550,229.284
mp-989532,-7.138
mp-29481,4.388
mp-30227,4.8870000000000005
mp-570168,-12.477
mp-1025286,17.944
mp-862664,39.669
mp-27831,5.344
mp-13946,10.778
mp-752401,13.136
mp-7898,3.5700000000000003
mp-31144,14.575
mp-4405,9.399000000000001
mp-9718,6.582
mp-23304,4.598
mp-975028,0.915
mp-1219652,8.997
mp-974990,0.512
mp-974866,1.363999999999999
mp-974883,1.15
mp-9808,13.316
mp-33018,5.083
mp-9274,5.4879999999999995
mp-5461,14.073
mp-7615,-136.083
mp-22930,7.736
mp-760417,5.095
mp-29920,-201.861
mp-510076,7.755
mp-862797,17.941
mp-1975771,12.344
mp-8603,4.133
mp-997084,18.339
mp-997108,10.684
mp-5259,28.532
mp-5479,28.295
mp-14070,43.214
mp-9819,6.896
mp-9385,3.555
mp-1209,25.159
mp-7472,12.606
mp-9010,6.133
mp-9731,5.168
mp-3032,8.554
mp-1219553,7.082
mp-23253,243755.644
mp-27421,6.409
mp-28872,9.591
mp-9845,11.138
mp-2795318,12.606
mp-3654,26.403
mp-6951,22.838
mp-10777,16.898
mp-23299,8.333
mp-1029420,18.619
mp-10985,19.923000000000002
mp-998196,13.156
mp-569526,-20.547
mp-554601,31.504
mp-7470,12.071
mp-7476,44.923
mp-7477,46.64
mp-10784,21.547
mp-11718,13.408
mp-15120,8.887
mp-5372,8.026
mp-7086,5.087
mp-754596,24.897
mp-7976,39.962
mp-1029403,83.772
mp-571458,10.168
mp-24721,8.535
mp-28264,10.843
mp-29764,10.868
mp-626620,13.038
mp-9827,4.682
mp-7482,14.872
mp-23302,5.547
mp-21477,12.4
mp-22255,8.246
mp-975284,78.796
mp-7480,49.502
mp-10785,22.803
mp-8402,41.94
mp-29763,-1.893
mp-21413,9.385
mp-743,9.539
mp-581833,8.126
mp-5073,8.683
mp-975275,10.261
mp-8799,12.314
mp-3283,18.604
mp-756063,17.347
mp-7973,36.925
mp-11011,14.014
mp-27409,3.423
mp-975288,69.83
mp-12105,7.798
mp-1040467,104.983
mp-548658,14.52
mp-556953,3.385
mp-21043,29.602
mp-9060,22.825
mp-10778,18.356
mp-14797,11.021
mp-8014,6.112
mp-6384,7.871
mp-568018,6.536
mp-975206,105.897
mp-7650,55.927
mp-9063,6.659
mp-7974,39.626
mp-999269,14.469
mp-867229,8.094
mp-755018,20.922
mp-10782,20.777
mp-569807,6.05
mp-28282,8.008
mp-16318,31.835
mp-975198,0.775
mp-8176,23.024
mp-7478,47.336
mp-11775,69.574
mp-570099,0.461
mp-23319,-0.14200000000000002
mp-1029312,39.756
mp-16764,15.968
mp-8,168.04
mp-8642,195.364
mp-975065,182.644
mp-1186901,196.072
mp-974437,269.296
mp-1018948,182.404
mp-1637,183.029
mp-15671,290.218
mp-974430,218.264
mp-1186902,207.287
mp-974435,212.936
mp-862604,179.065
mp-867264,203.733
mp-1474,136.862
mp-862586,173.524
mp-862589,204.28
mp-1186923,175.246
mp-974455,193.1
mp-974625,184.629
mp-974411,170.331
mp-568595,162.768
mp-1106180,142.666
mp-1773,276.94
mp-27360,63.278
mp-1025374,-1.283
mp-1025067,96.466
mp-867792,159.736
mp-1019052,175.334
mp-190,91.956
mp-573051,6.173
mp-1219509,243.938
mp-867141,248.808
mp-572758,18.793
mp-74,150.16
mp-1716,105.314
mp-1407,46.162
mp-30866,137.344
mp-2068,28.711
mp-725,100.944
mp-321,28.256
mp-33,193.869
mp-862655,168.416
mp-1025168,-399597.959
mp-1009770,51.935
mp-825,96.302
mp-8909,147.463
mp-1219503,137.973
mp-974335,166.99
mp-974341,110.675
mp-2030,121.491
mp-1922,92.704
mp-7,1.075
mp-555760,4.006
mp-557559,0.398
mp-8537,1.6760000000000002
mp-28096,0.187
mp-975,1.734
mp-27726,2.642
mp-104,20.273
mp-133,22.101
mp-738,23.812
mp-1247,72.314
mp-1999,10.31
mp-1705,75.478
mp-2695,87.742
mp-1356,29.488
mp-562,55.904
mp-15659,20.292
mp-2682,59.183
mp-20928,77.964
mp-28711,10.585
mp-2809,8.865
mp-2160,-8.269
mp-6997,21.615
mp-1201,13.921
mp-1239,60.31
mp-753495,105.424
mp-684679,70.699
mp-1521,52.551
mp-30066,28.979
mp-22872,1.336
mp-23176,0.313
mp-1880,8.1
mp-23281,2.106
mp-10125,61.559
mp-8630,86.444
mp-9270,87.554
mp-230,58.618
mp-1819,56.104
mp-753656,13.074
mp-23138,21.923000000000002
mp-1769,29.332
mp-542106,39.637
mp-973402,9.073
mp-4368,31.472
mp-2845,33.728
mp-1030,345694.764
mp-20619,57.121
mp-973342,100.722
mp-675025,94.281
mp-7565,52.906
mp-22971,3.768
mp-23041,45.967
mp-973217,1.9420000000000002
mp-10850,32.354
mp-67,32.26
mp-3701,85.544
mp-4798,138.55
mp-27693,150.727
mp-4131,91.058
mp-6969,66.368
mp-505554,111.219
mp-31081,97.394
mp-3587,61.909
mp-1025236,66.519
mp-1025365,80.656
mp-862703,32.821
mp-862702,32.127
mp-862432,37.764
mp-862431,45.47
mp-862473,37.977
mp-11220,45.946
mp-10911,67.526
mp-972907,34.736
mp-972914,37.11
mp-972884,38.357
mp-972877,51.8
mp-862486,49.483
mp-862546,39.474
mp-10676,73.164
mp-862543,43.786
mp-862548,45.758
mp-10343,68.589
mp-862553,47.296
mp-862563,45.33
mp-29941,9.328
mp-28479,11.575
mp-972882,31.094
mp-10953,24.821
mp-862710,31.014
mp-27319,79.245
mp-862712,60.261
mp-867110,64.672
mp-867761,59.335
mp-9902,78.022
mp-510306,203.456
mp-19949,35.69
mp-867756,36.068
mp-867794,46.495
mp-867802,53.734
mp-867117,44.091
mp-862338,46.784
mp-862376,48.992
mp-3618,75.98
mp-862339,41.463
mp-972898,35.177
mp-16733,53.796
mp-862340,45.774
mp-972899,47.121
mp-972869,36.88
mp-28480,17.814
mp-3363,41.918
mp-862360,49.792
mp-862361,62.463
mp-862368,7.693
mp-972961,40.973
mp-216,79.706
mp-754455,69.54
mp-755313,70.819
mp-972966,36.621
mp-972866,28.725
mp-11550,27.047
mp-1196116,195.537
mp-972879,30.673000000000002
mp-862372,63.627
mp-401,37.408
mp-684969,38.964
mp-7288,67.795
mp-7192,41.139
mp-5594,72.463
mp-13583,68.945
mp-862379,42.33
mp-862378,49.234
mp-862375,27.74
mp-862424,-7999124033.206
mp-862423,53.036
mp-753802,48.995
mp-13071,55.047
mp-972861,32.002
mp-978523,42.953
mp-867242,46.4
mp-867233,40.989
mp-867243,45.33
mp-1001012,32.261
mp-862259,42.694
mp-978498,43.099
mp-4079,84.205
mp-10133,65.681
mp-972876,34.349
mp-5075,121.093
mp-3155,121.834
mp-31055,74.295
mp-570074,122.916
mp-21035,76.167
mp-567462,116.259
mp-8996,108.952
mp-978546,39.34
mp-10139,68.655
mp-16297,81.286
mp-861889,30.851
mp-10140,54.498
mp-4230,81.849
mp-15661,68.134
mp-17332,68.245
mp-17190,67.801
mp-7822,72.307
mp-17695,52.028
mp-11201,45.625
mp-10445,-24.237
mp-10446,15.21
mp-5382,82.144
mp-11754,26.817
mp-31072,302.329
mp-11237,29.349
mp-1018128,36.624
mp-30354,35.942
mp-11022,39.168
mp-973185,37.565
mp-12908,20.845
mp-331,43.156
mp-813,15.741
mp-12781,65.059
mp-2121,67.045
mp-999204,67.287
mp-31169,31.362
mp-10873,18.822
mp-862602,94.037
mp-16497,52.175
mp-10898,57.619
mp-4471,116.509
mp-16524,41.369
mp-973153,14.097
mp-867922,82.681
mp-2052,51.516
mp-546125,67.656
mp-11256,41.675
mp-1018148,46.472
mp-972895,29.776
mp-11023,43.218
mp-8772,190.491
mp-2252,195.809
mp-10113,121.824
mp-8697,71.217
mp-569875,96.283
mp-11277,103.678
mp-570632,28.736
mp-754009,39.586
mp-862565,20.383
mp-1211,34.535
mp-30494,29.259
mp-31502,62.402
mp-867127,26.055
mp-973141,37.258
mp-867263,23.311
mp-867911,22.942
mp-867909,50.956
mp-27507,2.887
mp-23309,3.138
mp-2212,58.07
mp-253,71.056
mp-3791,75.57
mp-4938,341.806
mp-1191630,172.568
mp-615314,105.884
mp-961678,66.456
mp-4992,136.76
mp-1169,35.894
mp-1018149,42.846
mp-973092,39.197
mp-973100,7.858
mp-3642,46.58
mp-4636,44.365
mp-973133,285.597
mp-6980,37.063
mp-15322,76.911
mp-20083,61.217
mp-13203,54.852
mp-10694,40.713
mp-540,65.405
mp-1095443,13.115
mp-1190697,64.99
mp-9549,37.767
mp-22701,60.573
mp-11411,43.659
mp-11412,49.437
mp-11413,51.181
mp-11401,60.478
mp-973067,23.656
mp-932,45.318
mp-1025242,50.935
mp-1025241,54.39
mp-1025191,43.307
mp-867915,87.694
mp-11360,47.008
mp-867916,94.927
mp-11400,50.343
mp-754165,83.392
mp-30661,35.179
mp-867923,0.02
mp-867928,75.808
mp-867156,62.044
mp-9970,57.039
mp-10212,56.949
mp-9350,44.379
mp-961697,38.126
mp-973066,161.339
mp-9223,82.265
mp-24237,65.106
mp-973053,30.278
mp-24081,9.791
mp-625150,49.224
mp-755318,52.193
mp-11471,26.456
mp-30722,22.049
mp-30347,26.91
mp-30395,24.732
mp-21067,47.368
mp-13240,60.675
mp-867187,79.491
mp-21301,59.957
mp-768358,59.427
mp-31339,41.443
mp-20521,29.805
mp-867842,70.882
mp-1129,79.378
mp-2263,101.732
mp-12593,111.389
mp-2039,39.923
mp-867850,62.195
mp-9550,78.678
mp-2857,155.674
mp-553961,60.602
mp-867786,108.258
mp-867146,92.83
mp-867795,66.322
mp-11521,43.86
mp-850,61.092
mp-4536,50.791
mp-11808,57.323
mp-570673,78.332
mp-30459,53.578
mp-7066,63.254
mp-10240,92.423
mp-3432,66.881
mp-5186,38.313
mp-644481,103.187
mp-4661,62.971
mp-4662,46.104
mp-567612,69.065
mp-2807,61.629
mp-4200,78.155
mp-12480,69.61
mp-16305,102.271
mp-6999,5.269
mp-2781,32.904
mp-2677,55.443
mp-892,37.91
mp-481,89.795
mp-11557,75.273
mp-1780,58.07
mp-862629,187.799
mp-635,84.21
mp-10712,88.558
mp-30867,55.613
mp-567750,52.506
mp-7130,139.147
mp-1476,53.382
mp-549,33.538
mp-569779,46.202
mp-7173,53.46
mp-862635,-130.789
mp-862561,100.408
mp-1782,39.59
mp-9969,70.078
mp-22307,85.12
mp-15605,70.188
mp-9023,63.455
mp-22426,71.704
mp-862556,32.762
mp-9225,61.333
mp-13572,72.253
mp-20492,73.9
mp-972970,40.67
mp-981383,1.311
mp-2894,43.605
mp-6919,37.389
mp-17092,50.612
mp-4897,34.491
mp-18198,54.332
mp-30844,13.402
mp-862623,212.422
mp-867748,80.239
mp-558781,73.282
mp-862699,121.918
mp-867897,102.073
mp-867901,73.091
mp-862723,80.503
mp-862725,89.291
mp-10026,33.162
mp-972957,77.929
mp-867881,59.512
mp-13312,28.849
mp-13313,24.788
mp-13314,18.692
mp-36052,34.446
mp-7276,39.135
mp-867137,87.109
mp-11566,45.806
mp-11567,49.667
mp-13503,49.625
mp-867109,35.169
mp-972925,37.129
mp-973142,33.304
mp-862704,29.224
mp-862260,29.499
mp-973143,38.927
mp-867896,28.575
mp-867135,13.032
mp-867768,-1364.215
mp-867769,60.401
mp-14,10.032
mp-147,4.031
mp-542461,0.5650000000000001
mp-726,10.038
mp-27519,3.287
mp-27367,5.136
mp-149,62.445
mp-165,61.322
mp-971662,45.957
mp-30160,-1.456
mp-30161,25.701
mp-2592,180.217
mp-8938,149.363
mp-2291,31.996
mp-4720,78.437
mp-28945,56.276
mp-17123,120.912
mp-505071,38.309
mp-569815,108.94
mp-978500,95.512
mp-1620,189.139
mp-8939,147.913
mp-570744,38.466
mp-1332,121.292
mp-978568,94.134
mp-988,122.364
mp-2245,133.615
mp-11607,149.374
mp-8311,62.095
mp-29157,81.176
mp-10744,15.067
mp-21012,76.444
mp-20191,115.548
mp-510412,104.687
mp-31219,121.199
mp-14983,86.833
mp-540791,88.8
mp-16317,-104.678
mp-29661,70.297
mp-568792,90.151
mp-1025220,57.269
mp-4984,85096.646
mp-569128,129.394
mp-570285,0.34400000000000003
mp-7140,186.481
mp-7631,188.196
mp-8062,187.246
mp-9947,188.499
mp-11714,188.708
mp-567505,189.705
mp-567551,187.138
mp-568619,188.038
mp-568656,187.484
mp-568696,188.173
mp-568735,186.767
mp-570791,187.261
mp-570985,187.274
mp-582034,187.685
mp-28391,0.163
mp-1818,4.652
mp-978534,55.607
mp-29803,9.255
mp-1128,88.554
mp-1841,102.452
mp-1275,129.281
mp-351,91.069
mp-999192,85.469
mp-507,59.025
mp-1118,64.237
mp-828,104.05
mp-6922,35.048
mp-6930,46.226
mp-6945,46.397
mp-7000,46.637
mp-7087,54.984
mp-8059,41.802
mp-8352,53.406
mp-11684,59.798
mp-15078,31.054
mp-16964,-131.109
mp-546546,31.521
mp-546794,33.443
mp-554089,36.105
mp-554573,37.443
mp-555483,43.519
mp-557837,32.297
mp-560203,44.504
mp-640556,40.013
mp-669426,35.939
mp-972808,36.205
mp-2488,77.908
mp-10015,121.446
mp-21065,82.444
mp-389,53.453
mp-697068,48.503
mp-20622,44.115
mp-696,69.894
mp-1299,65.451
mp-13363,59.761
mp-21163,47.08
mp-1025218,56.588
mp-818,95.795
mp-1483,83.86
mp-2287,90.948
mp-20418,74.351
mp-189,99.337
mp-381,93.152
mp-10025,102.364
mp-1602,4.007
mp-7583,18.786
mp-1025366,-2.093
mp-1025324,71.228
mp-972810,99.977
mp-68,19.245
mp-69,24.026
mp-86,23.389
mp-21377,22.798000000000002
mp-972680,41.54
mp-6916,119.281
mp-4073,97.846
mp-1105839,115.136
mp-573563,96.947
mp-15968,91.081
mp-567818,52.411
mp-5167,47.319
mp-574199,83.438
mp-12059,93.691
mp-12097,104.163
mp-4275,55.498
mp-4896,34.47
mp-4072,81.584
mp-978545,18.699
mp-867868,25.511
mp-972530,21.569
mp-867869,27.293
mp-972511,21.731
mp-978519,28.563
mp-972504,31.189
mp-978555,23.106
mp-505207,74.726
mp-867887,30.369
mp-4210,60.204
mp-867895,32.134
mp-22044,44.545
mp-31402,45.013
mp-19816,20.676
mp-1005693,20.934
mp-867899,24.382
mp-867859,41.151
mp-867894,30.872
mp-867932,50.773
mp-978625,21.479
mp-33104,44.22
mp-218,55.209
mp-1745,55.025
mp-867128,29.904
mp-978824,29.788
mp-1403,37.195
mp-16033,36.804
mp-5999,58.295
mp-319,18.805
mp-972536,18.836
mp-867191,21.025
mp-978807,20.78
mp-978815,22.421
mp-979057,22.245
mp-978808,30.881
mp-978973,20.46
mp-978950,26.257
mp-867182,30.325
mp-867921,24.579
mp-4408,87.474
mp-11222,25.657
mp-979339,20.619
mp-979614,20.829
mp-10602,48.714
mp-980429,17.74
mp-979899,20.498
mp-21202,24.021
mp-19716,56.436
mp-2038,1.08
mp-10606,49.981
mp-979234,20.299
mp-979459,16.772
mp-981747,17.254
mp-867254,12.155
mp-867218,18.217
mp-753226,24.628
mp-754110,27.104
mp-2358,3021564.222
mp-867870,43.821
mp-11539,63.557
mp-1891,18.401
mp-7405,110.879
mp-1738,48.426
mp-1102762,52.875
mp-2947,102.945
mp-3467,103.1
mp-6996,106.824
mp-4982,78.41
mp-22873,30.315
mp-550111,31.398
mp-546152,28.016
mp-552292,34.12
mp-972657,9.128
mp-862752,9.574
mp-27976,5.194
mp-29327,15.101
mp-12764,37.163
mp-572,18.597
mp-30495,25.46
mp-867158,23.153
mp-979465,20.865
mp-867853,8.012
mp-867882,7.809
mp-867157,13.446
mp-867134,-337.271
mp-863026,2.666
mp-27823,34.161
mp-336,24.103
mp-5410,111.407
mp-1429,51.645
mp-999190,90.299
mp-20777,52.148
mp-1019108,55.758
mp-972659,72.161
mp-867863,31.012
mp-227,37.739
mp-11793,30.835
mp-9194,35.782
mp-978557,18.658
mp-978796,22.203
mp-867159,21.856
mp-978527,16.825
mp-972640,27.83
mp-972635,21.019
mp-978542,20.911
mp-978513,21.424
mp-978543,14.781
mp-7384,48.388
mp-1729,26.401
mp-1102187,37.118
mp-1566,59.905
mp-1019100,49.211
mp-477,53.193
mp-980004,39.1
mp-867143,41.914
mp-19988,53.705
mp-972626,-25.724
mp-12750,24.776
mp-1019109,45.174
mp-24658,44.862
mp-867857,18.27
mp-867879,21.074
mp-972623,11.832
mp-567912,25.976
mp-978563,21.466
mp-972641,124.147
mp-867130,21.549
mp-972653,15.194
mp-978537,27.18
mp-863028,1.8820000000000001
mp-754960,9.76
mp-20298,21.916
mp-19977,31.505
mp-568719,24.328
mp-568596,22.155
mp-982004,30.051
mp-867978,38.283
mp-972549,28.525
mp-978547,20.047
mp-972601,22.235
mp-978549,29.737
mp-2558,23.128
mp-30779,26.455
mp-972494,17.395
mp-867862,6.665
mp-867867,0.457
mp-867131,25.367
mp-11157,43.313
mp-867181,25.006
mp-16645,25.724
mp-749,105.756
mp-999145,23.373
mp-1402,42.419
mp-1075,11.526
mp-16734,53.198
mp-980760,44.624
mp-37381,61.265
mp-710,54.979
mp-10738,50.263
mp-867985,18.567
mp-31380,26.496
mp-357,50.999
mp-1025431,32.196
mp-1127,70.297
mp-30845,64.907
mp-436,26.534
mp-840,55.461
mp-8758,71.025
mp-1720,22.054
mp-1269,39.284
mp-3931,51.669
mp-2281,32.903
mp-29647,28.693
mp-1019138,29.721
mp-31118,81.837
mp-8320,43.35
mp-1447,29.406
mp-1025420,68.458
mp-1025453,44.065
mp-568555,99.601
mp-2484,13.663
mp-972526,17.723
mp-21007,51.35
mp-12931,67.474
mp-342,21.954
mp-1019266,24.397
mp-9399,12.107
mp-978507,34.028
mp-11568,17.365
mp-867876,19.196
mp-1019255,28.712
mp-754933,31.987
mp-999132,16.803
mp-978514,25.23
mp-979026,26.898
mp-978529,22.229
mp-972541,15.513
mp-972522,27.032
mp-978823,22.803
mp-972528,27.002
mp-978515,35.85
mp-978833,22.726
mp-867861,21.373
mp-754502,43.61
mp-978564,17.948
mp-972540,27.058
mp-567406,41.622
mp-550820,54.698
mp-117,22.399
mp-949028,3.491
mp-38605,13.418
mp-10955,13.331
mp-22467,17.649
mp-2083,33.475
mp-30047,70.54
mp-1573,31.702
mp-19962,28.197
mp-565,50.824
mp-510219,63.673
mp-1509,11.679
mp-570377,21.164
mp-1371,23.339
mp-30846,30.087
mp-680677,58.454
mp-1393,14.399000000000001
mp-675477,18.669
mp-31277,37.376
mp-2128,24.132
mp-20662,29.701
mp-22040,62.286
mp-20466,57.92
mp-2729,38.727
mp-22344,36.31
mp-2182,29.701
mp-1775,20.977
mp-30418,21.951
mp-754839,31.907
mp-29862,1.482
mp-569152,4.523
mp-7457,10.742
mp-8289,15.788
mp-2706,31.729
mp-36508,9.206
mp-27194,1.6280000000000001
mp-978846,6.9190000000000005
mp-20033,58.196
mp-30788,102.767
mp-2097,21.245
mp-856,87.385
mp-755071,49.089
mp-475,33.954
mp-7541,25.39
mp-1025296,42.415
mp-4252,11.956
mp-5706,11.328
mp-20815,9.6
mp-2369,39.635
mp-1851,18.528
mp-718,54.511
mp-19856,44.847
mp-20971,57.089
mp-317,54.997
mp-636334,53.156
mp-1876,31.014
mp-2231,18.459
mp-8781,2.426
mp-554134,1.184
mp-559676,23.866
mp-1170,10.862
mp-10635,24.656
mp-691,14.724
mp-2168,19.801
mp-2693,29.365
mp-8936,5.736
mp-628773,5.384
mp-665,9.691
mp-1883,27.868
mp-76,5.411
mp-95,7.209
mp-139,7.697
mp-867202,6.8870000000000005
mp-7879,31.348
mp-7366,163.745
mp-644229,36.787
mp-6931,38.924
mp-37091,14.651
mp-16045,61.104
mp-4370,32.583
mp-6939,67.481
mp-11919,68.742
mp-7771,28.778
mp-12783,27.739
mp-7881,4.623
mp-8277,34.745
mp-7432,17.071
mp-571203,33.717
mp-7361,52.128
mp-5671,45.893
mp-4861,20.546
mp-3241,40.884
mp-13900,26.331
mp-505515,13.558
mp-7877,55.773
mp-4488,42.202
mp-3299,55.96
mp-33880,13.8
mp-978853,63.466
mp-978986,31.552
mp-10697,53.198
mp-19787,51.356
mp-27425,25.359
mp-570097,33.657
mp-863260,35.48
mp-9566,26.095
mp-4343,31.048
mp-5589,47.371
mp-3043,7.572
mp-4157,13.799
mp-4316,28.001
mp-3207,34.524
mp-569310,47.979
mp-3385,49.586
mp-3804,50.755
mp-6961,20.054
mp-8468,1.084
mp-567278,99.896
mp-7880,41.392
mp-7365,41.023
mp-568402,44.751
mp-9379,28.465
mp-7770,33.006
mp-7363,46.735
mp-8276,43.654
mp-7431,12.806000000000001
mp-867163,16.759
mp-15697,22.573
mp-863258,25.646
mp-8896,79.667
mp-867193,20.738
mp-23056,25.243
mp-567655,18.993
mp-862720,15.966
mp-862721,21.316
mp-867149,22.989
mp-1029923,46.392
mp-549487,10.073
mp-1025280,45.094
mp-5456,53.877
mp-754322,56.612
mp-6065,88.417
mp-6304,47.009
mp-16796,64.717
mp-24292,32.026
mp-690794,27.03
mp-768305,72.528
mp-867207,21.909
mp-6676,68.552
mp-31294,26.802
mp-23504,14.798
mp-4998,47.185
mp-644225,36.437
mp-11734,74.578
mp-6564,43.679
mp-1245,9.666
mp-23033,27.118
mp-17701,38.942
mp-20944,44.253
mp-4359,55.987
mp-862747,19.997
mp-15624,19.874
mp-863251,22.936
mp-13051,17.973
mp-867169,23.267
mp-3376,63.505
mp-4287,50.94
mp-12427,88.394
mp-17518,38.896
mp-6362,61.191
mp-13937,43.535
mp-5532,75.758
mp-862740,15.711
mp-620290,50.601
mp-1105147,66.968
mp-7889,51.221
mp-9453,42.477
mp-9306,35.522
mp-1025349,66.772
mp-10671,29.986
mp-571216,31.388
mp-17129,45.483
mp-9843,29.669
mp-7068,31.93
mp-7376,25.252
mp-29088,30.528
mp-22418,14991.641
mp-30357,9.351
mp-1029733,52.829
mp-1013555,39.085
mp-570008,36.36
mp-1013643,21.813
mp-981103,54.665
mp-12906,29.98
mp-35644,34.694
mp-7191,38.083
mp-779517,80.788
mp-1029741,39.114
mp-972285,8.744
mp-9325,31.792
mp-986716,22.587
mp-1013554,39.817
mp-1029531,28.697
mp-1029750,34.671
mp-7752,38.116
mp-7961,35.774
mp-16136,46.289
mp-3349,83.293
mp-1029655,29.774
mp-6723,22.835
mp-8299,32.082
mp-1025351,25.111
mp-567601,25.037
mp-766217,53.21
mp-8298,33.556
mp-755293,27.873
mp-1029799,33.654
mp-1029580,28.485
mp-1029868,38.641
mp-23141,35.671
mp-23121,38.059
mp-6669,40.323
mp-29136,27.585
mp-989402,11.569
mp-989592,29.733
mp-989540,28.342
mp-979014,12.317
mp-867925,18.913
mp-978953,16.505
mp-978929,22.956
mp-30355,13.764
mp-2410,21.072
mp-6954,29.294
mp-31018,20.895
mp-997085,31.012
mp-997086,33.996
mp-997100,41.425
mp-10667,35.283
mp-1638,32.398
mp-22318,33.57
mp-3094,45.935
mp-5492,43.078
mp-36775,44.834
mp-2775,19.453
mp-16491,60.932
mp-13311,33.949
mp-3698,38.416
mp-570485,40.529
mp-9907,22.866
mp-9743,27.956
mp-8456,29.338
mp-1831,27.279
mp-997094,32.871
mp-5540,118.908
mp-242,110.605
mp-23159,14.827
mp-547244,2.055
mp-567744,8.669
mp-2630,11.912
mp-10497,21.069
mp-12317,13.863
mp-3822,29.338
mp-38035,22.129
mp-980947,16.275
mp-972119,16.901
mp-1018032,53.705
mp-11178,56.597
mp-22428,51.662
mp-23209,14.668
mp-1029838,32.947
mp-3255,42.367
mp-5938,44.756
mp-12557,39.629
mp-30451,27.691
mp-12265,3759.549
mp-21609,34.378
mp-5787,41.969
mp-37514,63.36
mp-16321,46.074
mp-12444,32.756
mp-10749,32.93
mp-30598,24.239
mp-556075,63.877
mp-560445,68.24
mp-755714,54.35
mp-981,32.403
mp-182,31.131
mp-1827,23.313
mp-30580,26.153
mp-7390,25.775
mp-978987,26.34
mp-21164,19.913
mp-23714,24.537
mp-23759,24.69
mp-23860,22.306
mp-24205,6.04
mp-9383,107.326
mp-1029396,44.495
mp-3378,92.483
mp-3721,98.02
mp-4551,99.605
mp-4673,91.224
mp-13108,91.657
mp-13109,87.118
mp-550908,99.642
mp-542,14.296
mp-11472,11.573
mp-1019277,18.165
mp-568284,6.9190000000000005
mp-23046,8.443
mp-20497,26.933
mp-21024,23.163
mp-20533,26.311
mp-20479,27.899
mp-19991,24.856
mp-21124,26.341
mp-22284,26.962
mp-318,51.052
mp-867171,21.366
mp-15845,28.749
mp-29754,28.446
mp-10614,29.394
mp-13276,36.89
mp-2564,11.488
mp-2572,16.339
mp-10550,71.102
mp-981214,16.656
mp-15316,27.75
mp-15643,31.634
mp-643009,26.867
mp-571443,22.431
mp-15642,33.218
mp-867172,8.433
mp-1029878,30.4
mp-29973,25.771
mp-10564,34.11
mp-2131,20.283
mp-768342,72.302
mp-7006,79.765
mp-12520,31.853
mp-12521,27.896
mp-13513,37.748
mp-862750,27.429
mp-30805,24.888
mp-2472,55.772
mp-2697,44.189
mp-867195,60.942
mp-7931,26.944
mp-765294,16.32
mp-12923,31.257
mp-20489,50.244
mp-1558,31.664
mp-1260,46.203
mp-12622,23.43
mp-1349,51.148
mp-570832,71.316
mp-9926,15.766
mp-22390,71.269
mp-1087,32.3
mp-5285,25.048
mp-10636,13.043
mp-8605,15.928
mp-770771,81.465
mp-2758,27.097
mp-2661,30.984
mp-13053,33.357
mp-496,29.769
mp-1727,34.563
mp-4549,34.515
mp-8843,23.297
mp-971914,27.152
mp-1698,21.427
mp-30834,13.412
mp-1019259,21.448
mp-2879,74.953
mp-12867,83.126
mp-546973,88.097
mp-8539,23.276
mp-20001,28.578
mp-23089,65.455
mp-990430,44.35
mp-552454,121.168
mp-756088,92.324
mp-2583419,22.274
mp-989530,42.097
mp-989586,22.858
mp-12631,54.765
mp-1958,20.197
mp-9517,54.446
mp-4651,101.114
mp-5229,108.497
mp-2434,18.121
mp-30877,16.996
mp-981311,5.404
mp-36329,45.623
mp-989513,46.355
mp-17275,62.641
mp-1022804,16.441
mp-6606,102.31
mp-12724,8.793
mp-13365,20.102
mp-569426,14.647
mp-638,24.166
mp-29623,15.677
mp-23034,12.913
mp-5078,22.407
mp-5637,50.077
mp-1019280,24.914
mp-9556,40.121
mp-1019279,27.358
mp-9382,101.048
mp-3323,88.002
mp-4387,82.978
mp-5076,87.474
mp-1020622,89.039
mp-5193,36.069
mp-42,60.284
mp-50,64.83
mp-569794,-1085735.016
mp-1025441,126.196
mp-1032,179.27
mp-11278,111.426
mp-7088,145.673
mp-7814,23.281
mp-559976,23.124
mp-5548,84.063
mp-574,78.733
mp-867779,99.304
mp-977425,104.198
mp-2220557,76.212
mp-979267,107.068
mp-864764,83.08
mp-24082,67.791
mp-632311,64.761
mp-22144,107.734
mp-864761,79.922
mp-864770,131.074
mp-864782,118.496
mp-1208406,242.82
mp-864640,108.32
mp-864639,104.993
mp-864651,92.928
mp-1867,83.263
mp-10390,71.615
mp-1539317,59.754
mp-864650,131.157
mp-22477,110.02
mp-8435,11.412
mp-8436,9.351
mp-977353,110.354
mp-8732,24.229
mp-9983,45.809
mp-2783,108.228
mp-977363,102.984
mp-972209,104.672
mp-864670,94.95
mp-977382,82.513
mp-569568,164.088
mp-569249,65.069
mp-10142,209.478
mp-27488,98.734
mp-753747,118.214
mp-977390,86.954
mp-541,85.474
mp-505206,15.495
mp-30871,-53.314
mp-1217975,207.503
mp-3802,150.43
mp-3803,145.106
mp-22444,104.168
mp-3581,47.917
mp-8046,175.313
mp-28629,204.868
mp-30668,-357.651
mp-1642,-340.303
mp-2598,60.636
mp-1989,131.92
mp-570287,114.096
mp-5821,36.596
mp-869,103.376
mp-3340,103.041
mp-867249,139.325
mp-5921,53.507
mp-675172,120.083
mp-760396,117.113
mp-862445,143.473
mp-862446,132.422
mp-1936,92.363
mp-12561,96.926
mp-1097,212.507
mp-1108,199.428
mp-1217965,188.191
mp-1217964,199.102
mp-1217974,194.458
mp-567842,146.834
mp-2676,119.142
mp-867114,73.87
mp-1086,176.246
mp-1799,123.87
mp-570430,93.792
mp-7851,80951.322
mp-11358,141.455
mp-31459,66.374
mp-2385,77.779
mp-570963,85.342
mp-1217958,179.007
mp-10748,24.368
mp-4081,22.077
mp-9295,19.87
mp-867771,40.955
mp-3102,25.486
mp-568077,114.384
mp-21336,143.287
mp-867216,104.493
mp-11416,77.813
mp-30555,90.532
mp-867507,126.478
mp-21175,39.868
mp-867788,122.335
mp-7558,108.018
mp-24723,57.999
mp-999139,12.666
mp-571499,96.097
mp-265,212.167
mp-12678,-365.695
mp-867120,107.903
mp-9587,172.722
mp-1279,181.327
mp-1459,235.294
mp-4165,129.73
mp-1217924,198.354
mp-972323,123.911
mp-1157,85.348
mp-9391,10.537
mp-891,82.317
mp-570491,97.022
mp-22636,73.151
mp-20994,113.66
mp-33997,91.41
mp-999133,71.407
mp-30835,73.846
mp-30836,86.887
mp-582360,34.185
mp-30849,75.583
mp-30850,90.679
mp-1020,153.82
mp-1601,75.517
mp-12110,137.208
mp-867816,139.6
mp-1411,8.13
mp-1690,15.8
mp-1984,16.914
mp-10014,18.066
mp-555037,14.506
mp-11697,72.515
mp-31454,71.486
mp-500,15.826
mp-501,16.179
mp-7834,14.651
mp-7926,13.913
mp-567724,11.97
mp-29652,13.686
mp-517,145.738
mp-11192,145.713
mp-21316,125.054
mp-20436,118.177
mp-567982,49.663
mp-11572,128.64
mp-601823,18.072
mp-22817,20.271
mp-1217898,241.451
mp-979751,80.366
mp-867821,83.607
mp-760439,89774.627
mp-867123,94.516
mp-867846,116.994
mp-861908,70.548
mp-861912,101.829
mp-567276,26.294
mp-1217818,224.962
mp-979289,121.472
mp-862679,90.589
mp-865805,81.324
mp-865804,-141.098
mp-865234,85.139
mp-18,23.903
mp-7163,25.572
mp-11698,26.556
mp-571249,26.483
mp-10854,122.101
mp-3709,70.892
mp-3292,94.425
mp-3456,76.235
mp-12075,79.786
mp-20264,11.686
mp-5399,83.177
mp-21079,58.586
mp-22486,64.592
mp-3329,46.914
mp-570554,98.512
mp-5752,105.01
mp-4466,73.586
mp-5429,89.207
mp-4250,53.315
mp-569737,19.552
mp-3097,89.341
mp-3678,79.93
mp-979270,31.058
mp-3194,65.462
mp-568624,43.587
mp-1025379,128.824
mp-769673,-44263.884
mp-692,23.825
mp-1025266,66.367
mp-571149,55.69
mp-6624,80.136
mp-13498,15.539
mp-570272,23.537
mp-1056,61.887
mp-1101329,27.253
mp-4991,91.856
mp-16036,38.705
mp-10960,61.451
mp-1704,22.879
mp-13535,31.218
mp-570822,58.94
mp-2610,-12.335
mp-206,-513.342
mp-22972,8.571
mp-2268,23.666
mp-30358,29.94
mp-756,56.275
mp-16516,55.21
mp-971985,23.388
mp-3197,33.168
mp-2640,51.167
mp-570179,38.817
mp-1025478,26.739
mp-965,144.669
mp-1025075,123.894
mp-12736,51.366
mp-3186,104.945
mp-12763,88.469
mp-22921,29.486
mp-549475,33.63
mp-547125,31.122
mp-552857,34.827
mp-2119,39.897
mp-721,22.082
mp-30497,30.672
mp-30498,21.64
mp-977398,11.975
mp-977376,21.331
mp-568170,14.238
mp-570232,8.631
mp-2265,22.507
mp-1024963,66.442
mp-1095562,3.478
mp-3040,120.709
mp-1200,71.175
mp-5106,95.326
mp-22206,62.194
mp-4969,61.752
mp-1837,31.116
mp-1527,22.729
mp-11363,39.212
mp-9387,53.608
mp-20290,45.363
mp-11347,45.728
mp-589,7.5280000000000005
mp-21363,54.466
mp-2684,52.463
mp-568687,65.247
mp-11418,43.497
mp-867246,44.485
mp-1025288,54.393
mp-1025099,9.65
mp-977421,44.279
mp-1405,53.889
mp-20054,52.781
mp-999123,18.099
mp-867288,21.49
mp-863264,2.63
mp-20920,31.329
mp-567210,22.082
mp-19782,43.513
mp-22685,43.172
mp-22229,50.032
mp-1024984,57.587
mp-2725,86.675
mp-979287,26.88
mp-1635,20.807
mp-7381,24.883
mp-862767,26.564
mp-867234,25.823
mp-977396,45.839
mp-20822,46.765
mp-2117,120.579
mp-12647,53.917
mp-999130,27.534
mp-276,45.523
mp-6092,71.075
mp-30808,72.199
mp-3061,95.952
mp-4288,42.414
mp-3716,55.203
mp-645,58.988
mp-7168,48.991
mp-4672,22.162
mp-999124,28.181
mp-2747,45.911
mp-980059,15.253
mp-1697,73.747
mp-1549,71.121
mp-11561,37.508
mp-542103,77.674
mp-11562,76.027
mp-5692,68.207
mp-1610,42.109
mp-10930,55.746
mp-2724,34.455
mp-982596,28.229
mp-4395,45.392
mp-31119,82.231
mp-1561,29.91
mp-1025077,40.268
mp-1924,65.542
mp-1535,26.002
mp-754875,101.443
mp-1070859,72.048
mp-1072922,38.323
mp-864599,16.179
mp-21401,-2748.856
mp-1176,21.785
mp-867290,39.055
mp-1019324,23.413
mp-10078,52.086
mp-21433,52.977
mp-30878,14.522
mp-978907,20.09
mp-999121,17.502
mp-978988,27.068
mp-972156,23.922
mp-978911,27.122
mp-978975,16.993
mp-865254,26.236
mp-836,23.228
mp-2338,35.596
mp-13536,34.647
mp-4075,40.544
mp-113,145.8
mp-8638,140.215
mp-867351,149.971
mp-11690,131.667
mp-1017987,180.392
mp-867357,150.925
mp-862779,174.876
mp-861610,144.737
mp-867281,178.077
mp-861630,161.012
mp-1019317,240.891
mp-1025373,3.815
mp-867345,157.989
mp-1002181,-45.552
mp-1019319,156.601
mp-33137,111.765
mp-867212,239.966
mp-972326,134.934
mp-1217363,167.325
mp-867356,192.283
mp-9481,18.646
mp-19,14.952
mp-105,11.377
mp-10654,5.86
mp-567313,15.001
mp-570459,20.96
mp-30981,18.976
mp-1662,-43.513
mp-1551,47.591
mp-2285,20.99
mp-10844,53.591
mp-602,14.025
mp-7459,10.737
mp-12177,39.669
mp-2142,88.304
mp-782,17.97
mp-613,25.081
mp-605028,16.154
mp-399,28.839
mp-754,48.854
mp-1341,48.875
mp-1848,76.97
mp-22693,12.518
mp-484,11.435
mp-8601,13.203
mp-8628,24.441
mp-10051,28.154
mp-561664,7.157
mp-557,29.509
mp-2125,17.938
mp-2739,28.985
mp-8377,23.269
mp-2552,77.836
mp-19717,24.006
mp-2517816,19.608
mp-564,19.279
mp-2530518,18.854
mp-29748,12.965
mp-2458827,3.699
mp-11693,19.788
mp-37,39.908
mp-31411,87.328
mp-3605,66.96
mp-5400,45.909
mp-5948,75.141
mp-20238,72.532
mp-7600,88.832
mp-3011,68.15
mp-21281,65.888
mp-4458,76.62
mp-3264,22.613
mp-505249,70.895
mp-16250,51.748
mp-3166,94.675
mp-5508,63.454
mp-4611,55.529
mp-5165,88.638
mp-8375,38.343
mp-2233,24.919
mp-865224,50.256
mp-568411,32.054
mp-16370,41.432
mp-3923,101.138
mp-1666,47.098
mp-7523,38.563
mp-30670,24.825
mp-314,46.181
mp-978964,28.975
mp-467,48.498
mp-1347,57.835
mp-24202,42.175
mp-309,36.124
mp-178,37.801
mp-669,60.691
mp-16720,50.525
mp-1306,43.904
mp-30182,75.405
mp-1753,47.87
mp-1019358,52.831
mp-1019357,41.691
mp-1025,37.338
mp-2997,124.008
mp-10115,120.286
mp-3223,94.235
mp-1756,135.517
mp-1562,106.867
mp-30468,25.236
mp-571335,26.476
mp-1019362,28.967
mp-23160,15.046
mp-570229,9.13
mp-28066,20.167
mp-1164,71.668
mp-1210,37.237
mp-867372,19.287
mp-867353,19.368
mp-867346,16.677
mp-861646,-241.201
mp-567431,10.533
mp-30564,22.233
mp-809,37.758
mp-999088,93.646
mp-1377,32.47
mp-12834,23.0
mp-2689,50.22
mp-865450,43.146
mp-862875,11.401
mp-1093,42.681
mp-16371,48.812
mp-9756,65.809
mp-6979,59.761
mp-24291,12.304
mp-1008734,-41.27
mp-861653,30.932
mp-2215,33.498
mp-28067,15.059
mp-20206,31.631
mp-622041,22.021
mp-1187,75.228
mp-312,172.832
mp-745,18.428
mp-979263,20.296
mp-977352,23.653
mp-12748,65.624
mp-834,86.739
mp-220,2.343
mp-1567,65.856
mp-22786,48.922
mp-643,91.197
mp-1828,-13338.654
mp-931,56.224
mp-1019360,41.079
mp-19889,58.614
mp-672388,-3.584
mp-21381,20.125
mp-865400,44.381
mp-1659,131.709
mp-568337,30.894
mp-2509,76.264
mp-574438,11735.995
mp-22394,107.105
mp-503,37.254
mp-1146,33.237
mp-8136,63.691
mp-1751,30.308
mp-10637,31.802
mp-7568,31.269
mp-10623,42.792
mp-1019359,39.448
mp-1019361,31.492
mp-2183,25.536
mp-7951,26.736
mp-2844,45.354
mp-7497,47.811
mp-1025413,76.034
mp-1025056,95.922
mp-9164,62.806
mp-5836,58.134
mp-1025053,-37078.522
mp-30872,40.547
mp-435,30.84
mp-866174,17.763
mp-865677,-17226801.471
mp-19886,42.631
mp-865944,51.878
mp-1921,49.635
mp-3718,51.071
mp-5274,62.689
mp-2061,26.727
mp-46,48.257
mp-72,62.245
mp-6985,37.093
mp-1025207,32.833
mp-29091,37.645
mp-553991,70.401
mp-1025173,65.901
mp-1025291,49.134
mp-18288,19.604
mp-1025282,136.526
mp-979115,38.471
mp-12990,115.936
mp-861627,40.787
mp-4978,118.851
mp-1262424,-927.269
mp-861640,72.215
mp-861637,61.979
mp-571126,110.559
mp-12648,144.287
mp-568069,24.038
mp-10721,84.645
mp-3732,134.771
mp-30501,29.006
mp-9961,59.737
mp-861639,71.126
mp-861641,96.956
mp-862911,91.654
mp-861656,78.863
mp-1025345,34.742
mp-742,54.059
mp-30599,34.657
mp-622570,56.753
mp-3951,37.972
mp-505804,51.886
mp-972217,52.288
mp-861672,75.782
mp-9942,56.924
mp-5090,41.074
mp-30671,64.019
mp-30673,70.461
mp-12537,110.605
mp-1025550,111.361
mp-9958,105.974
mp-972337,92.111
mp-999052,56.463
mp-861958,55.985
mp-863690,83.539
mp-861983,76.543
mp-865569,97.188
mp-865712,66.646
mp-865768,88.015
mp-972396,71.729
mp-866218,80.041
mp-865469,78.85
mp-865807,83.939
mp-865803,87.695
mp-7790,105.086
mp-8282,120.619
mp-1808,340.997
mp-865529,7.109
mp-865591,76.912
mp-1025263,53.452
mp-1025281,41.997
mp-1215,110.136
mp-458,74.827
mp-776456,108.773
mp-865842,119.766
mp-13164,64.242
mp-30840,41.93
mp-10136,188.97
mp-865717,118.676
mp-865728,80.092
mp-865533,110.684
mp-865538,72.804
mp-865877,77.792
mp-865948,102.659
mp-972275,93.59
mp-972241,83.786
mp-1018124,84.389
mp-616559,86.318
mp-5244,70.239
mp-30875,61.103
mp-637255,48.891
mp-3871,94.05
mp-865840,110.73
mp-865878,73.802
mp-865876,99.119
mp-865931,65.713
mp-865928,72.828
mp-865649,95.495
mp-865650,94.372
mp-12527,14.556000000000001
mp-972238,84.534
mp-1025203,46.399
mp-1025219,33.076
mp-1014229,50.566
mp-1014227,95.909
mp-866183,62.502
mp-866187,47.873
mp-23427,20.723
mp-1823,60.543
mp-3271,103.192
mp-3747,128.029
mp-10675,40.864
mp-1786,71.311
mp-1025170,217.798
mp-866201,-52.441
mp-2643,57.91
mp-30672,55.181
mp-972069,64.387
mp-1095505,124.059
mp-2354,68.833
mp-2560,47.565
mp-11073,57.386
mp-544,-1.133
mp-755920,75.836
mp-980945,17.805
mp-981232,24.306
mp-567653,39.688
mp-13993,41.198
mp-755875,93.478
mp-1147,76.573
mp-865899,51.02
mp-570199,43.074
mp-760414,45.205
mp-2339,56.112
mp-30851,73.603
mp-17413,71.393
mp-1412,20.295
mp-569837,59.1
mp-5659,133.36
mp-21030,27.179
mp-570691,37.008
mp-21023,116.018
mp-644483,24.897
mp-15669,34.865
mp-774922,13.893
mp-865900,59.015
mp-4563,83.571
mp-9964,40.969
mp-866186,52.136
mp-1014257,94.61
mp-10734,90.488
mp-18583,101.052
mp-22033,43.449
mp-11765,47.028
mp-2108,94.124
mp-505527,-14970.959
mp-20847,50.343
mp-7498,38.922
mp-865235,89.296
mp-978976,38.65
mp-11750,105.78
mp-20382,-6465.549
mp-568232,56.499
mp-15397,85.772
mp-27919,97.532
mp-1017985,28.597
mp-10810,14.3
mp-1953,68.456
mp-11809,82.494
mp-567705,81.43
mp-4930,94.223
mp-542915,86.395
mp-998981,65.989
mp-16481,54.244
mp-16482,26.152
mp-5407,98.873
mp-4771,58.316
mp-31187,85.502
mp-998980,126.046
mp-7187,62.108
mp-865442,113.141
mp-865441,28.706
mp-570713,51.204
mp-866153,-19.025
mp-866155,91.984
mp-1822,71.121
mp-10052,62.395
mp-505540,76.463
mp-1018123,25.114
mp-12635,39.965
mp-7857,190.624
mp-1145,257.473
mp-9716,64.066
mp-11279,73.705
mp-11280,39.713
mp-2749,108.384
mp-866139,65.793
mp-866152,104.999
mp-866154,121.444
mp-866143,98.384
mp-27785,5.097
mp-631,172.363
mp-30500,26.541
mp-623024,14.26
mp-11300,27.827
mp-13641,42.573
mp-20940,62.805
mp-28116,6.039
mp-23275,3.743
mp-571143,3.142
mp-2036706,4.9190000000000005
mp-823,68.061
mp-695,2255401628309.966
mp-4612,84.07
mp-3657,96.955
mp-21467,77.267
mp-608,94.374
mp-22769,76.495
mp-5967,74.37
mp-15657,103.013
mp-21306,100.664
mp-1425,72.775
mp-568636,72.282
mp-1216966,223.639
mp-11580,123.545
mp-2078,62.551
mp-11364,49.243
mp-541754,25.085
mp-12546,51.729
mp-675755,26.249
mp-1188441,52.772
mp-753490,71.103
mp-20255,77.37
mp-19983,55.201
mp-246,30.021
mp-305,94.979
mp-2454,77.415
mp-866375,127.259
mp-998970,27.731
mp-866141,146.521
mp-19963,108.178
mp-1018012,72.561
mp-998971,90.291
mp-643945,73.984
mp-10755,56.301
mp-8648,113.376
mp-21662,23687.184
mp-961673,73.592
mp-2767,80.336
mp-571342,67.761
mp-2731,73.321
mp-1025229,50.857
mp-1025313,34.363
mp-20145,87.666
mp-636320,102.391
mp-998964,113.059
mp-866142,85.752
mp-30656,65.377
mp-30657,48.916
mp-1025045,44.998
mp-866140,18.4
mp-22662,61.559
mp-866157,-90.038
mp-865448,87.343
mp-567889,80.368
mp-780260,16.375
mp-16740,57.852
mp-20268,68.935
mp-1008680,59.294
mp-865640,116.587
mp-690760,29.293
mp-24161,-22.435
mp-24726,17.855
mp-1526,47.479
mp-23223,0.079
mp-23264,1.246
mp-541013,1.8479999999999999
mp-621348,16.645
mp-22725,46.141
mp-22463,50.534
mp-866168,22.501
mp-866170,1099.271
mp-1235,82.089
mp-12594,87.624
mp-1089,163.457
mp-1949,54.384
mp-865531,83.1
mp-865780,76.368
mp-866376,85.453
mp-865652,105.768
mp-865678,76.292
mp-865656,113.185
mp-865537,77.429
mp-865523,75.228
mp-492,191.577
mp-27850,21.367
mp-1216692,238.167
mp-35869,148.536
mp-755302,27.544
mp-865653,111.453
mp-34289,16.077
mp-865655,94.868
mp-571,-22.888
mp-597,38.641
mp-1048,40.28
mp-2716,38.05
mp-603347,61.591
mp-10261,27.593
mp-3740,36.868
mp-1409,96.324
mp-16356,83.324
mp-20952,59.365
mp-924130,69.076
mp-1203,107.51
mp-755264,165.923
mp-390,47.35
mp-430,88.246
mp-1439,80.898
mp-1840,78.901
mp-2657,107.377
mp-9173,53.487
mp-554278,60.573
mp-766454,65.111
mp-2420244,17.976
mp-752496,66.392
mp-753059,27.664
mp-753657,94.772
mp-753708,57.512
mp-37473,70.894
mp-291,130.443
mp-739,90.022
mp-20327,89.952
mp-989613,62.581
mp-5839,63.424
mp-10739,102.358
mp-19845,90.612
mp-20459,40.241
mp-11546,19.089
mp-980094,87.665
mp-1018121,99.939
mp-636328,88.699
mp-998949,105.968
mp-12107,106.959
mp-569708,105.465
mp-972220,90.295
mp-30852,86.388
mp-2179,69.775
mp-865664,142.198
mp-996940,103.364
mp-865665,125.232
mp-2583,51.647
mp-11563,-310.529
mp-1152,123.939
mp-592,108.631
mp-554462,93.631
mp-1018028,101.235
mp-2156,15.707
mp-9027,30.78
mp-558110,13.215
mp-9920,8.458
mp-2187,45.424
mp-568,54.473
mp-568789,75.306
mp-571651,62.14
mp-2194,5.916
mp-7092,99.581
mp-2582,111.779
mp-510409,104.824
mp-865680,134.466
mp-961706,68.623
mp-672645,89.044
mp-11560,103.155
mp-505822,75.142
mp-865681,129.794
mp-865669,85.424
mp-754246,17.517
mp-773864,47.131
mp-961682,47.761
mp-865679,3.057
mp-30847,56.643
mp-865707,-66.294
mp-865888,106.326
mp-11573,80.038
mp-866213,122.887
mp-865809,97.116
mp-865810,119.069
mp-567832,55.643
mp-1907,14.171
mp-11113,60.194
mp-10402,7.213
mp-15635,1.061
mp-6706,46.869
mp-1542940,4.58
mp-1216667,252.386
mp-865916,111.69
mp-865914,95.113
mp-1014230,51.57
mp-557950,70.619
mp-2327,24.042
mp-30882,65.278
mp-21289,33.181
mp-865730,28.603
mp-865898,89.75
mp-865930,52.34
mp-865048,104.561
mp-1016108,55.654
mp-865093,55.791
mp-14142,45.719
mp-635713,25.095
mp-865079,29.824
mp-861619,-2.967
mp-861961,83.01
mp-39,3.464
mp-82,11.153
mp-151,-4.929
mp-972373,-5.562
mp-5501,23.471
mp-4475,20.186
mp-557929,13.226
mp-8676,16.05
mp-5000,15.456
mp-569204,11.85
mp-3021,22.879
mp-3411,15.825
mp-559492,16.781
mp-4354,13.208
mp-30571,8.532
mp-755435,4.547
mp-29898,7.562
mp-2679737,3.907
mp-1025338,9.03
mp-989555,-2.132
mp-554212,17.662
mp-1658,-35918.953
mp-570896,12.66
mp-29889,6.248
mp-28954,8.703
mp-571160,19.653
mp-13801,83.891
mp-27834,6.203
mp-4112,8.835
mp-28843,8.949
mp-27833,5.702
mp-29556,5.2620000000000005
mp-4584,11.808
mp-979269,6.46
mp-972185,8.347
mp-4876,6.494
mp-5513,7.07
mp-1025549,7.414
mp-3019,13.957
mp-23488,8.241
mp-997010,19.118
mp-10006,10.05
mp-11873,48.595
mp-1025353,48.286
mp-4988,5.635
mp-978969,9.318
mp-996981,18.483
mp-30469,12.03
mp-27438,15.95
mp-22875,7.329
mp-568560,6.436
mp-866188,51.879
mp-569639,6.9190000000000005
mp-30530,5.629
mp-2353285,6.688
mp-4638,20.607
mp-13829,15.73
mp-8800,13.476
mp-8159,15.68
mp-998147,17.428
mp-554973,25.725
mp-997042,9.227
mp-14089,22.129
mp-14090,18.075
mp-720,4.15
mp-3849,9.844
mp-9810,3.583
mp-9580,12.675
mp-22858,5.404
mp-23197,6.535
mp-571102,5.91
mp-22566,22.184
mp-22232,11.724
mp-5915,8.29
mp-675283,2.746
mp-1025348,47.971
mp-8249,5.047
mp-865232,6.664
mp-7038,12.159
mp-569785,24.612
mp-571030,41.898
mp-5478,38.327
mp-1025248,33.622
mp-9272,15.986
mp-541487,14.331
mp-322,10.224
mp-8348,5.277
mp-28230,5.992
mp-676540,6.331
mp-4573,16.998
mp-1836,9.644
mp-1025329,54.754
mp-9251,15.407
mp-143,31.32
mp-1018122,28.525
mp-10857,122.764
mp-5983,68.577
mp-567808,55.871
mp-4903,75.636
mp-2514049,29.553
mp-4195,44.072
mp-571485,50.944
mp-8528,86.03
mp-568371,76.801
mp-1025238,62.39
mp-979176,28.734
mp-865281,34.96
mp-865282,38.929
mp-12005,66.441
mp-979258,28.297
mp-865284,37.595
mp-4324,23.205
mp-1025181,74.225
mp-979044,40.594
mp-9211,84.491
mp-865340,35.412
mp-865356,38.344
mp-865403,56.917
mp-865361,29.624
mp-865449,27.589
mp-971705,19.59
mp-1767,70.015
mp-556253,71.182
mp-3556,70.856
mp-753920,67.155
mp-754475,29.031
mp-866120,29.296
mp-977589,24.389
mp-971979,31.805
mp-972244,41.351
mp-972274,32.424
mp-865237,38.748
mp-865338,39.448
mp-1095591,48.429
mp-1018641,72.828
mp-569871,32.583
mp-20522,31.852
mp-2990,40.242
mp-6917,40.715
mp-12953,18.114
mp-1078600,21.354
mp-858,60.864
mp-16517,59.378
mp-768,59.643
mp-1191390,153.686
mp-865402,45.234
mp-571506,65.876
mp-1101,55.255
mp-1017507,18.132
mp-560,45.148
mp-800,164.653
mp-5620,106.066
mp-571352,71.283
mp-5438,89.666
mp-23234,30.664
mp-546350,37.545
mp-552738,37.095
mp-865301,2.236
mp-754969,-18.302
mp-30502,29.664
mp-865983,20.768
mp-865982,28.97
mp-865202,20.588
mp-865206,52.847
mp-28044,11.563
mp-632,133.594
mp-5714,126.519
mp-19754,64.185
mp-13502,100.095
mp-1025408,57.852
mp-985,28.832
mp-1025116,27.214
mp-30600,13.382
mp-20663,45.973
mp-36209,29.485
mp-8123,64.836
mp-865194,39.096
mp-1956,50.722
mp-1025504,56.193
mp-11392,49.426
mp-1603,44.081
mp-1025257,52.0
mp-865195,55.923
mp-982739,58.693
mp-865209,86.548
mp-865215,73.726
mp-865353,1.9609999999999999
mp-1024957,55.5
mp-865211,40.486
mp-980669,47.005
mp-972455,15.051
mp-865210,23.143
mp-1505,21.014
mp-2214,24.287
mp-979073,24.536
mp-971920,20.14
mp-865230,52.742
mp-11615,62.325
mp-978995,49.453
mp-1975,137.49
mp-865241,90.483
mp-865248,73.733
mp-6754,73.834
mp-865974,32.569
mp-11526,75.801
mp-568269,51.78
mp-4037,100.038
mp-21157,61.869
mp-4025,61.273
mp-7169,44.958
mp-865788,-22.8
mp-19820,6.186
mp-348,38.402
mp-982,50.923
mp-1025409,36.535
mp-571271,75.074
mp-2351,77.422
mp-11564,47.637
mp-30865,-849.6
mp-10714,83.513
mp-1766,43.054
mp-2520,36.301
mp-16314,49.592
mp-980392,28.405
mp-980206,53.361
mp-2822,27.123
mp-772,28.37
mp-1025393,64.624
mp-1077102,37.017
mp-3942,28.127
mp-11974,48.404
mp-865252,187.815
mp-865249,68.88
mp-865262,80.951
mp-237,18.543
mp-980014,33.632
mp-817,17.128
mp-1008561,18.038
mp-2316,34.632
mp-569406,43.099
mp-865298,15.796
mp-865299,52.839
mp-979011,40.177
mp-567807,38.108
mp-44,113.597
mp-5544,39.122
mp-29005,84.753
mp-21388,40.432
mp-22374,157.267
mp-1087505,194.582
mp-20924,89.691
mp-5591,19.633
mp-22639,57.604
mp-31256,25.536
mp-20596,66.072
mp-5786,90.466
mp-4793,48.272
mp-5556,84.537
mp-3388,83.923
mp-27468,42.907
mp-2625,100.718
mp-10247,98.863
mp-20276,42.193
mp-21493,56.915
mp-6940,50.107
mp-30789,-9.903
mp-973,92.753
mp-5381,86.061
mp-5739,79.861
mp-5268,46.99
mp-600216,35.78
mp-3048,70.395
mp-5505,52.251
mp-1709,129.399
mp-28838,80.702
mp-606,49.726
mp-308,48.125
mp-392,32.637
mp-20328,14.148
mp-956,69.262
mp-21108,9.664
mp-472,-142.01
mp-1723,63.453
mp-4561,63.137
mp-16519,-1079152.082
mp-4206,51.105
mp-4374,42.242
mp-22595,47.857
mp-12072,48.418
mp-22319,182.299
mp-1514,214.267
mp-10132,141.007
mp-1025127,53.324
mp-1163,127.915
mp-23255,13.099
mp-27762,16.394
mp-2489,29.992
mp-2486,76.295
mp-29761,24.118
mp-545598,40.843
mp-23208,16.753
mp-1383,257918.777
mp-10056,147.434
mp-21494,0.78
mp-11833,34.78
mp-1852,11.448
mp-2275,2.694
mp-10065,145.512
mp-20214,52.872
mp-4732,75.021
mp-21251,-18.302
mp-865421,23.041
mp-22065,36.408
mp-20913,13.408
mp-3579,53.059
mp-3109,40.783
mp-24659,61.069
mp-23244,3.645
mp-20941,41.165
mp-20358,34.562
mp-1655,91.056
mp-1044,122.424
mp-339,11.56
mp-567695,34.896
mp-3991,145.732
mp-1865,72.566
mp-1776,93.359
mp-1025123,91.914
mp-672374,45.894
mp-2838,76.268
mp-22159,49.253
mp-1597,92.078
mp-375,63.703
mp-1085,23.809
mp-2011,46.377
mp-413,68.706
mp-30841,-112823.863
mp-28607,191.09
mp-1102585,213.715
mp-1150,77.53
mp-1263,92.494
mp-2423,-46.911
mp-519,-82.799
mp-2707,13.117
mp-505019,53.613
mp-10624,36.636
mp-7935,39.772
mp-2143,-87.276
mp-20077,16.907
mp-3217,27.307
mp-980,64.11
mp-2800,100.19
mp-9487,1.484
mp-30419,66.09
mp-30848,53.407
mp-504687,22.01
mp-4895,29.644
mp-3402,30.992
mp-7170,45.435
mp-9771,58.663
mp-1025154,11.277
mp-865322,59.337
mp-146,40.746
mp-1025322,53.225
mp-4253,44.953
mp-1025224,58.933
mp-555370,69.759
mp-10046,115.533
mp-9208,240.168
mp-20648,119.66
mp-1008632,99.627
mp-865490,102.939
mp-865485,118.265
mp-865484,112.266
mp-865494,103.536
mp-1025232,49.825
mp-865495,95.291
mp-1025278,29.918
mp-561419,71.581
mp-1025182,46.863
mp-1025378,32.385
mp-20405,78.828
mp-9957,104.264
mp-642644,44.977
mp-642659,57.721
mp-972205,116.67
mp-33090,142.833
mp-4909,58.493
mp-7823,44.695
mp-569662,10.885
mp-20541,103.941
mp-8044,151.481
mp-865497,136.853
mp-981365,126.088
mp-865499,129.105
mp-865501,109.902
mp-292,111.483
mp-27769,76.549
mp-839,75.505
mp-2091,199.016
mp-569270,233.825
mp-1585,109.487
mp-1216493,229.65
mp-22568,52.731
mp-1221,42.108
mp-2006,123.848
mp-972071,36.67
mp-7226,96.268
mp-676058,102.936
mp-866121,109.532
mp-1664,77.739
mp-2211,96.288
mp-865385,59.053
mp-1216475,218.099
mp-1578,105.892
mp-865382,89.252
mp-1081,70.615
mp-1555,80.374
mp-29617,-4.889
mp-22700,53.787
mp-2567,52.199
mp-21342,5.122
mp-22211,-115.015
mp-1028,32.562
mp-2420227,44.806
mp-30883,38.221
mp-1206441,232.744
mp-8045,88.907
mp-30536,52.07
mp-568671,121.043
mp-570483,53.794
mp-9948,1.347
mp-28731,175.41
mp-976,120.052
mp-542730,178.711
mp-1216445,211.081
mp-6543,2.107
mp-19940,86.366
mp-20395,76.499
mp-30423,26.935
mp-11193,51.636
mp-9973,231.992
mp-1491,240.821
mp-865473,3.386
mp-1282,208.742
mp-22877,9.518
mp-1002109,-11.6
mp-865465,81.715
mp-20586,94.021
mp-21469,71.09
mp-1017529,154.123
mp-10057,203.341
mp-4076,55.213
mp-21371,113.415
mp-1216398,219.064
mp-1216375,188.983
mp-3762,24.992
mp-21855,20.988
mp-979910,37.09
mp-1335,68.158
mp-4595,2.215
mp-866134,92.605
mp-980749,108.03
mp-567636,60.034
mp-22790,88.046
mp-21883,122.941
mp-30658,38.51
mp-865586,112.122
mp-865471,78.962
mp-865585,105.622
mp-1002114,-40.376
mp-24728,88.024
mp-1018138,5.8
mp-865493,2.292
mp-1281,126.573
mp-569250,117.569
mp-982070,116.36
mp-1082,218.807
mp-865496,186.516
mp-1018027,255.479
mp-11531,85.56
mp-171,101.539
mp-12778,122.261
mp-1114,108.026
mp-9923,123.748
mp-11549,78.469
mp-873,75.46
mp-568711,81.744
mp-2678,140.06
mp-1017531,116.114
mp-12108,114.484
mp-372,109.303
mp-2705,108.174
mp-1216295,132.178
mp-1251,101.713
mp-1185,155.92
mp-866161,128.846
mp-1395,84.674
mp-1868,82.483
mp-9561,17.569
mp-557523,7.8629999999999995
mp-849060,11.615
mp-1013525,15.667
mp-1013526,13.814
mp-2851,47.367
mp-31455,48.967
mp-694,11.236
mp-10711,148.53
mp-11190,148.681
mp-865506,125.357
mp-865507,119.671
mp-865472,107.994
mp-20887,51.156
mp-669918,77.938
mp-2540,125.024
mp-865482,96.105
mp-11687,17.848
mp-1029262,60.484
mp-11578,65.384
mp-865487,18.666
mp-865486,79.087
mp-91,148.152
mp-2034,167.632
mp-33065,171.769
mp-567397,169.09
mp-570568,2.06
mp-1894,263.151
mp-23178,0.59
mp-571518,0.526
mp-999549,226.611
mp-1077232,226.66
mp-2675163,24.65
mp-2679804,25.475
mp-224,20.652
mp-9813,22.737
mp-1025571,14.933
mp-1205307,0.749
mp-2422943,0.2
mp-1821,17.056
mp-1023936,7.663
mp-1028698,12.676
mp-9,23.2
mp-112,27.122
mp-30177,78.364
mp-11029,61.012
mp-4656,84.62
mp-10521,38.044
mp-10435,41.59
mp-571369,16.32
mp-14622,43.85
mp-5984,99.894
mp-3515,107.661
mp-4908,70.145
mp-5129,94.082
mp-4520,55.688
mp-3390,76.153
mp-12077,81.112
mp-21113,49.23
mp-5288,82.397
mp-4889,62.331
mp-10896,-2.133
mp-3854,76.237
mp-22260,71.503
mp-5109,47.692
mp-568940,82.948
mp-15053,61.345
mp-9906,78.048
mp-570452,42.308
mp-3896,63.404
mp-4653,104.133
mp-5176,73.066
mp-567749,88.942
mp-4822,52.738
mp-3999,15.533
mp-3441,88.566
mp-568673,80.006
mp-639910,55.679
mp-11445,60.055
mp-11486,76.465
mp-866160,32.475
mp-865561,35.774
mp-11230,30.684
mp-9177,65.462
mp-604516,34.404
mp-10527,53.174
mp-865560,40.862
mp-29896,37.797
mp-1334,31.783
mp-1695,48.318
mp-35785,22.805
mp-27678,11.944
mp-1106140,23.307
mp-20618,61.852
mp-1025372,68.605
mp-865594,37.98
mp-754364,57.572
mp-865587,33.634
mp-865588,40.684
mp-1025339,81.239
mp-10214,50.308
mp-644278,66.735
mp-561442,95.728
mp-16919,45.222
mp-21294,27.105
mp-569523,40.912
mp-865600,42.364
mp-865603,33.326
mp-865583,20.535
mp-865602,36.348
mp-4901,10.28
mp-865747,54.985
mp-754185,28.377
mp-865433,20.648
mp-15803,18.906
mp-865432,42.924
mp-865641,40.076
mp-2652,62.199
mp-13061,43.654
mp-558573,62.537
mp-754759,53.717
mp-775906,64.912
mp-775907,63.43
mp-752849,70.675
mp-21508,29.744
mp-866166,37.213
mp-1025205,72.317
mp-21003,74.404
mp-866173,46.33
mp-541289,30.591
mp-755609,25.303
mp-5652,59.865
mp-31011,64.641
mp-6353,102.676
mp-2932,98.283
mp-3370,91.448
mp-5373,98.422
mp-17639,51.513
mp-865671,33.082
mp-865659,35.758
mp-865592,30.47
mp-558411,86.846
mp-30338,32.502
mp-16723,33.73
mp-3050,103.015
mp-865990,58.97
mp-4448,63.961
mp-1105598,408363.95
mp-1106148,-7509982.58
mp-5444,14.871
mp-10601,64.388
mp-19817,63.498
mp-567863,77.392
mp-21017,58.485
mp-7343,17.134
mp-1029652,94.254
mp-10608,62.479
mp-9960,63.955
mp-5409,25.895
mp-560927,26.941
mp-9459,63.23
mp-675009,11.154
mp-21875,29.546
mp-568320,31.924
mp-1029349,37.741
mp-17751,52.258
mp-1988,47182.922
mp-567412,45.075
mp-30921,8.761
mp-11202,36.168
mp-2474,20.315
mp-865502,17.156
mp-21505,31.32
mp-5729,41.828
mp-12903,19.888
mp-11228,28.791
mp-11229,34.161
mp-2322,61.069
mp-16493,44.624
mp-13094,57.961
mp-2451,44.156
mp-11231,58.719
mp-865527,38.964
mp-4054,59.711
mp-5063,68.926
mp-768572,36.039
mp-3602,59.11
mp-865504,23.742
mp-29736,56.76
mp-13095,38.915
mp-3792,111.803
mp-756214,86.342
mp-12961,27.628
mp-31080,63.155
mp-933,50.989
mp-15695,47.4
mp-11261,-8.518
mp-30251,29.163
mp-1542,152.469
mp-9880,137.397
mp-12737,52.887
mp-4382,105.493
mp-637,139.258
mp-2203,84.351
mp-1018643,20.681
mp-5971,52.283
mp-1018644,0.424
mp-29725,85.796
mp-23241,29.04
mp-553243,34.566
mp-754815,2.819
mp-313,41.291
mp-643367,6.494
mp-23062,-22.026
mp-915,28.662
mp-1331,31.607
mp-2349,25.172
mp-571059,21.515
mp-865503,15.786
mp-865522,21.097
mp-865525,19.287
mp-865520,27.819
mp-865524,20.954
mp-27455,3.334
mp-8053,27.181
mp-865373,22.17
mp-1294,49.343
mp-5019,116.996
mp-10463,65.313
mp-2827,50.237
mp-21422,58.224
mp-4248,94.828
mp-712,31.833
mp-2698,20.657
mp-550306,33.01
mp-2797,42.488
mp-10991,47.451
mp-2918,35.776
mp-6972,32.461
mp-1340758,56.266
mp-30208,69.552
mp-20865,45.214
mp-19943,35.383
mp-675902,27.881
mp-8126,60.168
mp-13202,52.304
mp-945184,20.022
mp-972420,35.034
mp-972415,36.138
mp-979934,28.694
mp-979424,21.058
mp-980055,20.656
mp-981548,14.644
mp-979421,31.495
mp-1570,32.771
mp-11385,224.371
mp-1914,52.98
mp-11444,51.773
mp-979423,42.645
mp-1025375,53.183
mp-979422,3.029
mp-866156,44.976
mp-9971,54.513
mp-29772,51.058
mp-24650,53.752
mp-23706,54.412
mp-28797,62.621
mp-2399,31.429
mp-30725,27.952
mp-30726,21.426
mp-979425,34.495
mp-979715,36.683
mp-979429,26.801
mp-979427,30.364
mp-753712,12.222
mp-22704,20.93
mp-22056,40.977
mp-20131,29.977
mp-22493,21.208
mp-19946,39.817
mp-672299,35.401
mp-568880,30.541
mp-19740,37.842
mp-510441,39.147
mp-866163,37.6
mp-30746,46.637
mp-2762,88.026
mp-866158,23.614
mp-979430,16.293
mp-979431,35.072
mp-615,20.773
mp-11499,22.125
mp-979435,25.076
mp-865376,26.114
mp-981252,17.204
mp-30737,36.231
mp-866162,13.385
mp-13090,44.769
mp-866171,20.128
mp-865512,26.509
mp-13171,22.255
mp-13172,45.743
mp-5590,48.769
mp-866164,26.818
mp-21503,40.499
mp-3433,57.883
mp-12696,21.372
mp-866165,47.658
mp-11984,39.795
mp-6908,66.8
mp-865515,36.417
mp-22508,87.231
mp-21249,56.086
mp-2114,120.831
mp-5387,55.399
mp-979931,62.863
mp-1364,22.852
mp-1019,-140053.811
mp-569196,48.827
mp-7559,77.117
mp-2152,72.438
mp-30460,49.382
mp-11520,55.328
mp-22617,43.823
mp-3637,56.884
mp-10219,47.409
mp-38194,65.184
mp-570670,51.03
mp-994,58.797
mp-5132,60.18
mp-16304,49.574
mp-865516,-102.485
mp-22712,23.095
mp-559,48.346
mp-1025448,33.963
mp-2674,73.5
mp-2403,70.92
mp-570923,55.616
mp-191,41.489
mp-921,61.818
mp-22120,79.702
mp-11565,76.122
mp-568186,48.099
mp-1534,42.129
mp-10086,54.195
mp-215,34.094
mp-865513,-0.531
mp-4964,47.273
mp-768479,70.113
mp-2637,30.01
mp-9972,65.637
mp-2568,29.796
mp-12769,19.816
mp-30028,100.445
mp-10284,85.329
mp-9025,44.079
mp-20557,62.677
mp-28024,50.1
mp-19728,62.797
mp-21069,50.299
mp-13010,37.676
mp-11571,1.966
mp-567197,42.304
mp-1394400,20.038
mp-5538,14.252
mp-22275,41.035
mp-5377,66.772
mp-865519,69.742
mp-1708,21.921
mp-865430,38.592
mp-865530,30.249
mp-5042,49.263
mp-10455,52.547
mp-4355,77.988
mp-1443298,43.928
mp-22179,49.378
mp-2393,15.556000000000001
mp-755544,34.596
mp-11547,25.047
mp-980662,35.136
mp-980942,21.693
mp-753306,34.164
mp-989576,35.462
mp-989609,69.624
mp-2516,30.473
mp-30886,54.123
mp-30884,41.301
mp-30885,45.395
mp-546011,33.473
mp-13160,54.248
mp-865517,44.737
mp-20987,42.778
mp-866159,65.206
mp-31438,41.125
mp-10405,43.955
mp-20082,60.769
mp-5326,83.937
mp-5934,54.255
mp-12956,108.383
mp-2866,70.986
mp-21366,47.997
mp-10996,27.929
mp-9592,35.334
mp-13398,60.872
mp-574235,39.352
mp-568095,88.753
mp-5916,58.089
mp-4633,40.803
mp-4936,30.453
mp-3415,67.203
mp-9582,49.154
mp-14344,119.842
mp-865630,1.24
mp-979961,18.393
mp-865662,-3.458
mp-979989,18.544
mp-865660,22.834
mp-866212,-7.11
mp-13041,104.473
mp-979968,17.672
mp-866175,20.71
mp-865648,22.062
mp-865918,25.303
mp-865845,33.64
mp-865854,25.194
mp-979967,23.271
mp-865909,32.244
mp-865908,28.619
mp-972370,18.49
mp-980663,6.47
mp-864756,17.477
mp-2814,-19.52
mp-864800,21.308
mp-977553,20.657
mp-4300,30.327
mp-570050,26.28
mp-864789,30.672
mp-864743,19.632
mp-864741,16.655
mp-977442,26.477
mp-977424,-54020.802
mp-21206,6.307
mp-767,34.758
mp-981207,37.631
mp-19777,9.67
mp-979956,9.45
mp-980034,9.43
mp-864675,29.069
mp-349,41.818
mp-1008617,17.035
mp-9776,30.788
mp-866177,24.979
mp-7962,24.035
mp-969,-314611.222
mp-977428,42.706
mp-12782,42.116
mp-1259,53.601
mp-600,-6.965
mp-568823,21.466
mp-1025071,131.531
mp-419,90.805
mp-5364,29.012
mp-3686,87.207
mp-552016,25.112
mp-1100,8.69
mp-1857,15.006
mp-865739,15.429
mp-865742,11.442
mp-865755,39.613
mp-281,14.307
mp-10058,118.119
mp-1937,22.182
mp-567538,29.254
mp-1607,39.517
mp-980063,19.241
mp-980199,26.151
mp-980064,25.653
mp-865753,27.507
mp-980062,29.049
mp-22072,-23.497
mp-13449,35.142
mp-1078497,36.326
mp-20627,50.449
mp-865756,9.818
mp-865757,55.665
mp-634751,33.752
mp-865785,176.796
mp-865759,38.75
mp-570749,13.664
mp-865171,14.403
mp-570418,0.321
mp-2459,23.996
mp-20469,21.04
mp-865789,21.769
mp-570912,-94.645
mp-568537,19.356
mp-865790,8.103
mp-568705,35.115
mp-1584,516795.504
mp-865663,38.627
mp-972352,13.027
mp-972099,11.895
mp-865661,17.587
mp-542172,40.06
mp-865814,18.79
mp-972180,17.921
mp-865813,17.094
mp-865857,66.692
mp-865426,19.85
mp-971702,21.937
mp-865158,23.048
mp-865151,27.617
mp-570899,48.37
mp-2645,69.809
mp-1018647,61.016
mp-568931,33.339
mp-12523,48.444
mp-9828,32.243
mp-21430,20.904
mp-980054,14.993
mp-2547,-916.464
mp-865815,24.769
mp-2391,39.152
mp-865896,21.554
mp-865894,25.776
mp-865903,34.918
mp-865920,29.381
mp-980001,14.306
mp-865947,18.108
mp-980053,20.684
mp-980044,21.5
mp-865978,21.802
mp-981397,18.446
mp-981530,12.754
mp-865997,28.411
mp-410,61.282
mp-300,68.3
mp-567089,33.51
mp-2235,4888.979
mp-10716,80.247
mp-567116,24.812
mp-1820,44.285
mp-1916,-13.372
mp-570014,26.578
mp-865994,40.561
mp-10651,38.258
mp-866020,25.265
mp-980068,20.256
mp-865993,29.843
mp-11788,16.855
mp-865991,29.126
mp-865995,15.34
mp-22779,36.015
mp-11973,25.415
mp-865992,36.271
mp-555296,40.993
mp-865172,73.821
mp-1779,26.05
mp-972044,31.315
mp-11576,25.063
mp-865999,15.978
mp-972062,25.438
mp-657,21.379
mp-865536,30.229
mp-79,-2781.21
mp-1047016,26.799
mp-28786,106.867
mp-4194,11707.21
mp-4697,33.234
mp-1047156,33.875
mp-1047601,49.916
mp-570845,65.19
mp-5794,76.893
mp-5350,29.034
mp-34467,29.444
mp-15776,24.208
mp-15777,19.075
mp-625487,29.387
mp-22052,28.122
mp-22253,16.944
mp-541937,17.426
mp-2352785,8.873
mp-22607,17.561
mp-34169,17.702
mp-20832,14.549
mp-8207,63.614
mp-10326,12.192
mp-5146,56.385
mp-5388,12.537
mp-1722,42.179
mp-13447,40.635
mp-31171,25.725
mp-754262,18.432
mp-1029458,59.218
mp-3648,18.83
mp-12759,31.739
mp-980665,13.058
mp-971827,3.265
mp-675748,25.051
mp-35539,20.858
mp-2458726,59.017
mp-971836,56.286
mp-864654,59.551
mp-551741,88.26
mp-971891,18.995
mp-981368,-60.02
mp-864839,66.416
mp-977427,67.06
mp-1029257,19.372
mp-864844,-210.285
mp-1029334,64.008
mp-542833,30.787
mp-637614,22.686
mp-981379,27.769
mp-971948,15.75
mp-981215,45.999
mp-972042,63.909
mp-865362,52.945
mp-9460,56.059
mp-1524551,56.294
mp-2071,34.222
mp-865357,44.23
mp-865355,52.461
mp-865342,48.806
mp-980200,36.556
mp-1380,55.505
mp-4812,90.257
mp-972048,48.313
mp-644500,45.801
mp-1368,32.407
mp-1912,39.732
mp-864794,29.454
mp-14099,25.207
mp-7262,29.777
mp-1025356,67.167
mp-1684,19.123
mp-1755,37.609
mp-569960,4.594
mp-29826,24.477
mp-9812,43.981
mp-30493,57.642
mp-971712,24.036
mp-1017534,20.132
mp-971837,17.206
mp-22889,5.677
mp-22909,5.593
mp-567279,5.067
mp-19971,26.3
mp-971744,51.41
mp-987,45.918
mp-6408,33.762
mp-10824,26.528
mp-12854,22.69
mp-30593,62.437
mp-754010,35.895
mp-1025500,28.999
mp-864623,-28.162
mp-971738,56.716
mp-864661,56.792
mp-971739,55.834
mp-1873,35.487
mp-7709,31.521
mp-977356,92.854
mp-977362,83.13
mp-4008,37.29
mp-2979,95.434
mp-1029779,74.731
mp-8285,42.095
mp-4524,49.211
mp-706284,12.5
mp-756297,58.558
mp-429,62.202
mp-1486,7.305
mp-16358,34.806
mp-16290,54.987
mp-11621,40.075
mp-1986,40.506
mp-2133,42.921
mp-11025,42.518
mp-14587,37.354
mp-1025258,54.705
mp-1025272,73.003
mp-3342,9.292
mp-13610,16.281
mp-1652,58.525
mp-977383,-0.632
mp-865425,36.377
mp-971909,0.619
mp-1025222,46.262
mp-13983,21.554
mp-894,64.5
mp-30856,67.417
mp-8256,19.578
mp-6938,74.335
mp-971779,91.273
mp-15637,19.802
mp-9946,33.915
mp-10281,33.634
mp-10695,33.55
mp-13456,33.527
mp-554405,32.743
mp-555280,33.563
mp-555763,33.044
mp-560588,34.087
mp-561258,34.258
mp-5126,32.925
mp-545756,8.515
mp-753,28.522
mp-380,27.422
mp-1190,27.288
mp-754358,30.51
mp-769365,28.639
mp-3595,42.28
mp-4763,54.178
mp-977384,66.124
mp-5190,29.953
mp-13903,19.106
mp-1029469,65.055
mp-13334,62.67
mp-14628,32.654
mp-4175,39.275
mp-4756,22.498
mp-2176,22.571
mp-8884,22.507
mp-131,33.105
mp-8635,29.84
mp-1077723,28.123
mp-569344,109.355
mp-8219,64.32
mp-569247,89.169
mp-10259,14.663
mp-7707,82.806
mp-1025304,70.165
mp-1025165,88.202
mp-2221,39.298
mp-2557,54.176
mp-12773,41.265
mp-1482,69.751
mp-571419,124.562
mp-3886,93.417
mp-4678,97.869
mp-2348,46.202
mp-5025,114.231
mp-1018104,32.238
mp-628,23.228
mp-972327,-3037.847
mp-29152,79.053
mp-4022,95.112
mp-864896,69.086
mp-193,46.073
mp-864897,48.901
mp-16421,46.996
mp-1159,31.901
mp-540809,126.142
mp-21040,87.954
mp-16336,93.2
mp-569833,55.298
mp-30686,67.469
mp-20004,85.132
mp-22150,53.822
mp-19906,59.224
mp-1014265,88.758
mp-328,20.086
mp-20146,59.967
mp-8786,68.334
mp-29153,82.497
mp-753629,76.375
mp-977549,91.155
mp-560358,47.769
mp-266,49.979
mp-571664,6.6850000000000005
mp-11583,68.795
mp-553875,75.141
mp-31379,29.962
mp-5137,67.669
mp-1029337,74.511
mp-1278,86.698
mp-4613,78.073
mp-977578,52.852
mp-1025524,77.68
mp-15985,71.657
mp-7930,76.896
mp-10244,84.654
mp-1471,55.844
mp-972228,62.953
mp-11263,53.078
mp-30619,35.813
mp-31205,37.707
mp-30684,66.922
mp-27888,48.748
mp-1630,58.772
mp-20695,51.211
mp-866083,102.252
mp-11661,116.039
mp-22174,53.506
mp-1017,59.206
mp-14024,52.09
mp-22447,63.867
mp-12712,30.697
mp-30876,39.314
mp-1793,37.599
mp-977585,46.953
mp-972088,40.008
mp-12752,78.177
mp-581733,48.711
mp-607475,52.398
mp-16724,44.441
mp-2649,-62.135
mp-570196,50.269
mp-543001,64.238
mp-350,35.885
mp-12760,51.741
mp-11038,46.35
mp-13092,51.435
mp-30569,59.12
mp-29135,65.726
mp-12962,59.351
mp-9381,60.855
mp-22167,52.158
mp-12972,60.061
mp-11239,47.55
mp-1008601,-15.414
mp-11233,70.301
mp-2772,89.522
mp-395,84.766
mp-569775,59.186
mp-30183,85.414
mp-864878,19.536
mp-3909,79.114
mp-3736,49.2
mp-5723,73.136
mp-3944,-11.47
mp-541047,52.246
mp-977435,249.566
mp-977436,75.849
mp-1682,65.248
mp-10054,51.514
mp-27606,71.768
mp-8221,85.07
mp-1018103,23.112
mp-1084,219.913
mp-1472,227.984
mp-1252,89.18
mp-11283,114.539
mp-10200,114.747
mp-30933,48.372
mp-752685,46.263
mp-504594,-6.901
mp-23247,3.074
mp-570157,16.412
mp-2795,159.251
mp-1017540,28.439
mp-11313,27.666
mp-977462,33.045
mp-11293,50.865
mp-864607,34.849
mp-977537,52.302
mp-27440,3.242
mp-23162,12.215
mp-22871,3.407
mp-2353328,4.879
mp-2283,48.526
mp-929,19626.604
mp-22503,75.173
mp-10059,140.108
mp-31451,61.85
mp-8418,115.332
mp-30563,67.418
mp-2210,29.697
mp-981312,47.151
mp-30019,19.93
mp-30603,60.974
mp-8096,6.777
mp-2619703,24.755
mp-22522,85.05
mp-19953,89.065
mp-9929,76.784
mp-1718,71.586
mp-20892,119.784
mp-961652,67.211
mp-961649,74.15
mp-30682,75.217
mp-30683,62.966
mp-30685,72.855
mp-12951,61.519
mp-22580,-33.914
mp-972183,5.176
mp-2430,71.611
mp-8042,86.908
mp-977443,90.314
mp-4997,77.929
mp-9463,74.614
mp-4878,68.946
mp-3208,43.277
mp-13542,10.867
mp-632219,169.416
mp-697179,24.169
mp-24155,-37.786
mp-24286,31.121
mp-722270,3.138
mp-2510,-60.291
mp-1608,14.568
mp-570506,7.752
mp-571279,7.71
mp-23282,2.612
mp-23052,15.301
mp-580886,12.264
mp-20800,44.771
mp-570578,48.163
mp-961693,48.87
mp-581707,25.139
mp-623134,51.305
mp-20744,53.067
mp-637771,348823.815
mp-571310,27.431
mp-11484,54.929
mp-568992,55.113
mp-715,126.396
mp-1438,149.21
mp-1014,43.71
mp-2116,-10720.538
mp-20059,68.296
mp-20147,111.101
mp-22227,81.493
mp-2049,-14315206718497.004
mp-10300,112.914
mp-1352,147.586
mp-542791,14.551
mp-568592,12.548
mp-1215211,219.951
mp-4500,100.233
mp-977534,77.459
mp-556,38.253
mp-2250,73.267
mp-3469,60.623
mp-19877,45.056
mp-485,68.767
mp-30807,529137.442
mp-2439,-285006.516
mp-31452,37.576
mp-29658,69.397
mp-20697,55.766
mp-924129,73.11
mp-1565,103.516
mp-2574,50.773
mp-2858,85.963
mp-556605,94.708
mp-754403,39.788
mp-755089,77.349
mp-755759,82.002
mp-755769,45.236
mp-775909,92.442
mp-775910,98.43
mp-776404,89.526
mp-11541,98.481
mp-570684,91.366
mp-930,68.268
mp-11345,80.903
mp-1523,83.188
mp-5024,51.345
mp-22268,108.505
mp-20337,34.182
mp-542903,61.413
mp-13495,36.61
mp-13496,665.664
mp-1018102,40.853
mp-30842,80.861
mp-1017543,76.147
mp-9056,11.439
mp-30858,103.854
mp-12109,75.042
mp-2808,42.54
mp-567181,47.288
mp-669917,46.847
mp-229,110.129
mp-214,77.994
mp-10706,157.252
mp-1925,48.734
mp-7859,48.599
mp-1186,13.618
mp-9921,11.217
mp-3519,50.433
mp-8231,84.61
mp-10638,58.065
mp-569671,59.306
mp-979,49.955
mp-22036,35.872
mp-31457,45.611
mp-2931468,198.203
mp-977550,91.242
mp-2076,11.72
mp-1683,11.664
mp-893,92.826
mp-11322,93.649
mp-1515,96.722
mp-4820,97.007
mp-11736,101.928
mp-7544,101.543
mp-3938,87.404
mp-4628,26.884
mp-19917,30.223
mp-755328,53.789
mp-20935,64.039
mp-961687,55.653
mp-977568,14.39
mp-961713,63.302
mp-864947,-46.86
mp-9289,53.344
mp-1215209,221.721
mp-977545,113.467
mp-1539,55.771
mp-568865,45.969
mp-569544,57.902
mp-1018107,13.397
mp-2089,10.753
mp-605,6.693
mp-1008568,49.525
mp-30147,70.614
mp-1215178,239.732
mp-16548,30.321
mp-8677,12.148
mp-1215198,193.022
mp-258,8.879
mp-10311,72.062
mp-22302,107.666
mp-5541,61.897
mp-675,87.007
mp-570276,46.251
mp-1401,60.056
mp-864889,41.219
mp-11366,42.491
mp-1014244,80.045
mp-11533,70.469
mp-977582,59.624
